lesion_id,AKIEC,BCC,BEN_OTH,BKL,DF,INF,MAL_OTH,MEL,NV,SCCKA,VASC
IL_0006205,0.005455144215375185,0.05515952780842781,0.002007140778005123,0.0020368911791592836,0.008887032978236675,0.0032472475431859493,0.012673061341047287,0.002002500230446458,0.0010098880156874657,0.9992161989212036,0.006512859370559454
IL_0025400,0.9998273253440857,0.00021334251505322754,0.004288739059120417,0.022502141073346138,0.011416750028729439,0.006210446823388338,0.003603717777878046,0.0009747433941811323,0.009224087931215763,0.0026856025215238333,0.005340294446796179
IL_0039001,0.06998199224472046,0.05178975686430931,0.044452957808971405,0.011431706137955189,0.31375429034233093,0.008259734138846397,0.04260360077023506,0.6438038945198059,0.7662214636802673,0.00998739805072546,0.12304965406656265
IL_0046799,0.005984206218272448,0.002783724805340171,0.0036044951993972063,0.007942704483866692,0.011151840910315514,0.005724951159209013,0.01831519789993763,0.010339880362153053,0.002211572602391243,0.9999428987503052,0.04429595544934273
IL_0054262,0.05051819607615471,0.008161665871739388,0.025113312527537346,0.018871884793043137,0.11660858243703842,0.03604767099022865,0.046271778643131256,0.01706119067966938,0.9991297125816345,0.018163984641432762,0.012875511310994625
IL_0056788,0.5327070951461792,0.5162372589111328,0.00735109206289053,0.35172632336616516,0.011293146759271622,0.019458185881376266,0.014193207025527954,0.007013930473476648,0.008909669704735279,0.02272322028875351,0.017396315932273865
IL_0093956,0.025856172665953636,0.9983042478561401,0.08840394765138626,0.009502986446022987,0.029933100566267967,0.016558712348341942,0.013736177235841751,0.008673258125782013,0.0445389486849308,0.012915845029056072,0.024511143565177917
IL_0103904,0.5650284290313721,0.8460010290145874,0.006485147401690483,0.02326701395213604,0.00562327541410923,0.0023064669221639633,0.010507090948522091,0.0140644870698452,0.005890393164008856,0.02075505256652832,0.039023347198963165
IL_0118369,0.015934787690639496,0.003358924062922597,0.0072357566095888615,0.212187722325325,0.011826113797724247,0.006027997005730867,0.018204882740974426,0.022619953379034996,0.9950389266014099,0.017936745658516884,0.04862086847424507
IL_0151990,0.03412158042192459,0.019552718847990036,0.006147492211312056,0.042136989533901215,0.01290834043174982,0.007763981353491545,0.02940373122692108,0.9635508060455322,0.17526808381080627,0.0233320239931345,0.03285587579011917
IL_0171236,0.009084097109735012,0.0030203722417354584,0.010914022102952003,0.002200762275606394,0.02637057937681675,0.006939824670553207,0.028565479442477226,0.14670921862125397,0.033065542578697205,0.9887556433677673,0.05547218769788742
IL_0183960,0.018893085420131683,0.9825502038002014,0.0076611898839473724,0.012817109934985638,0.005449401214718819,0.004437262192368507,0.014360458590090275,0.013391085900366306,0.47906652092933655,0.005970417056232691,0.03520157188177109
IL_0207706,0.00036062957951799035,0.000333072297507897,0.001164438552223146,0.002429079497233033,0.0015273919561877847,0.0012599288020282984,0.010812362655997276,0.9999953508377075,5.09065757796634e-05,0.0015681172953918576,0.0006198569899424911
IL_0207891,0.01458833646029234,0.15265055000782013,0.007791049312800169,0.1819997876882553,0.048257410526275635,0.018984781578183174,0.0365486666560173,0.013091147877275944,0.008844654075801373,0.8826674222946167,0.011136764660477638
IL_0225203,0.010983818210661411,0.9749574661254883,0.005228823982179165,0.11337145417928696,0.008779549039900303,0.003695754101499915,0.02925417758524418,0.03249773010611534,0.04851004108786583,0.007386920973658562,0.042037270963191986
IL_0227635,0.25995248556137085,0.027833478525280952,0.012804651632905006,0.9185680747032166,0.029518339782953262,0.016086585819721222,0.017197318375110626,0.02859121933579445,0.018683642148971558,0.013545069843530655,0.017947139218449593
IL_0259815,0.02692398428916931,0.0038267408963292837,0.016111217439174652,0.4026799499988556,0.00676353694871068,0.008726736530661583,0.026729736477136612,0.04720398038625717,0.9556478261947632,0.005252302624285221,0.017214680090546608
IL_0260810,0.0022155072074383497,0.9999998807907104,0.0007427321397699416,0.00046357206883840263,0.0011681581381708384,0.0001550207962282002,0.027963560074567795,0.0005273155402392149,0.0004228338657412678,0.0009059626027010381,0.023189188912510872
IL_0262469,0.006568168755620718,0.003905100980773568,0.007704920135438442,0.9998961687088013,0.01030663214623928,0.012663524597883224,0.025920381769537926,0.004526177421212196,0.0012104678899049759,0.009906647726893425,0.008375216275453568
IL_0267598,0.3379056453704834,0.05804809182882309,0.021203581243753433,0.24855364859104156,0.037674680352211,0.01119434367865324,0.027840446680784225,0.4919540584087372,0.22576047480106354,0.02059120498597622,0.09642644971609116
IL_0312376,0.01669478416442871,0.9998522996902466,0.007683480158448219,0.017121076583862305,0.004519161768257618,0.0035629253834486008,0.01714196801185608,0.008488103747367859,0.013234398327767849,0.0016350852092728019,0.020054951310157776
IL_0331012,0.00656565185636282,0.999889612197876,0.0030336573254317045,0.008067476563155651,0.007244651205837727,0.0031026494689285755,0.007995343767106533,0.013086991384625435,0.010573641397058964,0.003510832553729415,0.007438508793711662
IL_0344325,0.11518299579620361,0.03389529883861542,0.17486582696437836,0.042414478957653046,0.04001457616686821,0.9861733913421631,0.05749649554491043,0.03607600927352905,0.11269275844097137,0.012971027754247189,0.0003261856618337333
IL_0403731,0.007071532309055328,0.007144666276872158,0.001239736215211451,0.016158124431967735,0.020738866180181503,0.006810079328715801,0.008351610973477364,0.005493177566677332,0.001542311511002481,0.9997100234031677,0.006505992263555527
IL_0404181,0.004748590290546417,0.9999898672103882,0.002740719122812152,0.007068850565701723,0.0038108103908598423,0.001767616136930883,0.010666697286069393,0.004308785777539015,0.001837769290432334,0.0012695875484496355,0.007347474806010723
IL_0465184,0.004174008499830961,0.9999735355377197,0.0030390338506549597,0.027619659900665283,0.003053395077586174,0.0016595489578321576,0.00878832209855318,0.004206186626106501,0.001288537634536624,0.00030417536618188024,0.00838277954608202
IL_0492696,0.01142440177500248,4.0924267523223534e-05,0.0005828131106682122,0.0008943135035224259,0.0009417569381184876,0.0005316216847859323,0.005479573272168636,0.0006515264976769686,0.9999997615814209,0.005092232022434473,0.0036258604377508163
IL_0560781,0.06041852757334709,0.0075865015387535095,0.02897725999355316,0.12752465903759003,0.32126057147979736,0.021460270509123802,0.04408707469701767,0.6081225872039795,0.06739894300699234,0.06845615804195404,0.010328849777579308
IL_0575017,0.018766935914754868,0.01658158004283905,0.009558784775435925,0.3007374107837677,0.009038579650223255,0.012089326977729797,0.02069518342614174,0.05493474006652832,0.9737254977226257,0.02619193308055401,0.015548136085271835
IL_0578791,0.003555092727765441,0.01392403244972229,0.009981237351894379,0.9397402405738831,0.015698011964559555,0.06333370506763458,0.02468952350318432,0.02975866198539734,0.22032217681407928,0.08362053334712982,0.0034461496397852898
IL_0611781,0.005241792183369398,0.9979518055915833,0.001566565129905939,0.0027908815536648035,0.0014061098918318748,0.0018168507376685739,0.007794540841132402,0.0029486066196113825,0.0033756063785403967,0.1357947587966919,0.016447898000478745
IL_0649132,0.01783677190542221,0.008523859083652496,0.03857645019888878,0.9989528656005859,0.02119523659348488,0.01629849523305893,0.024890320375561714,0.014338735491037369,0.00967275071889162,0.016083499416708946,0.03755505755543709
IL_0704269,0.006984332110732794,0.9998869895935059,0.004966275300830603,0.001338056637905538,0.011964896693825722,0.013241898268461227,0.009775212965905666,0.0014972299104556441,0.016236228868365288,0.00912872888147831,0.0015153541462495923
IL_0718371,0.004734968766570091,0.03998824581503868,0.005274836905300617,0.013489466160535812,0.013815685175359249,0.006986783351749182,0.011229361407458782,0.003481274703517556,0.0016719700070098042,0.9987987279891968,0.01437667291611433
IL_0721442,0.02765657939016819,0.005680173169821501,0.0044046505354344845,0.6464430093765259,0.013759840279817581,0.016286808997392654,0.008864004164934158,0.0017862983513623476,0.0013011234113946557,0.9339412450790405,0.005701439920812845
IL_0754056,0.28938573598861694,0.014103869907557964,0.010772237554192543,0.05652616173028946,0.019665557891130447,0.03107265941798687,0.019522717222571373,0.9048994779586792,0.0124152647331357,0.354981392621994,0.018045006319880486
IL_0808321,0.19395866990089417,0.00487566739320755,0.015202836133539677,0.04647167772054672,0.057252611964941025,0.04462822526693344,0.04024116322398186,0.09684045612812042,0.9717932939529419,0.010718291625380516,0.0065197814255952835
IL_0854378,0.01704701967537403,0.09516927599906921,0.004635449964553118,0.007136323023587465,0.009939871728420258,0.01177539024502039,0.03332104533910751,0.00647455919533968,0.018485022708773613,0.9972168207168579,0.060875099152326584
IL_0895462,0.020282620564103127,0.8783971071243286,0.04995325952768326,0.4151530861854553,0.028343109413981438,0.010023999027907848,0.015144099481403828,0.012548866681754589,0.012887801975011826,0.004168929532170296,0.02327832579612732
IL_0928130,0.013896594755351543,0.07207585126161575,0.0057040490210056305,0.004042083863168955,0.014180563390254974,0.02372046560049057,0.029785817489027977,0.9788334965705872,0.009480893611907959,0.014012740924954414,0.0053184120915830135
IL_0977585,0.012012708000838757,0.008077327162027359,0.007761809509247541,0.04203195497393608,0.010474634356796741,0.011167952790856361,0.017903849482536316,0.018625745549798012,0.008373378776013851,0.9978187084197998,0.05151878669857979
IL_0977986,0.010218015871942043,0.9999884366989136,0.005503850523382425,0.007817982695996761,0.0032128889579325914,0.0005424741539172828,0.007412203587591648,0.004803520627319813,0.0005755542661063373,0.0003740196116268635,0.022876037284731865
IL_0996202,0.03874921053647995,0.007139306515455246,0.009929665364325047,0.01946602389216423,0.013167369179427624,0.01304976362735033,0.02703009732067585,0.0690557211637497,0.9991550445556641,0.015559760853648186,0.017187030985951424
IL_1009731,0.09916085004806519,0.9976674914360046,0.0035300911404192448,0.010474106296896935,0.005078183952718973,0.0033917585387825966,0.013060527853667736,0.009927861392498016,0.009833801537752151,0.006905031390488148,0.021182294934988022
IL_1011664,0.9846735000610352,0.01246795803308487,0.04445456713438034,0.13819502294063568,0.03625629097223282,0.06464545428752899,0.011911984533071518,0.12077609449625015,0.03090772219002247,0.009997091256082058,0.020516132935881615
IL_1020124,0.45477861166000366,0.04263125732541084,0.12243837863206863,0.594696581363678,0.06562752276659012,0.0421639122068882,0.046364542096853256,0.015956560149788857,0.2578416168689728,0.055032745003700256,0.21720550954341888
IL_1024284,0.001967403804883361,0.0010946049587801099,0.0016783311730250716,0.0013659974792972207,0.0035379212349653244,0.0017591225914657116,0.015066287480294704,0.002431964036077261,0.0004083186504431069,0.9999778270721436,0.037440937012434006
IL_1024365,0.014604433439671993,0.021075492724776268,0.006803254131227732,0.9979103207588196,0.013698765076696873,0.008340029045939445,0.02030564658343792,0.007850312627851963,0.00447033392265439,0.013182851485908031,0.013399976305663586
IL_1080907,0.03654758259654045,0.16896355152130127,0.010887174867093563,0.05589737743139267,0.0969579890370369,0.03903431072831154,0.03255120664834976,0.0861368179321289,0.01901746727526188,0.9752944707870483,0.02266412414610386
IL_1159502,0.004840470850467682,0.9997126460075378,0.003882003016769886,0.009523933753371239,0.002281695604324341,0.0009324827697128057,0.01099559385329485,0.003837937954813242,0.011808428913354874,0.0009571945411153138,0.016025852411985397
IL_1183203,0.012474922463297844,0.9999693632125854,0.008622710593044758,0.004616342019289732,0.007448847871273756,0.0038884105160832405,0.009726009331643581,0.010733172297477722,0.002466330537572503,0.004909990355372429,0.011057430878281593
IL_1236220,0.002469564788043499,0.025794224813580513,0.005332440137863159,0.5584061741828918,0.0039602345786988735,0.06486772745847702,0.0137476259842515,0.0466645285487175,0.008559617213904858,0.43962833285331726,0.0016823544865474105
IL_1246958,0.12977635860443115,0.18269683420658112,0.09275294095277786,0.059418998658657074,0.7575495839118958,0.1104087308049202,0.06531137228012085,0.13217966258525848,0.16116365790367126,0.013746457174420357,0.023061180487275124
IL_1248470,0.0036492932122200727,0.029958773404359818,0.046009913086891174,0.02181580290198326,0.025706175714731216,0.02275187149643898,0.03808905929327011,0.9819678664207458,0.025346502661705017,0.012549486942589283,0.010589121840894222
IL_1266003,0.016598522663116455,0.19004537165164948,0.017144571989774704,0.004887840710580349,0.015049447305500507,0.008729809895157814,0.034448422491550446,0.9894983768463135,0.01370542123913765,0.034750375896692276,0.03697604313492775
IL_1298091,0.01546421367675066,0.9951004385948181,0.01737161912024021,0.008495728485286236,0.006639929488301277,0.003047109115868807,0.010027747601270676,0.005623531062155962,0.41536498069763184,0.0028100621420890093,0.03680714592337608
IL_1418346,0.032463788986206055,0.5755641460418701,0.010241175070405006,0.6683081984519958,0.024889444932341576,0.016480134800076485,0.0328531339764595,0.08778265118598938,0.011692696250975132,0.15621989965438843,0.05554124340415001
IL_1420891,0.005905260797590017,0.00031244955607689917,0.005289542023092508,0.002738573122769594,0.004423381760716438,0.0024293488822877407,0.010220818221569061,0.0814940556883812,0.9998342990875244,0.005088783334940672,0.012943864800035954
IL_1431089,0.010825539007782936,0.01093616709113121,0.011724404990673065,0.03375912830233574,0.026639694347977638,0.010187567211687565,0.016262846067547798,0.012185106985270977,0.015090450644493103,0.9953769445419312,0.03983769193291664
IL_1450991,0.01195178646594286,0.5998421907424927,0.004020289517939091,0.03173009306192398,0.008298756554722786,0.008374178782105446,0.026380999013781548,0.0025090337730944157,0.006761122029274702,0.8173356652259827,0.02336221933364868
IL_1497560,0.05806483328342438,0.9814111590385437,0.005940922535955906,0.045794710516929626,0.0162220299243927,0.005962620489299297,0.017458271235227585,0.018139101564884186,0.170338436961174,0.010960342362523079,0.028041362762451172
IL_1502550,0.0015436999965459108,0.9999936819076538,0.0025954192969948053,0.0011918299132958055,0.007899705320596695,0.0011264091590419412,0.006844815332442522,0.008664199151098728,0.001490616938099265,0.0006943282787688076,0.008318999782204628
IL_1515580,0.002492249943315983,0.0002679149038158357,0.011064154095947742,0.0055657243356108665,0.036796167492866516,0.011157767847180367,0.03286727890372276,0.04824840649962425,0.0014414740726351738,0.9992788434028625,0.023666277527809143
IL_1562660,0.025674624368548393,0.3356979489326477,0.029497604817152023,0.7175127267837524,0.01260320097208023,0.005943248979747295,0.0370403453707695,0.12382346391677856,0.049345724284648895,0.013143612071871758,0.12796522676944733
IL_1574123,0.006337119732052088,0.003980891313403845,0.03416008874773979,0.9937477111816406,0.024423766881227493,0.012827836908400059,0.018968753516674042,0.0650704875588417,0.042391110211610794,0.01864951103925705,0.044205617159605026
IL_1619785,0.01888645812869072,0.001014332170598209,0.0018611940322443843,0.0039344169199466705,0.004701811820268631,0.00613242806866765,0.02318851463496685,0.04958733543753624,0.9999381303787231,0.006918830331414938,0.006453120615333319
IL_1633612,0.004067979287356138,0.007202017121016979,0.002678733551874757,0.03681560605764389,0.020852170884609222,0.016490163281559944,0.008288384415209293,0.0015654811868444085,0.002423749538138509,0.9997702240943909,0.006004839204251766
IL_1641818,0.08563759922981262,0.38563916087150574,0.010027037933468819,0.03413781896233559,0.01193572673946619,0.006063587963581085,0.02122665010392666,0.9447833895683289,0.01521336194127798,0.0035849956329911947,0.030407549813389778
IL_1643221,0.3516480624675751,0.05332878604531288,0.016194984316825867,0.9432037472724915,0.028207717463374138,0.03383825719356537,0.01987745612859726,0.016449926421046257,0.01536815520375967,0.016525588929653168,0.025048770010471344
IL_1664752,0.021255940198898315,0.01956634782254696,0.005249958485364914,0.252317875623703,0.011235562153160572,0.029904861003160477,0.01516746636480093,0.006231040693819523,0.0031423878390341997,0.9794703125953674,0.015512828715145588
IL_1681515,0.10102944076061249,0.018755542114377022,0.009439249522984028,0.041986990720033646,0.025941893458366394,0.05612906441092491,0.011595000512897968,0.0021726731210947037,0.006374510005116463,0.9882280230522156,0.007406438235193491
IL_1688338,0.08544235676527023,0.9200546145439148,0.0088146161288023,0.14051583409309387,0.018965696915984154,0.012546573765575886,0.01923847384750843,0.011375810019671917,0.007521258667111397,0.056804195046424866,0.030010655522346497
IL_1706933,0.030407952144742012,0.05587611719965935,0.023765068501234055,0.011343865655362606,0.01381751149892807,0.0036140091251581907,0.0479242242872715,0.08474165201187134,0.007131368387490511,0.9550695419311523,0.3800394535064697
IL_1860067,0.007509142160415649,0.9998308420181274,0.0027779920492321253,0.08044459670782089,0.0020829311106354,0.00040339751285500824,0.008141479454934597,0.0005885852151550353,0.0006634785095229745,0.0009899612050503492,0.018988363444805145
IL_1884002,0.04967551305890083,0.9121459126472473,0.011045585386455059,0.6049715280532837,0.013211030513048172,0.007437519263476133,0.015813715755939484,0.02305539697408676,0.00495682330802083,0.006605047266930342,0.03822105750441551
IL_1897663,0.0002145253965863958,0.0005480240797623992,0.00011985145101789385,0.001074724830687046,0.0035594634246081114,0.0005674863350577652,0.0025426086504012346,0.00041291184606961906,5.142018835613271e-06,0.9999990463256836,0.0018329689046368003
IL_1901178,0.006542710121721029,0.001052777050063014,0.004470471758395433,0.9999840259552002,0.009561517275869846,0.0031266524456441402,0.01370208989828825,0.00384334335103631,0.0005238690646365285,0.004721908364444971,0.016852015629410744
IL_1935222,0.11911137402057648,0.04225453361868858,0.026221906766295433,0.965352475643158,0.015147527679800987,0.005662992596626282,0.011691637337207794,0.009540699422359467,0.005029117688536644,0.012502886354923248,0.04347405210137367
IL_1968737,0.010080109350383282,0.0035397170577198267,0.0031543828081339598,0.0010423582280054688,4.70341183245182e-06,9.99999993922529e-09,0.012461419217288494,0.0018038084963336587,0.00032949651358649135,0.0013093719026073813,0.999988317489624
IL_1976391,0.014184443280100822,0.0030895890668034554,0.006979141850024462,0.01970788650214672,0.005181548651307821,0.003205538261681795,0.013799446634948254,0.9127238988876343,0.4133817255496979,0.00714604277163744,0.010095455683767796
IL_2021485,0.018101120367646217,0.007989857345819473,0.0013061962090432644,0.007300869561731815,0.008713847026228905,0.00918947346508503,0.012638294138014317,0.003595224814489484,0.007551428396254778,0.9993817806243896,0.007661881856620312
IL_2031231,0.0016939789056777954,0.9999961853027344,0.0016031676204875112,0.003661300288513303,0.002257508924230933,0.0013948241248726845,0.008401330560445786,0.002649658592417836,0.002263423753902316,0.0008419416262768209,0.002440821845084429
IL_2042306,0.02555648609995842,0.031907785683870316,0.013928335160017014,0.022628171369433403,0.024758702144026756,0.00914634857326746,0.0315701924264431,0.02294778823852539,0.9986293315887451,0.02797357179224491,0.04352958872914314
IL_2057670,0.0011399416252970695,0.00030657698516733944,0.0032389608677476645,0.0009242230444215238,0.007888655178248882,0.001454559969715774,0.00798195879906416,0.0024230554699897766,0.0011381611693650484,0.9999840259552002,0.024203995242714882
IL_2058271,0.0061255935579538345,0.9865918755531311,0.006308683194220066,0.004193825647234917,0.0604349784553051,0.0051221419125795364,0.02855934202671051,0.03573174402117729,0.04231635853648186,0.005792585201561451,0.004639819264411926
IL_2068901,0.007349394727498293,0.004567327443510294,0.01243747677654028,0.9065718054771423,0.009735314175486565,0.006973599083721638,0.01244855672121048,0.010941258631646633,0.7474860548973083,0.0015670695574954152,0.0037203598767518997
IL_2076993,0.5013131499290466,0.9547963738441467,0.008517039008438587,0.03737637773156166,0.012858922593295574,0.006346518639475107,0.013694931752979755,0.004702845122665167,0.01177031360566616,0.015593495219945908,0.028831178322434425
IL_2078226,0.005219489336013794,0.002702494617551565,0.008916598744690418,0.0460154227912426,0.01786375790834427,0.004002262372523546,0.029758304357528687,0.10307828336954117,0.002283369190990925,0.9866456389427185,0.04315697029232979
IL_2081710,0.008432005532085896,0.01373190525919199,0.011122532188892365,0.08280854672193527,0.005655093118548393,0.007916430942714214,0.031934089958667755,0.6768804788589478,0.5327409505844116,0.007854309864342213,0.01963983103632927
IL_2085556,0.02151471935212612,0.09724600613117218,0.005622304510325193,0.023660823702812195,0.028104567900300026,0.01032413262873888,0.021855952218174934,0.012367192655801773,0.004807999823242426,0.9939485788345337,0.029817350208759308
IL_2090864,0.1197645515203476,0.9775233864784241,0.013498028740286827,0.06218960881233215,0.016286488622426987,0.004792678169906139,0.021109702065587044,0.02346787042915821,0.04029342532157898,0.0038780001923441887,0.03545655682682991
IL_2144290,0.00363531312905252,4.68275866296608e-05,8.028222509892657e-05,4.4458825868787244e-05,0.0004017299215774983,0.00010294435196556151,0.008147777989506721,1.0733735507528763e-05,1.0,0.00012278470967430621,0.005374028347432613
IL_2157015,0.07042282819747925,0.9485377669334412,0.0028076956514269114,0.323017954826355,0.011277084238827229,0.0018539628945291042,0.010105797089636326,0.003247971413657069,0.0008730568806640804,0.001592405722476542,0.00466466648504138
IL_2190574,0.0031498814933001995,0.9999547004699707,0.00104113994166255,0.0061004930175840855,0.0012965346686542034,0.0003604249213822186,0.00971970520913601,0.002547357464209199,0.0005705405492335558,0.037991706281900406,0.0469399094581604
IL_2207792,0.007255001924932003,0.007032835856080055,0.013544254004955292,0.011032757349312305,0.011267369613051414,0.008038402535021305,0.021912334486842155,0.8205372095108032,0.943193256855011,0.003252043155953288,0.016992125660181046
IL_2254004,0.8753249049186707,0.6440550684928894,0.0048872604966163635,0.03154304251074791,0.008263793773949146,0.0027483683079481125,0.008192433975636959,0.0054891654290258884,0.014465244486927986,0.004699756857007742,0.02852502465248108
IL_2274232,0.01836651749908924,0.04823519289493561,0.012983462773263454,0.9948704242706299,0.029090385884046555,0.010482828132808208,0.022590873762965202,0.043243058025836945,0.015022613108158112,0.005717432592064142,0.02081645093858242
IL_2283965,0.003170293290168047,0.07408926635980606,0.003223798703402281,0.006150552071630955,0.004332771059125662,0.002566373674198985,0.022149639204144478,0.008230281062424183,0.0005467406008392572,0.9971696734428406,0.028985735028982162
IL_2330498,0.08722418546676636,0.11022426187992096,0.006715103052556515,0.9548671245574951,0.006702967453747988,0.003911388572305441,0.01333409734070301,0.0071816095151007175,0.0023998054675757885,0.024593427777290344,0.03278185799717903
IL_2354191,0.02413027733564377,0.01260720007121563,0.016303418204188347,0.016252657398581505,0.022822150960564613,0.014234496280550957,0.03410549834370613,0.04661370813846588,0.9995254278182983,0.019168870523571968,0.01994103007018566
IL_2424578,0.01026174332946539,0.00016148280701600015,0.0008674567798152566,0.0005970585043542087,0.0024070905055850744,0.0011618619319051504,0.006446151062846184,0.0027648676186800003,0.9999988079071045,0.0014844544930383563,0.0030034088995307684
IL_2440740,0.010934191755950451,8.575603715144098e-05,0.0024308478459715843,0.0017910293536260724,0.008997397497296333,0.0034751412458717823,0.013146747834980488,0.0012461838778108358,0.9999973773956299,0.011994256637990475,0.004127745516598225
IL_2451306,0.009627326391637325,0.5360092520713806,0.060744158923625946,0.0010016689775511622,0.03460702300071716,0.06895848363637924,0.030233334749937057,0.01774832233786583,0.7908987402915955,0.00558753777295351,0.003081933595240116
IL_2508459,0.0030282640364021063,0.0018096906132996082,0.012897360138595104,0.02058911882340908,0.007222338579595089,0.006526786834001541,0.012682503089308739,0.9997115731239319,0.0002406683488516137,0.007290143519639969,0.003940241876989603
IL_2512501,0.012409547343850136,0.021046357229351997,0.010079099796712399,0.998128354549408,0.007353879977017641,0.012030628509819508,0.01575828529894352,0.017475055530667305,0.005298706702888012,0.02353360690176487,0.020839761942625046
IL_2520283,0.17256596684455872,0.013332828879356384,0.004417927470058203,0.8622880578041077,0.022647283971309662,0.02841252088546753,0.02690480649471283,0.027638696134090424,0.11215340346097946,0.012020040303468704,0.006583825219422579
IL_2532113,0.002098463475704193,0.9999858140945435,0.0012410265626385808,0.0011394014582037926,0.0032486889977008104,0.0022173812612891197,0.02099086344242096,0.0018759345402941108,0.0012083896435797215,0.0037163591478019953,0.0022659623064100742
IL_2541202,0.04660305753350258,0.09149377048015594,0.09745276719331741,0.024666912853717804,0.05574317276477814,0.8599727153778076,0.039007071405649185,0.031166542321443558,0.5505445003509521,0.11908659338951111,0.0008071036427281797
IL_2542731,0.004525790456682444,4.49267536168918e-05,0.0027923418674618006,0.0005270843394100666,0.0015002662548795342,0.0005169197684153914,0.0035378707107156515,7.713639206485823e-05,1.0,0.0010269699851050973,0.006142381578683853
IL_2564178,0.0069875940680503845,0.9979103207588196,0.0015356087824329734,0.003934487700462341,0.0011409068247303367,0.0011570481583476067,0.005049243103712797,0.001726591377519071,0.001681493828073144,0.03750411048531532,0.008905228227376938
IL_2579528,0.003980496432632208,0.00390043412335217,0.006004668772220612,0.9997588992118835,0.004576472099870443,0.003862357698380947,0.018551860004663467,0.038871098309755325,0.001020466792397201,0.007481682579964399,0.0216933973133564
IL_2580737,0.00557292066514492,0.999996542930603,0.0038522810209542513,0.004760772455483675,0.004712233319878578,0.0016761027509346604,0.007923759520053864,0.0013587316498160362,0.0024100923910737038,0.0003159133193548769,0.006021300796419382
IL_2620364,0.02833458036184311,0.07838763296604156,0.08305945992469788,0.6864026784896851,0.019056670367717743,0.07305948436260223,0.013496060855686665,0.008675206452608109,0.14764456450939178,0.004169381223618984,0.003535314928740263
IL_2631882,0.008689768612384796,0.9772886633872986,0.023330889642238617,0.06439167261123657,0.07454998791217804,0.007455221842974424,0.04357626661658287,0.10861373692750931,0.0044876220636069775,0.005084096919745207,0.00892189797013998
IL_2632245,0.015673048794269562,0.011711125262081623,0.01187042985111475,0.9912535548210144,0.031376153230667114,0.02400057204067707,0.027439892292022705,0.025333773344755173,0.02468264289200306,0.07235337048768997,0.01887528970837593
IL_2667257,0.035379838198423386,0.9922614693641663,0.01709166169166565,0.06841558963060379,0.03130263835191727,0.013760331086814404,0.04525519162416458,0.024793917313218117,0.021101608872413635,0.005127762909978628,0.030273787677288055
IL_2673683,0.1623300015926361,0.9892057180404663,0.006106463726609945,0.015462029725313187,0.008195929229259491,0.00209630373865366,0.009650020860135555,0.00490905623883009,0.0073655154556035995,0.0031549721024930477,0.01599212735891342
IL_2695389,0.0026192525401711464,0.9999971389770508,0.0032897850032895803,0.0017105555161833763,0.003001974429935217,0.0013589095324277878,0.0056457859463989735,0.0022395369596779346,0.0027745901606976986,0.00017298721650149673,0.0063846539705991745
IL_2697064,0.015023255720734596,0.006049130577594042,0.021504191681742668,0.9989956021308899,0.027260014787316322,0.010928134433925152,0.03962370380759239,0.04610353335738182,0.014249378815293312,0.00881325826048851,0.037182267755270004
IL_2701771,0.060825541615486145,0.5749922394752502,0.641558051109314,0.006825612857937813,0.027918366715312004,0.005974785424768925,0.011412478983402252,0.07858521491289139,0.01074916310608387,0.018714554607868195,0.3030816912651062
IL_2713699,0.05074530467391014,0.8937612175941467,0.017597315832972527,0.09528620541095734,0.037227388471364975,0.16261263191699982,0.038962069898843765,0.030610796064138412,0.26590579748153687,0.013652313500642776,0.007893813773989677
IL_2726821,0.07826434820890427,0.49204328656196594,0.012598775327205658,0.6078197360038757,0.02647125907242298,0.009201163426041603,0.03839830681681633,0.11571277678012848,0.02285197749733925,0.006363272666931152,0.028575386852025986
IL_2729600,0.28660571575164795,0.10677149146795273,0.008180861361324787,0.08307422697544098,0.021942123770713806,0.015286366455256939,0.01623019017279148,0.03753302991390228,0.05720599740743637,0.5454772710800171,0.0308974701911211
IL_2741580,0.514427125453949,0.944080650806427,0.01672680489718914,0.01556498184800148,0.021916668862104416,0.006808734033256769,0.02087460458278656,0.049757711589336395,0.018093887716531754,0.0027057386469095945,0.021695125848054886
IL_2778741,0.905833899974823,0.009946232661604881,0.016957014799118042,0.46184414625167847,0.05375318229198456,0.07154862582683563,0.016148759052157402,0.017123660072684288,0.031007274985313416,0.07889512181282043,0.01344522088766098
IL_2784674,0.009932455606758595,0.014920289628207684,0.0024622175842523575,0.013227103278040886,0.009366861544549465,0.00557923736050725,0.016356583684682846,0.008691789582371712,0.0007452888530679047,0.9996757507324219,0.02495369128882885
IL_2788623,0.008003856986761093,0.9995380640029907,0.0073212082497775555,0.003249456873163581,0.013825329020619392,0.00687813013792038,0.011701663956046104,0.004702521022409201,0.01434685941785574,0.034653618931770325,0.007393493317067623
IL_2824067,0.042091790586709976,0.004732068162411451,0.13700123131275177,0.031473517417907715,0.04255872592329979,0.021685145795345306,0.02683159150183201,0.14451757073402405,0.9664992094039917,0.028931083157658577,0.03505537658929825
IL_2840498,0.009536185301840305,0.9838287830352783,0.004257729277014732,0.0027675218880176544,0.00787529069930315,0.005750731565058231,0.03522373363375664,0.0034938810858875513,0.26556217670440674,0.001460202969610691,0.00969000905752182
IL_2844654,0.00837750919163227,0.005193778779357672,0.009952733293175697,0.005942869000136852,0.009667832404375076,0.014038327150046825,0.05159579962491989,0.9996254444122314,0.007194496691226959,0.012456643395125866,0.009367099963128567
IL_2849392,0.004192642867565155,0.0006317159277386963,0.007554555777460337,0.00123903329949826,0.012151268310844898,0.021345073357224464,0.021310336887836456,0.012798691168427467,0.035473644733428955,0.9998021721839905,0.010981316678225994
IL_2851462,0.017253123223781586,0.17447365820407867,0.012435544282197952,0.9610045552253723,0.007017448544502258,0.013253468088805676,0.02600720152258873,0.036527734249830246,0.002000665757805109,0.03736235573887825,0.02464262582361698
IL_2921273,0.012266161851584911,0.004082416649907827,0.007736300118267536,0.03480757027864456,0.007343254052102566,0.013514464721083641,0.02974717505276203,0.9990979433059692,0.009463900700211525,0.008669962175190449,0.009109999053180218
IL_2936438,0.02204439602792263,0.9961814880371094,0.01037148479372263,0.14789371192455292,0.00887302402406931,0.0039101592265069485,0.015544084832072258,0.017012864351272583,0.0031138623598963022,0.004131785593926907,0.03213575854897499
IL_2947403,0.18114817142486572,0.03081858530640602,0.07389488816261292,0.9655343890190125,0.029487771913409233,0.16833451390266418,0.036883413791656494,0.04001666232943535,0.040911074727773666,0.01571585237979889,0.026331448927521706
IL_2978149,0.011068745516240597,0.0002701127086766064,0.004974288400262594,0.0024352518375962973,0.005939500872045755,0.008521489799022675,0.014287023805081844,0.00383561453782022,0.9999889135360718,0.006794348359107971,0.003657886991277337
IL_2996774,0.07184246927499771,0.19377854466438293,0.018097324296832085,0.3869743347167969,0.050104886293411255,0.035782478749752045,0.03917742148041725,0.0356578528881073,0.6053359508514404,0.21080993115901947,0.04039604589343071
IL_3007459,0.003638156922534108,0.00032529313466511667,0.008897596970200539,0.3631904423236847,0.004666641820222139,0.007235229481011629,0.014825929887592793,0.001830838155001402,0.004401443991810083,0.995943009853363,0.009596064686775208
IL_3061357,0.008034958504140377,0.9997747540473938,0.001912576612085104,0.010849804617464542,0.001131522934883833,0.0027309951838105917,0.004800332710146904,0.0008892941405065358,0.0031201569363474846,0.001087530399672687,0.002652750350534916
IL_3076877,0.001170171657577157,0.9999996423721313,0.0014945761067792773,0.0026212327647954226,0.0012918728170916438,0.001102348556742072,0.0053981211967766285,0.00039221582119353116,0.0007473208243027329,0.0009034571121446788,0.002858835970982909
IL_3084993,0.1413716822862625,0.031518176198005676,0.008773189038038254,0.9606903791427612,0.025096479803323746,0.04032844677567482,0.041242364794015884,0.07973964512348175,0.02941713109612465,0.02790253981947899,0.0200666394084692
IL_3109240,0.03245094045996666,0.9139482975006104,0.005277314689010382,0.011141271330416203,0.012212710455060005,0.044582005590200424,0.05781077966094017,0.008266642689704895,0.543199360370636,0.016607562080025673,0.004080121871083975
IL_3124812,0.0044501665979623795,0.9951927661895752,0.0026796639431267977,0.014858545735478401,0.0061270021833479404,0.0021764268167316914,0.022760270163416862,0.05142596736550331,0.006340045016258955,0.012033808045089245,0.03343431279063225
IL_3127619,0.0644620805978775,0.9151819348335266,0.01483166217803955,0.10930920392274857,0.009461278095841408,0.005627823062241077,0.022058526054024696,0.1068393886089325,0.04984143003821373,0.009854466654360294,0.05091758817434311
IL_3149454,0.019431306049227715,0.98076331615448,0.010640296153724194,0.0583871454000473,0.007427480071783066,0.0035248652566224337,0.01621846854686737,0.13586543500423431,0.012516581453382969,0.007534618489444256,0.0306805819272995
IL_3153787,0.016383333131670952,0.2908770442008972,0.028542829677462578,0.11388634145259857,0.10806126147508621,0.01290321908891201,0.027003442868590355,0.18016408383846283,0.8020707964897156,0.010646181181073189,0.06982118636369705
IL_3156984,0.014128117822110653,0.009605477564036846,0.017339667305350304,0.016355110332369804,0.016552066430449486,0.01836899295449257,0.04154720902442932,0.995807409286499,0.03862639516592026,0.03548876941204071,0.019337626174092293
IL_3200972,0.004149343818426132,0.0007052973960526288,0.008846648037433624,0.007763367146253586,0.005706505384296179,0.005086195655167103,0.023931652307510376,0.027567701414227486,0.9998975992202759,0.0030992310494184494,0.023114347830414772
IL_3206011,0.011117634363472462,0.01872064545750618,0.0031113428995013237,0.0023733926936984062,0.013663235120475292,0.003292685141786933,0.01055763941258192,0.006842607632279396,0.9998942613601685,0.010604835115373135,0.006581495516002178
IL_3245297,0.01927916891872883,0.01982874982059002,0.005173630081117153,0.5485149025917053,0.017990585416555405,0.3592525124549866,0.028164029121398926,0.004474862944334745,0.0172614436596632,0.43712130188941956,0.0008121553692035377
IL_3275405,0.19573384523391724,0.027513649314641953,0.01828184351325035,0.2441437691450119,0.039386119693517685,0.042092762887477875,0.021870456635951996,0.01651718281209469,0.04674967750906944,0.8000077605247498,0.04033937677741051
IL_3278464,0.011020231992006302,0.008204872719943523,0.001781222759746015,0.027540452778339386,0.014900530688464642,0.004296055994927883,0.006738651543855667,0.0020208247005939484,0.0005067837191745639,0.9991399049758911,0.005973604042083025
IL_3286203,0.017280777916312218,0.004002952016890049,0.006744915619492531,0.060741618275642395,0.05097246170043945,0.019160306081175804,0.016885869204998016,0.004443396348506212,0.004249515477567911,0.9965503215789795,0.007835029624402523
IL_3304841,0.012724295258522034,0.0025761802680790424,0.017286261543631554,0.011753370054066181,0.01539457868784666,0.010769519954919815,0.016173960641026497,0.018471071496605873,0.0022152732126414776,0.9990724325180054,0.02693440578877926
IL_3328321,0.0014184004394337535,0.07115517556667328,0.0006068623624742031,0.05254678428173065,0.0034751214552670717,0.0011307320091873407,0.003808425273746252,0.0026582779828459024,0.0001503349922131747,0.9925973415374756,0.008155778050422668
IL_3355205,0.01363722700625658,0.01842627301812172,0.013577754609286785,0.012332487851381302,0.05212896317243576,0.020355047658085823,0.026740558445453644,0.026079049333930016,0.01303177047520876,0.9988821148872375,0.03676817938685417
IL_3383918,0.005828015506267548,0.05450782552361488,0.008200985379517078,0.004841511137783527,0.009811465628445148,0.005074612330645323,0.014754300937056541,0.7998238205909729,0.0010471446439623833,0.7884905934333801,0.007845908403396606
IL_3405674,0.004860165528953075,0.0008700622711330652,0.002471877494826913,0.01424848847091198,0.008109133690595627,0.0024675275199115276,0.012446815147995949,0.0040924809873104095,0.0005876350915059447,0.9999334812164307,0.0407809317111969
IL_3416109,0.012716786004602909,0.010817943140864372,0.023194599896669388,0.9329519867897034,0.03448079526424408,0.01275290735065937,0.04231148958206177,0.3774220645427704,0.012469048611819744,0.0629722848534584,0.029228635132312775
IL_3417042,0.006023201625794172,0.0004342093307059258,0.013755167834460735,0.99998939037323,0.017245305702090263,0.006623432040214539,0.035822488367557526,0.006910697091370821,0.001318860100582242,0.0024786971043795347,0.024970415979623795
IL_3475314,0.0063302298076450825,0.013659744523465633,0.003390965750440955,0.8060613870620728,0.016992587596178055,0.008698287419974804,0.01842578500509262,0.012116532772779465,0.0016605620039626956,0.9131143689155579,0.012220438569784164
IL_3502631,0.1439560353755951,0.9887673258781433,0.007306055631488562,0.01228216290473938,0.006162896286696196,0.002827597549185157,0.007488561794161797,0.012976089492440224,0.007757537066936493,0.043253470212221146,0.015669966116547585
IL_3512099,0.007851630449295044,0.9999761581420898,0.00417323736473918,0.017295490950345993,0.0020496665965765715,0.0007545530679635704,0.006244388874620199,0.004417017102241516,0.0001446482929168269,0.00029319527675397694,0.009899694472551346
IL_3516247,0.009660768322646618,0.9998648166656494,0.005176786798983812,0.015175397507846355,0.004775738809257746,0.0030750688165426254,0.011228619143366814,0.019721077755093575,0.0017095241928473115,0.002352518728002906,0.019486449658870697
IL_3525336,0.018575519323349,0.013852497562766075,0.01491583976894617,0.04917542636394501,0.017637960612773895,0.008001218549907207,0.019817423075437546,0.027376530691981316,0.9994159936904907,0.007609401363879442,0.03701876103878021
IL_3584159,0.16628123819828033,0.011174410581588745,0.013270208612084389,0.730235755443573,0.018834808841347694,0.030055072158575058,0.012473072856664658,0.07806432992219925,0.025224698707461357,0.03249017521739006,0.010174257680773735
IL_3592184,0.03317401558160782,0.1081828847527504,0.03481631726026535,0.06718175858259201,0.027874218299984932,0.2921667695045471,0.05132529139518738,0.17467361688613892,0.014641356654465199,0.6266531944274902,0.008204181678593159
IL_3662013,0.010482298210263252,0.9996588230133057,0.00417681597173214,0.011956911534070969,0.005831954535096884,0.0018085032934322953,0.014403874054551125,0.009646080434322357,0.0027132302056998014,0.014904732815921307,0.019840452820062637
IL_3682737,0.010439258068799973,4.1200291889254004e-05,0.0012276857160031796,0.002359892940148711,0.008139640092849731,0.0016223753336817026,0.006180585362017155,0.001064963173121214,0.9999995231628418,0.008577595464885235,0.0024872429203242064
IL_3708176,0.04951123520731926,0.04726322740316391,0.00617139833047986,0.0574810691177845,0.03094988316297531,0.05423194542527199,0.02553822286427021,0.015096665360033512,0.027972379699349403,0.9932321310043335,0.020309777930378914
IL_3731984,0.9931233525276184,0.007236966397613287,0.10778553783893585,0.02313246950507164,0.055317506194114685,0.20351657271385193,0.027039792388677597,0.04449895769357681,0.281265527009964,0.005917486269026995,0.014667229726910591
IL_3743750,0.140195831656456,0.4951779842376709,0.01337606180459261,0.3695986270904541,0.032671988010406494,0.013268818147480488,0.028764843940734863,0.01618977263569832,0.09741750359535217,0.008927932009100914,0.029021771624684334
IL_3769258,0.9693427681922913,0.011043735779821873,0.010105152614414692,0.14484825730323792,0.013100052252411842,0.008201978169381618,0.006161264143884182,0.010426940396428108,0.003500832710415125,0.006308802869170904,0.009007373824715614
IL_3770691,0.25480395555496216,0.01291542686522007,0.054521843791007996,0.005264004692435265,0.07188580930233002,0.11623623222112656,0.03462345898151398,0.22200483083724976,0.08505023270845413,0.44619885087013245,0.015652719885110855
IL_3795536,0.12317601591348648,0.07710091769695282,0.012262256816029549,0.398872971534729,0.028060920536518097,0.011222247034311295,0.026540925726294518,0.23290307819843292,0.01629285328090191,0.4314512312412262,0.05650920048356056
IL_3825170,0.0013996083289384842,0.9999983310699463,0.0012493095127865672,0.0013513427693396807,0.005041633266955614,0.0009787579765543342,0.007707420736551285,0.00242088595405221,0.0005457206862047315,0.0005135958199389279,0.00207415409386158
IL_3849919,0.0053298440761864185,0.9999955892562866,0.007856948301196098,0.007172809448093176,0.002428427804261446,0.004959432408213615,0.007543494924902916,0.002574929501861334,0.0005597378476522863,0.0007942530792206526,0.005142966751009226
IL_3863962,0.01963415928184986,0.4203023612499237,0.007551749236881733,0.01584560051560402,0.017456145957112312,0.004595987964421511,0.012380566447973251,0.008685402572154999,0.007893906906247139,0.9751817584037781,0.043089669197797775
IL_3890738,0.020363688468933105,0.03531050309538841,0.015026332810521126,0.032979946583509445,0.053745757788419724,0.0564054474234581,0.030800864100456238,0.06185070425271988,0.023184718564152718,0.9915547966957092,0.013855149038136005
IL_3916806,0.018247075378894806,0.01272114459425211,0.006627166643738747,0.9996718168258667,0.013189117424190044,0.014434346929192543,0.028365271165966988,0.007411645259708166,0.0013504107482731342,0.02448149211704731,0.017130620777606964
IL_3918658,0.001616580644622445,0.9998618364334106,0.001916429027915001,0.014197777956724167,0.0122301010414958,0.009545210748910904,0.006026423070579767,0.0024263011291623116,0.0006453573005273938,0.023369213566184044,0.0006575299194082618
IL_3925046,0.0017570932395756245,0.0009908637730404735,0.001781571307219565,0.000893221702426672,0.013171851634979248,0.005092413164675236,0.013066066429018974,0.0015396330272778869,0.0015759740490466356,0.9999815225601196,0.008773322217166424
IL_3944678,0.028073858469724655,0.040746260434389114,0.1749679148197174,0.564983606338501,0.015767760574817657,0.009621880948543549,0.007807034067809582,0.012964827008545399,0.5379468202590942,0.006597114726901054,0.04642742499709129
IL_3989231,0.021165449172258377,0.0038206593599170446,0.08452147245407104,0.1379818171262741,0.03544062003493309,0.016589302569627762,0.02165747433900833,0.0508999302983284,0.9889419078826904,0.0036429150495678186,0.008224880322813988
IL_4014940,0.010178969241678715,0.9999494552612305,0.0021762941032648087,0.017506489530205727,0.01007730234414339,0.005476430058479309,0.017403187230229378,0.0010063195368275046,0.0017077738884836435,0.0005843560793437064,0.002971244277432561
IL_4030473,0.017930220812559128,0.9999984502792358,0.001629020320251584,0.0029645771719515324,0.0014632779639214277,0.0006346221198327839,0.007823394611477852,0.0006149655673652887,0.0005769847775809467,0.0026963725686073303,0.011598651297390461
IL_4032940,0.012402402237057686,0.08269893378019333,0.007811056915670633,0.015541569329798222,0.023136181756854057,0.010728606954216957,0.024151140823960304,0.016680659726262093,0.01585620641708374,0.9922003149986267,0.020559167489409447
IL_4048093,0.44964897632598877,0.9799649715423584,0.0064984578639268875,0.019016316160559654,0.01622459478676319,0.0049597760662436485,0.009895199909806252,0.010344107635319233,0.009007892571389675,0.01505774725228548,0.012180613353848457
IL_4102420,0.003963994327932596,0.0035955868661403656,0.011528204195201397,0.005798608064651489,0.00591060658916831,0.001810771063901484,0.019738636910915375,0.047543544322252274,0.004850555676966906,0.998306393623352,0.23434200882911682
IL_4113222,0.014611585065722466,0.006938365753740072,0.013733895495533943,0.9841698408126831,0.016671042889356613,0.010748792439699173,0.023001521825790405,0.10426479578018188,0.005161329172551632,0.08156883716583252,0.03005267307162285
IL_4121028,0.049422737210989,0.8895244598388672,0.007498207502067089,0.5351577401161194,0.015124576166272163,0.009671494364738464,0.02245786413550377,0.012133205309510231,0.006625723093748093,0.008924068883061409,0.01662175916135311
IL_4137970,0.003613893873989582,0.002196358283981681,0.010228452272713184,0.9998190999031067,0.011745193041861057,0.014342873357236385,0.03589833900332451,0.008772119879722595,0.0006611651624552906,0.030761821195483208,0.010293609462678432
IL_4183780,0.0014443685067817569,0.9999980926513672,0.00315518188290298,0.0008636559941805899,0.007838751189410686,0.003767340909689665,0.014246197417378426,0.0013547821436077356,0.0006793833454139531,0.0002078379038721323,0.0006426172330975533
IL_4205103,0.01247655600309372,0.9982012510299683,0.007316704373806715,0.007125418167561293,0.0049928659573197365,0.009557927958667278,0.018513329327106476,0.002992635127156973,0.166100412607193,0.002813521074131131,0.008222810924053192
IL_4212360,0.30924415588378906,0.9608024954795837,0.007956000976264477,0.016366038471460342,0.010072884149849415,0.004628841765224934,0.016326621174812317,0.013953992165625095,0.0133312176913023,0.007783772423863411,0.023592714220285416
IL_4217178,0.03746432811021805,0.9971311092376709,0.0031921067275106907,0.10779163241386414,0.012805772945284843,0.002107346896082163,0.021289750933647156,0.006598608568310738,0.010262773372232914,0.0038544258568435907,0.0242975614964962
IL_4273134,0.07097659260034561,0.9798315167427063,0.02153908647596836,0.021008577197790146,0.013096416369080544,0.007065558340400457,0.026488328352570534,0.20975957810878754,0.009480088017880917,0.036038368940353394,0.05058131366968155
IL_4304678,0.010498479008674622,0.1419840008020401,0.0021622981876134872,0.016844289377331734,0.007173424120992422,0.01209995150566101,0.008337938226759434,0.0036027315072715282,0.0017553754150867462,0.9899683594703674,0.0036105045583099127
IL_4365221,0.010163908824324608,0.999996542930603,0.0016796562122181058,0.011843785643577576,0.002185106510296464,0.00041167889139615,0.0059737288393080235,0.0012252026936039329,0.00020349197438918054,0.0013985384721308947,0.010533582419157028
IL_4377002,0.07557214796543121,0.10490023344755173,0.013622027821838856,0.08416913449764252,0.02048744447529316,0.017432313412427902,0.02093350701034069,0.044601112604141235,0.00856349803507328,0.8223350644111633,0.04574111849069595
IL_4378654,0.0022208886221051216,0.9999998807907104,0.0014038359513506293,0.0040216813795268536,0.0024622338823974133,0.001241445541381836,0.0072085256688296795,0.0017908087465912104,0.0003245552652515471,0.0011670569656416774,0.006450891960412264
IL_4383984,0.03353986144065857,0.9993883371353149,0.00728411041200161,0.008641784079372883,0.0041234237141907215,0.005624363198876381,0.006162914447486401,0.0014390929136425257,0.01240576058626175,0.006038439925760031,0.006838030647486448
IL_4392618,0.024200834333896637,0.8418093323707581,0.009163009002804756,0.027897115796804428,0.008817432448267937,0.008568872697651386,0.013098598457872868,0.011551477015018463,0.013814491219818592,0.7261365652084351,0.02863922528922558
IL_4393410,0.02629360742866993,0.982705295085907,0.010432285256683826,0.024663198739290237,0.013590062037110329,0.020159946754574776,0.024705544114112854,0.026540443301200867,0.010005065239965916,0.17754800617694855,0.045674413442611694
IL_4404293,0.029230225831270218,0.019058113917708397,0.0052204676903784275,0.008001566864550114,0.015088810585439205,0.15153633058071136,0.02141374722123146,0.0032065759878605604,0.009624062106013298,0.9910928606987,0.0020546361338347197
IL_4407167,0.0012605872470885515,5.9007426898460835e-05,0.000991204520687461,0.05456380546092987,0.004716990049928427,0.001822156016714871,0.014420922845602036,0.0010373435216024518,0.0003603063814807683,0.9998396635055542,0.011657294817268848
IL_4418818,0.010452378541231155,0.9998019337654114,0.007068067789077759,0.029594920575618744,0.011122400872409344,0.0011476289946585894,0.009758555330336094,0.0027287080883979797,0.002455654786899686,0.0007450584671460092,0.019139032810926437
IL_4429583,0.01918027549982071,0.0007041636854410172,0.017917051911354065,0.018795806914567947,0.01641947403550148,0.004442884121090174,0.013122321106493473,0.5770083069801331,0.975517988204956,0.0035403561778366566,0.007661132141947746
IL_4447995,0.027719197794795036,0.6879832744598389,0.003982928115874529,0.02185855247080326,0.004345873836427927,0.00284637906588614,0.025800805538892746,0.027705000713467598,0.06387778371572495,0.48178359866142273,0.12947309017181396
IL_4474915,0.009926961734890938,0.004035330377519131,0.0027018531691282988,0.012263561598956585,0.013368932530283928,0.01509289350360632,0.021592872217297554,0.003096301108598709,0.0022264481522142887,0.999923586845398,0.018197810277342796
IL_4556052,0.0007673063082620502,0.0011862890096381307,0.0009425742900930345,0.0013677418464794755,0.008866807445883751,0.004296547267585993,0.016956526786088943,0.003574567614123225,0.0001874096051324159,0.9999892711639404,0.004701811820268631
IL_4629710,0.0036797060165554285,0.9995162487030029,0.0033546118065714836,0.07940167933702469,0.004690208937972784,0.00393441878259182,0.016520768404006958,0.007205573841929436,0.004368945956230164,0.003045297460630536,0.008480686694383621
IL_4631015,0.0024500973522663116,0.006776721682399511,0.007654685061424971,0.9966464638710022,0.012325351126492023,0.005449535325169563,0.020420467481017113,0.31430625915527344,0.00271491426974535,0.004160392563790083,0.010792592540383339
IL_4632594,0.008721902966499329,0.0010371813550591469,0.00209617312066257,0.004624574910849333,0.003008749568834901,0.006955698598176241,0.024452978745102882,0.014393520541489124,0.9999792575836182,0.00780556770041585,0.005901701282709837
IL_4640947,0.016706904396414757,0.14001218974590302,0.031374674290418625,0.01830900087952614,0.026795832440257072,0.034164879471063614,0.03413483127951622,0.031053144484758377,0.016620293259620667,0.9924706220626831,0.05144738778471947
IL_4652828,0.030652007088065147,0.9800482988357544,0.007948530837893486,0.15761563181877136,0.028933392837643623,0.005367642268538475,0.02180316299200058,0.018635479733347893,0.027504296973347664,0.07185784727334976,0.03423348441720009
IL_4673376,0.012780926190316677,0.03679189085960388,0.011944642290472984,0.014499763026833534,0.015096602961421013,0.009248212911188602,0.027245642617344856,0.9800595641136169,0.6722173094749451,0.02243507094681263,0.039052657783031464
IL_4698973,0.0050363619811832905,0.9999444484710693,0.0019055558368563652,0.026237299665808678,0.0017672090325504541,0.00044959946535527706,0.005949309095740318,0.0009396462119184434,0.000275988393696025,0.0016629091696813703,0.014961913228034973
IL_4703518,0.004580938257277012,0.9999656677246094,0.010151941329240799,0.012581625021994114,0.007878271862864494,0.02286565490067005,0.021256500855088234,0.003690516809001565,0.0026605986058712006,0.0007600507233291864,0.0025873181875795126
IL_4708155,0.24860553443431854,0.405187726020813,0.0358581617474556,0.10058357566595078,0.04062517732381821,0.008125784806907177,0.017999228090047836,0.06727644056081772,0.6818278431892395,0.020782681182026863,0.1530470997095108
IL_4733323,0.022561002522706985,0.2361878752708435,0.0083513418212533,0.07563601434230804,0.05016838759183884,0.010758689604699612,0.03488955646753311,0.022285718470811844,0.02634868584573269,0.9426828026771545,0.03793566673994064
IL_4738780,0.01571507193148136,0.9999874830245972,0.008112316951155663,0.0014213192043825984,0.003953125327825546,0.002553483471274376,0.008271453902125359,0.0010017940076068044,0.0008066107402555645,0.00023533431522082537,0.0035273830872029066
IL_4747648,0.0165002029389143,0.9986103773117065,0.004486043471843004,0.05111192539334297,0.009950054809451103,0.005182185210287571,0.011617893353104591,0.007815996184945107,0.003540672594681382,0.010732590220868587,0.013531441800296307
IL_4761308,0.10004249215126038,0.1960369199514389,0.02194106951355934,0.9183043241500854,0.02103954553604126,0.02680611051619053,0.02077925205230713,0.018247229978442192,0.024196861311793327,0.015664074569940567,0.020281599834561348
IL_4787245,0.001651034690439701,0.05824890360236168,0.0010924761882051826,0.0019061446655541658,0.0063933804631233215,0.002168860752135515,0.012080548331141472,0.0030496639665216208,0.0007843830389901996,0.9989699125289917,0.009722643531858921
IL_4796202,0.013226978480815887,0.9999667406082153,0.0019775107502937317,0.012232186272740364,0.0053262170404195786,0.0008120841230265796,0.009158157743513584,0.003991423174738884,0.00559427123516798,0.0009245185647159815,0.01815655827522278
IL_4805993,0.004778609145432711,0.9999996423721313,0.002726471982896328,0.0022668400779366493,0.005946326069533825,0.0038846314419060946,0.01295959111303091,0.008218045346438885,0.001192884985357523,0.0006653975578956306,0.004721418023109436
IL_4840188,0.0011834579054266214,0.9999998807907104,0.0007653506472706795,0.000417550589190796,0.0010126747656613588,0.0007118280627764761,0.009161900728940964,0.0038696411065757275,0.0004967736313119531,0.0009085139026865363,0.004321865737438202
IL_4848599,0.003197275334969163,0.9998196959495544,0.0023572025820612907,0.011708078905940056,0.05306629464030266,0.0028747126925736666,0.014327012933790684,0.0011740050977095962,0.0038645179010927677,0.0017076218500733376,0.0015005992026999593
IL_4848977,0.09330803900957108,0.9964039325714111,0.004007650539278984,0.008445706218481064,0.005598657764494419,0.001573642366565764,0.011794065125286579,0.0030137640424072742,0.030046986415982246,0.002451125532388687,0.019509417936205864
IL_4907451,0.746454656124115,0.009214718826115131,0.01211543194949627,0.05770743265748024,0.05580959469079971,0.032052282243967056,0.014787121675908566,0.005727934651076794,0.017508728429675102,0.8715331554412842,0.019817227497696877
IL_4912944,0.0016999859362840652,0.0014088093303143978,0.01723809912800789,0.0056669567711651325,0.015246888622641563,0.024275267496705055,0.01610138639807701,0.01126400288194418,0.023205028846859932,0.9989435076713562,0.012547461315989494
IL_4926820,0.02598915807902813,0.00754162110388279,0.015314405784010887,0.03730788826942444,0.013233029283583164,0.02538241073489189,0.02934635803103447,0.019473394379019737,0.9996098875999451,0.014586573466658592,0.013838214799761772
IL_4928787,0.0025816503912210464,0.9999997615814209,0.0006221439689397812,0.001830525347031653,0.017836254090070724,0.0013428061502054334,0.007533806376159191,0.0005743418005295098,0.00013735149696003646,0.00015778672241140157,0.0004985689301975071
IL_4936385,0.0016813618130981922,0.00549496803432703,0.0069029065780341625,0.9995735287666321,0.006164173595607281,0.004724593833088875,0.01621067337691784,0.008309520781040192,0.0005820645019412041,0.018620355054736137,0.007551947142928839
IL_4942231,0.0075144777074456215,0.0005985322059132159,0.0046893698163330555,0.9999701976776123,0.014211692847311497,0.0037221575621515512,0.025024032220244408,0.010106932371854782,0.0008190696244128048,0.017717532813549042,0.03604168817400932
IL_4953244,0.00770531315356493,0.9790432453155518,0.016485894098877907,0.0063417996279895306,0.0037666303105652332,0.0029134023934602737,0.008918296545743942,0.4828311502933502,0.00048564927419647574,0.014578070491552353,0.017097966745495796
IL_4955020,0.19418473541736603,0.013204176910221577,0.006239685695618391,0.78251051902771,0.039676323533058167,0.011203241534531116,0.012371153570711613,0.010831790044903755,0.005770397372543812,0.38456088304519653,0.024878088384866714
IL_4964046,0.012659983709454536,0.007340108975768089,0.004863497335463762,0.044572360813617706,0.012743568979203701,0.009458199143409729,0.01486954279243946,0.014686346054077148,0.0018065503099933267,0.9975636005401611,0.020150506868958473
IL_4983934,0.022611841559410095,0.2072409838438034,0.004623705521225929,0.04561898484826088,0.015862636268138885,0.03667140379548073,0.016430050134658813,0.006900658365339041,0.02102331817150116,0.9911278486251831,0.016507215797901154
IL_4994761,0.03975925222039223,0.012887838296592236,0.010468404740095139,0.041083209216594696,0.011778763495385647,0.006050607189536095,0.01370789110660553,0.9982821941375732,0.004424041137099266,0.00855092890560627,0.022969525307416916
IL_5016487,0.0018624734366312623,0.0007145801209844649,0.009215245023369789,0.0021846406161785126,0.0055068498477339745,0.005585500504821539,0.004979268182069063,0.00713037233799696,0.00014526974700856954,0.99953293800354,0.001828698324970901
IL_5018680,0.006936923135071993,0.027050120756030083,0.022213919088244438,0.012184291146695614,0.010603489354252815,0.00998875591903925,0.017340846359729767,0.021160945296287537,0.005836885888129473,0.9988829493522644,0.06589893996715546
IL_5117306,0.003083762712776661,0.999996542930603,0.006819315254688263,0.0010046388488262892,0.003292860696092248,0.0036587161011993885,0.009534860961139202,0.0035574156790971756,0.00444478215649724,0.0005054536741226912,0.004497466143220663
IL_5136565,0.005678694695234299,0.0036660260520875454,0.0010979985818266869,0.06381085515022278,0.01683053933084011,0.002239481545984745,0.011157936416566372,0.0043043592013418674,0.00038764681085012853,0.9993147850036621,0.011264894157648087
IL_5150961,0.005086560267955065,0.9895523190498352,0.0037057208828628063,0.00495781609788537,0.008950215764343739,0.004328254144638777,0.02465168386697769,0.007718117441982031,0.003718998981639743,0.2975909113883972,0.008325512520968914
IL_5152620,0.010249976068735123,0.0012247990816831589,0.007379700895398855,0.009597438387572765,0.025454772636294365,0.009311292320489883,0.015386559069156647,0.5038818120956421,0.0022840709425508976,0.975171685218811,0.02168673276901245
IL_5171099,0.001371213118545711,0.9999995231628418,0.00257079117000103,0.001538278185762465,0.0019577157218009233,0.0031757892575114965,0.008367747068405151,0.0040810187347233295,0.0019866961520165205,0.001509463763795793,0.0055686128325760365
IL_5172506,0.01143200695514679,0.053345173597335815,0.012494022026658058,0.026065412908792496,0.011154044419527054,0.013682402670383453,0.04397472366690636,0.04876052588224411,0.9959325194358826,0.01107945665717125,0.011631852947175503
IL_5188190,0.01983821578323841,0.9930664300918579,0.004428422078490257,0.014377327635884285,0.009385019540786743,0.0034475568681955338,0.01622266136109829,0.022910021245479584,0.056142643094062805,0.11328618228435516,0.050131842494010925
IL_5192693,0.013518583960831165,0.014167689718306065,0.005806125700473785,0.013679757714271545,0.008518662303686142,0.010370299220085144,0.01929336041212082,0.055171165615320206,0.003315235488116741,0.9987736344337463,0.03990350663661957
IL_5195971,0.0025019191671162844,0.9999995231628418,0.00042232725536450744,0.00849454291164875,0.0020089256577193737,0.0005974142695777118,0.005406394600868225,0.0010351543314754963,0.0002479885588400066,0.0006000309367664158,0.002881500171497464
IL_5199215,0.002670970279723406,0.0011828397400677204,0.0015535738784819841,0.002829261589795351,0.0021343668922781944,0.0015658753691241145,0.011907440610229969,0.9998577833175659,0.0017069913446903229,0.008084964007139206,0.005380942486226559
IL_5202722,0.031272415071725845,0.15023475885391235,0.01483727153390646,0.9792931079864502,0.01141712348908186,0.011268293485045433,0.019840776920318604,0.005679459311068058,0.010241514071822166,0.008659694343805313,0.016285303980112076
IL_5227274,0.05193838104605675,0.10878216475248337,0.031048007309436798,0.739441990852356,0.36041682958602905,0.008587218821048737,0.024850867688655853,0.05121803656220436,0.012627820484340191,0.022053981199860573,0.021773142740130424
IL_5227787,0.047965604811906815,0.7439350485801697,0.004095070529729128,0.01859602890908718,0.019336078315973282,0.007254926487803459,0.018067143857479095,0.006549045909196138,0.006634548306465149,0.905574381351471,0.030517524108290672
IL_5242598,0.02818904258310795,0.9623116254806519,0.006575994659215212,0.020075146108865738,0.007554238196462393,0.006803628522902727,0.009736144915223122,0.0415961928665638,0.0058743031695485115,0.17497044801712036,0.018008889630436897
IL_5308378,0.0383153073489666,0.17786835134029388,0.021468816325068474,0.05565207451581955,0.02943527139723301,0.0942281112074852,0.037493910640478134,0.224081352353096,0.747183620929718,0.08615118265151978,0.006784637924283743
IL_5330356,0.09301909804344177,0.1522185206413269,0.009190627373754978,0.5604989528656006,0.024355432018637657,0.024647340178489685,0.02434307523071766,0.14403273165225983,0.006555790081620216,0.3994419574737549,0.024684375151991844
IL_5334240,0.041529618203639984,0.32585906982421875,0.2119322419166565,0.007300924975425005,0.32465511560440063,0.05655498802661896,0.08218234777450562,0.08326804637908936,0.062235843390226364,0.011842373758554459,0.018510863184928894
IL_5360549,0.7489621043205261,0.0038631176576018333,0.005542251281440258,0.030792180448770523,0.018504463136196136,0.012549475766718388,0.018439307808876038,0.007622476201504469,0.004201158415526152,0.9189937710762024,0.020252438262104988
IL_5383665,0.4556487202644348,0.6089538335800171,0.013635431416332722,0.09640223532915115,0.022874625399708748,0.009301229380071163,0.008606409654021263,0.005672599654644728,0.006085352972149849,0.08708135783672333,0.019062237814068794
IL_5417792,0.053077273070812225,0.015505809336900711,0.01655382104218006,0.01028033159673214,0.01847115345299244,0.09158200025558472,0.052453331649303436,0.8672487139701843,0.8345255851745605,0.020399976521730423,0.01293107122182846
IL_5419157,0.05619833245873451,0.9902172684669495,0.00649716192856431,0.02811993844807148,0.012349691241979599,0.00230158562771976,0.01920473203063011,0.011762562207877636,0.08751381188631058,0.0037718049716204405,0.028601130470633507
IL_5461503,0.012181009165942669,0.8154195547103882,0.008320395834743977,0.019519079476594925,0.017687354236841202,0.017812589183449745,0.060491520911455154,0.01280658133327961,0.02768918126821518,0.43573081493377686,0.028530124574899673
IL_5484022,0.010175607167184353,0.008929088711738586,0.009630423039197922,0.012784186750650406,0.025122536346316338,0.014545336365699768,0.017928054556250572,0.011338331736624241,0.012414159253239632,0.9993206262588501,0.02195161208510399
IL_5489843,0.00491695012897253,0.9998419284820557,0.001496307784691453,0.024601494893431664,0.0032272145617753267,0.0013186841970309615,0.009020991623401642,0.006201853044331074,0.00030569350928999484,0.007002296857535839,0.007750874385237694
IL_5493219,0.013873573392629623,0.00399048114195466,0.003736749291419983,0.04657908156514168,0.020524246618151665,0.010132476687431335,0.008667131885886192,0.0018815079238265753,0.03385264053940773,0.9971574544906616,0.007615640759468079
IL_5512024,0.03362685441970825,0.9947935938835144,0.003925194498151541,0.07407590001821518,0.017238931730389595,0.015133648179471493,0.017286626622080803,0.015222580172121525,0.041141193360090256,0.020536409690976143,0.012158499099314213
IL_5545711,0.0009668523562140763,6.049064904800616e-05,0.023209769278764725,0.9999681711196899,0.0141146807000041,0.0018547578947618604,0.010744824074208736,0.001440644497051835,0.0006657406920567155,0.00579347787424922,0.009666659869253635
IL_5552679,0.0001240107958437875,1.0840402865142096e-05,5.707443779101595e-05,0.001530779292806983,0.0005524705047719181,0.94608473777771,0.007411298342049122,4.7627567255403847e-05,6.012448648107238e-05,0.9975718855857849,2.710750948153873e-07
IL_5562172,0.0023469363804906607,0.9999977350234985,0.0011123667936772108,0.007385603152215481,0.001271747867576778,0.0005869936430826783,0.006989989895373583,0.0004263169539626688,0.0014692113036289811,0.0013645457802340388,0.005452609155327082
IL_5584877,0.9609670639038086,0.09943854808807373,0.04671353101730347,0.023031897842884064,0.0898628905415535,0.012919871136546135,0.009132849052548409,0.02604294940829277,0.05107962712645531,0.0017134991940110922,0.019780568778514862
IL_5603161,0.010309653356671333,0.05929239094257355,0.015714524313807487,0.9905879497528076,0.014336895197629929,0.009231267496943474,0.033310819417238235,0.012429613620042801,0.023339375853538513,0.008864481933414936,0.028178885579109192
IL_5609972,0.07822725921869278,0.2034730315208435,0.06343942880630493,0.1335911750793457,0.026311855763196945,0.03745473176240921,0.03834515064954758,0.5464057922363281,0.015720020979642868,0.4855600893497467,0.04625212028622627
IL_5632066,0.017166119068861008,0.002675445284694433,0.01044359803199768,0.0019429714884608984,0.00657110009342432,0.002151504857465625,0.02762148343026638,0.0038632643409073353,0.9997180104255676,0.01406926941126585,0.17833013832569122
IL_5671982,0.40570056438446045,0.01791028119623661,0.008689936250448227,0.9851928949356079,0.019324831664562225,0.009014620445668697,0.014657787047326565,0.008979816921055317,0.01312162820249796,0.013088266365230083,0.026695650070905685
IL_5695938,0.015314874239265919,0.998382568359375,0.043225426226854324,0.0034137845505028963,0.04975201562047005,0.017284967005252838,0.04389845207333565,0.006920295301824808,0.004868881776928902,0.0013637441443279386,0.0028173071332275867
IL_5698172,0.14006462693214417,0.009929651394486427,0.007715298794209957,0.06938404589891434,0.019003426656126976,0.012982032261788845,0.0354888029396534,0.975494384765625,0.003382384078577161,0.048140089958906174,0.04026969149708748
IL_5712655,0.013331887312233448,0.997205913066864,0.003888377221301198,0.13441500067710876,0.007003410719335079,0.0012641936773434281,0.009195487014949322,0.004186223726719618,0.0032403774093836546,0.0018157078884541988,0.01313166692852974
IL_5746899,0.024496261030435562,0.17284086346626282,0.006754288915544748,0.04782409220933914,0.020441735163331032,0.007083183620125055,0.024223987013101578,0.35427162051200867,0.007995964027941227,0.86525559425354,0.039757903665304184
IL_5770284,0.024910040199756622,0.0005447584553621709,0.019257372245192528,0.03154516965150833,0.010358424857258797,0.007174130063503981,0.00921513233333826,0.0063137393444776535,0.9997428059577942,0.00497810821980238,0.008552764542400837
IL_5841112,0.02595536783337593,0.9755560159683228,0.0060621402226388454,0.02013755962252617,0.006441644858568907,0.004950650967657566,0.01877107284963131,0.02731281705200672,0.33841222524642944,0.0052185337990522385,0.07126496732234955
IL_5873278,0.008922643028199673,0.9997313618659973,0.1371408849954605,0.006587927229702473,0.007041299249976873,0.003365919692441821,0.0065137422643601894,0.005932472180575132,0.003431969555094838,0.0006468651117756963,0.015504798851907253
IL_5886154,0.9311822056770325,0.0013664717553183436,0.007733514532446861,0.027721036225557327,0.011602035723626614,0.002117811469361186,0.01074183825403452,0.5441538095474243,0.019431550055742264,0.01293034665286541,0.0482911616563797
IL_5891440,0.012965979985892773,0.13038364052772522,0.004813606850802898,0.011052087880671024,0.00660194456577301,0.009536005556583405,0.022686675190925598,0.06658490002155304,0.07197047770023346,0.8664090633392334,0.03310983628034592
IL_5907718,0.2835969626903534,0.005078680347651243,0.0032620991114526987,0.0814678892493248,0.02462637983262539,0.024799728766083717,0.008916513994336128,0.00276192813180387,0.0038803238421678543,0.9390564560890198,0.004846933763474226
IL_5913331,0.001284188125282526,1.0,0.0013909838162362576,0.0005309536936692894,0.0013076737523078918,0.0006038483697921038,0.004378576762974262,0.0010984259424731135,0.0002785701071843505,0.00039259830373339355,0.002685976680368185
IL_5917748,0.021470915526151657,0.07789536565542221,0.024450544267892838,0.9868578910827637,0.019437074661254883,0.011187463998794556,0.03334470093250275,0.006002232898026705,0.0316409207880497,0.009513041004538536,0.02870822697877884
IL_5924119,0.013295558281242847,0.030393783003091812,0.008004780858755112,0.032346487045288086,0.03440658003091812,0.006389888934791088,0.029121600091457367,0.38715052604675293,0.9704959392547607,0.015564232133328915,0.02086382731795311
IL_5926691,0.03487441688776016,0.015498277731239796,0.011188170872628689,0.018607649952173233,0.008780661039054394,0.010601168498396873,0.028374094516038895,0.16982108354568481,0.9953180551528931,0.014719412662088871,0.025173423811793327
IL_5932158,0.01115038339048624,0.0005538983386941254,0.007625867146998644,0.006259654648602009,0.023943401873111725,0.014520497061312199,0.030350368469953537,0.007302549667656422,0.004924597218632698,0.9998899698257446,0.04279715567827225
IL_5978307,0.01258886605501175,0.0019264514558017254,0.004408645909279585,0.010493576526641846,0.01677057519555092,0.003920970018953085,0.01989545114338398,0.02481963112950325,0.9998657703399658,0.008415229618549347,0.021514493972063065
IL_6000978,0.03710244968533516,0.14092163741588593,0.007746328599750996,0.9566794037818909,0.01856314018368721,0.013648134656250477,0.025847887620329857,0.005541281308978796,0.009809094481170177,0.14372150599956512,0.03143813833594322
IL_6012528,0.00545878242701292,0.0010714071104303002,0.0018507287604734302,0.022650184109807014,0.019359854981303215,0.005011534783989191,0.01625634729862213,0.009128143079578876,0.007212232798337936,0.999859094619751,0.03902873769402504
IL_6031916,0.017073854804039,0.9395610690116882,0.013202261179685593,0.04114391282200813,0.025367658585309982,0.058064211159944534,0.025111118331551552,0.3517390489578247,0.005049954168498516,0.06662003695964813,0.011800180189311504
IL_6046824,0.010846816934645176,0.9985632300376892,0.003313502762466669,0.017171373590826988,0.0031141689978539944,0.0011033057235181332,0.01498977467417717,0.009140921756625175,0.018172048032283783,0.003046483499929309,0.01654922589659691
IL_6051806,0.001078616944141686,0.9808093309402466,0.002651772927492857,0.00262534455396235,0.0011579726124182343,0.0018381315749138594,0.01632802188396454,0.026371797546744347,0.116224005818367,0.00704840337857604,0.005384871270507574
IL_6066131,0.07996899634599686,0.9679875373840332,0.008480469696223736,0.0846133679151535,0.00339024537242949,0.0034601117949932814,0.00844277162104845,0.003907613921910524,0.0036227009259164333,0.0061817895621061325,0.009952450171113014
IL_6070882,0.28664618730545044,0.5699772238731384,0.014479580335319042,0.10900400578975677,0.020564276725053787,0.024601539596915245,0.029692159965634346,0.03585977479815483,0.041320525109767914,0.34979769587516785,0.03898267820477486
IL_6075447,0.018061744049191475,0.9852939248085022,0.0051846979185938835,0.016763532534241676,0.00876233633607626,0.006699295714497566,0.03278294950723648,0.01747751235961914,0.006473265588283539,0.26378899812698364,0.02670006826519966
IL_6099493,0.005830571986734867,0.9999868869781494,0.0013867761008441448,0.005067560821771622,0.0051486860029399395,0.000956379109993577,0.026021789759397507,0.0032207020558416843,0.008777585811913013,0.0006241959636099637,0.012065551243722439
IL_6099858,0.10095256567001343,0.9990473389625549,0.012322105467319489,0.02298504114151001,0.010685950517654419,0.021750519052147865,0.023269079625606537,0.01561569795012474,0.03544636443257332,0.0026074042543768883,0.01518079824745655
IL_6129083,0.020457781851291656,0.035980384796857834,0.011809753254055977,0.8945690989494324,0.015134282410144806,0.006645307410508394,0.012966986745595932,0.005515330471098423,0.20346148312091827,0.05427377298474312,0.03508355841040611
IL_6163594,0.9361161589622498,0.040212828665971756,0.006942075677216053,0.2300879955291748,0.04320751503109932,0.006980308331549168,0.010251413099467754,0.015026253648102283,0.012037373147904873,0.006769693456590176,0.012779613956809044
IL_6164735,0.04758278280496597,0.774855375289917,0.009071148000657558,0.7235783934593201,0.007516683544963598,0.014989282935857773,0.03048454411327839,0.012253083288669586,0.012136737816035748,0.04328927770256996,0.037311144173145294
IL_6191818,0.34957411885261536,0.00882919691503048,0.007427244447171688,0.11841251701116562,0.02241065353155136,0.017666056752204895,0.015424610115587711,0.010508994571864605,0.0037142958026379347,0.9773953557014465,0.02758628875017166
IL_6197538,0.038683414459228516,0.4809800088405609,0.013222684152424335,0.026785997673869133,0.05900982394814491,0.03884463757276535,0.03923504427075386,0.3269635736942291,0.03719189763069153,0.7839810848236084,0.031408559530973434
IL_6214063,0.10868199169635773,0.8612594604492188,0.008435861207544804,0.3189108967781067,0.010978391394019127,0.006653026677668095,0.023996219038963318,0.01099570281803608,0.005617351271212101,0.03861483186483383,0.027526473626494408
IL_6247837,0.03312428668141365,0.9635618925094604,0.0289264228194952,0.013284184038639069,0.04845750704407692,0.12651327252388,0.010193830356001854,0.031221143901348114,0.0053962040692567825,0.06741846352815628,0.001774592325091362
IL_6254530,0.0012879505520686507,0.0008875402272678912,0.009133664891123772,0.004081958904862404,0.014628798700869083,0.0033281692303717136,0.031733155250549316,0.9999682903289795,0.002311477903276682,0.002058903221040964,0.0066773234866559505
IL_6298296,0.045316435396671295,0.06043902412056923,0.24668873846530914,0.41916531324386597,0.02455698698759079,0.005286863073706627,0.024060387164354324,0.02908208966255188,0.2538749873638153,0.009315691888332367,0.4328654110431671
IL_6311333,0.0804903581738472,0.9435861110687256,0.03689287602901459,0.026780476793646812,0.031325601041316986,0.01681753247976303,0.0398329496383667,0.18357786536216736,0.06806652992963791,0.02554035186767578,0.07378688454627991
IL_6364048,0.015191152691841125,0.3198947012424469,0.01060529612004757,0.018806520849466324,0.009208268485963345,0.005803855136036873,0.04912087693810463,0.9694467186927795,0.048202358186244965,0.01311741303652525,0.17726373672485352
IL_6375582,0.0014192665694281459,0.9999998807907104,0.0017208149656653404,0.003051150357350707,0.0033266146201640368,0.0007232311763800681,0.008613886311650276,0.005391559097915888,0.00012456650438252836,0.00029587725293822587,0.004942450672388077
IL_6379178,0.04113737866282463,0.7034468650817871,0.0068271872587502,0.110664963722229,0.014237120747566223,0.017183342948555946,0.025187131017446518,0.0196482315659523,0.021148376166820526,0.2594853639602661,0.01875426433980465
IL_6379354,0.9964727759361267,0.00215846486389637,0.004639372229576111,0.041139353066682816,0.013174907304346561,0.006539237219840288,0.004283114802092314,0.006114444695413113,0.009948411025106907,0.015908796340227127,0.014850376173853874
IL_6430602,0.008793884888291359,0.9895657300949097,0.018412554636597633,0.030417636036872864,0.023298293352127075,0.015173586085438728,0.01638496294617653,0.015492415055632591,0.012444654479622841,0.14221014082431793,0.014436761848628521
IL_6444875,0.014037190936505795,0.4876863956451416,0.010717862285673618,0.08374234288930893,0.04692399874329567,0.012996637262403965,0.02780410274863243,0.9155787229537964,0.007983144372701645,0.005776518024504185,0.010929623618721962
IL_6483133,0.009073518216609955,0.0019416623981669545,0.007608518935739994,0.016981901600956917,0.03382448852062225,0.00785644631832838,0.02803857810795307,0.0200827494263649,0.9998144507408142,0.0037438622675836086,0.015675747767090797
IL_6492206,0.07489017397165298,0.004169886000454426,0.004213921260088682,0.9354221820831299,0.023596107959747314,0.015811415389180183,0.026500429958105087,0.06464726477861404,0.008778386749327183,0.42619141936302185,0.019429601728916168
IL_6495967,0.04472494497895241,0.1872846782207489,0.008248703554272652,0.05704133212566376,0.01723179966211319,0.012085221707820892,0.01550600677728653,0.008315514773130417,0.00792185589671135,0.9895113110542297,0.04913782700896263
IL_6516078,0.003754794830456376,0.00067190732806921,0.0019603008404374123,0.002303680405020714,0.016661830246448517,0.009482366964221,0.012628254480659962,0.004614510573446751,0.0025147697888314724,0.9999797344207764,0.0055115497671067715
IL_6579859,0.017409255728125572,0.009792680852115154,0.007018804084509611,0.0042053996585309505,0.0104190269485116,0.008726314641535282,0.02351192757487297,0.004359278362244368,0.9999775886535645,0.007293712813407183,0.01587917096912861
IL_6580455,0.004576872102916241,0.9999983310699463,0.0027823615819215775,0.003974192310124636,0.0055282022804021835,0.001236742944456637,0.0074174669571220875,0.007653167471289635,0.0005825250991620123,0.0006047858041711152,0.008701165206730366
IL_6580650,0.00928575824946165,0.00013947025581728667,0.0007906450773589313,0.0005833477480337024,0.0015083273174241185,0.0008460133103653789,0.007053181063383818,0.00028557973564602435,0.9999994039535522,0.0023769191466271877,0.0038646464236080647
IL_6601787,0.0014604212483391166,0.9999991655349731,0.0010664977598935366,0.0011054218048229814,0.00314886961132288,0.0013514457968994975,0.011642668396234512,0.0037007981445640326,0.004312414675951004,0.0010731160873547196,0.0029445872642099857
IL_6603212,0.9808647036552429,0.012986474670469761,0.013095634058117867,0.03229210153222084,0.051571618765592575,0.009001807309687138,0.015052896924316883,0.2233426570892334,0.15699857473373413,0.010092301294207573,0.04427072033286095
IL_6607523,0.011261007748544216,0.9997275471687317,0.014897908084094524,0.004063594155013561,0.005724614951759577,0.023832598701119423,0.023957664147019386,0.009648270905017853,0.036089058965444565,0.00305537530221045,0.0059815519489347935
IL_6614720,0.0035144879948347807,0.9999816417694092,0.004375268239527941,0.005874219816178083,0.002081002341583371,0.0010450094705447555,0.004557792562991381,0.0004018170584458858,0.0014732659328728914,0.00012019078712910414,0.0044822972267866135
IL_6615378,0.01889253780245781,0.7872540950775146,0.007522950414568186,0.2843843400478363,0.015450970269739628,0.0027324215043336153,0.015512543730437756,0.017407191917300224,0.218023419380188,0.0072684320621192455,0.030768588185310364
IL_6619207,0.0022114727180451155,0.999967098236084,0.002919148188084364,0.002567175542935729,0.0031613430473953485,0.001850854023359716,0.012785288505256176,0.004480220843106508,0.016315145418047905,0.0016357500571757555,0.008354146964848042
IL_6671454,0.017776750028133392,0.032438308000564575,0.0031968350522220135,0.012660406529903412,0.016662102192640305,0.011755431070923805,0.017444755882024765,0.010329893790185452,0.006348326336592436,0.9981110095977783,0.017981022596359253
IL_6691109,0.0131613127887249,0.0008860365487635136,0.011795004829764366,0.027651678770780563,0.03172074630856514,0.03756454214453697,0.020386554300785065,0.008090993389487267,0.006957055535167456,0.9998243451118469,0.018810231238603592
IL_6705688,0.0022812397219240665,0.9999997615814209,0.0027719461359083652,0.0003467304341029376,0.001487813307903707,0.002459361683577299,0.014882505871355534,0.0093877287581563,0.0015794202918186784,0.0016857173759490252,0.008152700029313564
IL_6720101,0.017404239624738693,0.005583953578025103,0.006988163106143475,0.015593606978654861,0.01919376850128174,0.007939795963466167,0.018806258216500282,0.012621615082025528,0.007440282963216305,0.9997139573097229,0.054476723074913025
IL_6730800,0.012173198163509369,0.05350320786237717,0.053897541016340256,0.03852657601237297,0.028975296765565872,0.040415775030851364,0.02671937458217144,0.027887793257832527,0.019230777397751808,0.9881154298782349,0.04072790592908859
IL_6785749,0.18014462292194366,0.021702921018004417,0.010496547445654869,0.6412702202796936,0.007372354622930288,0.006687860004603863,0.03862340375781059,0.022814949974417686,0.008227969519793987,0.18699911236763,0.17021358013153076
IL_6799756,0.0014350094133988023,0.9999996423721313,0.0007891971035860479,0.0006395521922968328,0.0013256605016067624,0.0005435383645817637,0.009134519845247269,0.0006864222814328969,0.002270857337862253,0.0006842316943220794,0.005213889293372631
IL_6928115,0.0008770068525336683,0.00036510065547190607,0.002026030095294118,0.0008853698964230716,0.006101253442466259,0.0020731347613036633,0.011541562154889107,0.008700446225702763,0.00013121934898663312,0.9999872446060181,0.025646749883890152
IL_6943589,0.0005235675489529967,4.7388220991706476e-05,0.0003695158229675144,0.00054614816326648,0.005482200998812914,0.005007985979318619,0.008723580278456211,0.0003354143991600722,0.00028914131689816713,0.9999996423721313,0.0012439234415069222
IL_6964671,0.03198111802339554,0.016923867166042328,0.004286481998860836,0.014505589380860329,0.011441641487181187,0.007189481519162655,0.011596454307436943,0.010897520929574966,0.004855366423726082,0.9990875720977783,0.06004064530134201
IL_7115582,0.012929026037454605,0.1739463061094284,0.030936365947127342,0.03662924841046333,0.0771951749920845,0.018738839775323868,0.02934769168496132,0.9832881093025208,0.06068413704633713,0.012745602056384087,0.025321107357740402
IL_7148487,0.000408346822950989,1.0,0.000505658914335072,0.00047000672202557325,0.0005808084388263524,0.00023372053692582995,0.004123921040445566,0.00018768123118206859,0.00019759967108257115,0.0002623956243041903,0.0015388663159683347
IL_7214473,0.025771673768758774,0.02123095653951168,0.03202785551548004,0.8058492541313171,0.11942074447870255,0.0867118090391159,0.03433814272284508,0.027069836854934692,0.011446109041571617,0.39446699619293213,0.01776697114109993
IL_7218860,0.027794813737273216,0.019103439524769783,0.007945376448333263,0.017656361684203148,0.009693630039691925,0.01446540653705597,0.06030556187033653,0.9880366325378418,0.16804751753807068,0.037270691245794296,0.0331273190677166
IL_7220515,0.00405519874766469,0.999972939491272,0.0025109450798481703,0.004276670981198549,0.003232993185520172,0.000953376351390034,0.01408439688384533,0.0021665524691343307,0.023258471861481667,0.003379685105755925,0.035182710736989975
IL_7336116,0.007248308509588242,0.00024801152176223695,0.0003125401271972805,0.0006851889775134623,0.0020593334920704365,0.001535829738713801,0.012918113730847836,0.0005998178967274725,0.9999970197677612,0.0017503334674984217,0.0022077092435210943
IL_7352985,0.008999825455248356,0.998710036277771,0.0047691441141068935,0.031034810468554497,0.005110477097332478,0.003270635847002268,0.012975409626960754,0.010669601149857044,0.08572807163000107,0.003999930340796709,0.01961442083120346
IL_7359666,0.9990839958190918,0.0316932313144207,0.014410489238798618,0.032350849360227585,0.018220143392682076,0.011930868960916996,0.009408416226506233,0.019037296995520592,0.011925259605050087,0.007367185782641172,0.03793564811348915
IL_7360646,0.22360076010227203,0.1544434130191803,0.005243189632892609,0.0156564898788929,0.016636285930871964,0.009040936827659607,0.01191622857004404,0.028573624789714813,0.007020692341029644,0.903725802898407,0.020652946084737778
IL_7392612,0.003071246901527047,0.9999834299087524,0.0018211632268503308,0.006893080193549395,0.003785724053159356,0.001952364924363792,0.013572079129517078,0.011279807426035404,0.0019867359660565853,0.001157489139586687,0.005891012959182262
IL_7432503,0.011888335458934307,0.0014827887061983347,0.0042474702931940556,0.0033251384738832712,0.029566455632448196,0.0023754790890961885,0.02239934355020523,0.006182653829455376,0.9999799728393555,0.0024788668379187584,0.008839655667543411
IL_7433595,0.04045006260275841,0.17274053394794464,0.013638253323733807,0.030975695699453354,0.011622055433690548,0.01639767922461033,0.024879423901438713,0.05563464015722275,0.9842838048934937,0.014384357258677483,0.025751739740371704
IL_7436788,0.002623452804982662,0.000342550192726776,0.00028052693232893944,0.002299186773598194,0.0024643451906740665,0.0008246345678344369,0.01906500943005085,0.0006232255254872143,8.374993922188878e-05,0.9999896287918091,0.04449431225657463
IL_7451087,0.14336374402046204,0.005660718772560358,0.02817290462553501,0.5655909776687622,0.02763429470360279,0.03602976351976395,0.02348111756145954,0.011453713290393353,0.03619401529431343,0.8709945678710938,0.02279883809387684
IL_7452804,0.5156009793281555,0.01894291862845421,0.01947648450732231,0.9447237849235535,0.02417050115764141,0.017309874296188354,0.025760535150766373,0.034397874027490616,0.0067970422096550465,0.023297039791941643,0.03451840579509735
IL_7462703,0.013416383415460587,0.9782232642173767,0.006165741942822933,0.16758930683135986,0.021327946335077286,0.0048422859981656075,0.027489295229315758,0.01431327685713768,0.013425090350210667,0.0028101650532335043,0.015419324859976768
IL_7464129,0.0156873632222414,0.00023153690563049167,0.0015164396027103066,0.0013179616071283817,0.017236508429050446,0.002807734301313758,0.007981762290000916,0.0010924559319391847,0.9999972581863403,0.0049872626550495625,0.0016111035365611315
IL_7475868,0.0054788170382380486,0.9999808073043823,0.0033219291362911463,0.003431067569181323,0.0050604804418981075,0.013735078275203705,0.011135399341583252,0.0012383555294945836,0.0028173162136226892,0.0006741908728145063,0.0021188175305724144
IL_7505442,0.003662427654489875,0.9999992847442627,0.0010916043538600206,0.004355610813945532,0.0022176564671099186,0.0005845025298185647,0.006766756996512413,0.012061208486557007,0.0003000039141625166,0.004201583564281464,0.011204224079847336
IL_7512996,0.06092583388090134,0.014654246158897877,0.00245051016099751,0.006798874121159315,0.02048494666814804,0.00905266311019659,0.010168204084038734,0.0035328934900462627,0.0015345746651291847,0.9960179924964905,0.005508338566869497
IL_7557824,0.001428980496712029,0.9999991655349731,0.005418322514742613,0.0008498490205965936,0.0016954971943050623,0.0013091473374515772,0.01723238080739975,0.005120154470205307,0.0013166699791327119,0.0054398090578615665,0.02532736212015152
IL_7559500,0.0016524256207048893,0.00010319861030438915,0.012223800644278526,0.9999972581863403,0.021146629005670547,0.011936677619814873,0.05490906536579132,0.004277424421161413,0.0019914365839213133,0.0014514673966914415,0.006738370284438133
IL_7580080,0.010501743294298649,0.006036928854882717,0.005284763872623444,0.00457166088744998,0.011615238152444363,0.008311332203447819,0.04520608112215996,0.014514802023768425,0.999687910079956,0.0071658785454928875,0.009229815565049648
IL_7604960,0.25629252195358276,0.04717552661895752,0.003143463283777237,0.017517270520329475,0.010481680743396282,0.005271740257740021,0.013291185721755028,0.00806095078587532,0.007050920277833939,0.9592253565788269,0.03214794024825096
IL_7612830,0.0013592408504337072,1.0,0.000927229062654078,0.0001918759080581367,0.000900246377568692,0.00047935458132997155,0.0027432942297309637,0.0012814915971830487,3.586369348340668e-05,0.0005329707055352628,0.003540039760991931
IL_7636226,0.048421069979667664,0.003992008976638317,0.017299454659223557,0.989978551864624,0.012893409468233585,0.004801585804671049,0.011621945537626743,0.12330220639705658,0.0016309377970173955,0.002950095571577549,0.017984038218855858
IL_7640681,0.015792660415172577,0.0036306199617683887,0.02905811369419098,0.9990928173065186,0.01665053516626358,0.008242955431342125,0.03311864659190178,0.008360350504517555,0.0018704007379710674,0.012370547279715538,0.03024294786155224
IL_7667532,0.0016073182923719287,0.9999995231628418,0.0021927121561020613,0.0010278925765305758,0.0039226096123456955,0.0006812418578192592,0.005366738885641098,0.0010690540075302124,6.888645293656737e-05,0.0016183393308892846,0.00804814975708723
IL_7720827,0.008826455101370811,0.041403885930776596,0.05945872887969017,0.002012265846133232,0.025466959923505783,0.019482672214508057,0.0146476523950696,0.18529212474822998,0.009925279766321182,0.8495253920555115,0.04542224481701851
IL_7744265,0.0032451909501105547,0.9999991655349731,0.006361412350088358,0.003310165833681822,0.004092920105904341,0.0015605741646140814,0.007782910950481892,0.002794072264805436,0.0013177156215533614,0.0006105458014644682,0.012039506807923317
IL_7750228,0.008791619911789894,0.038349732756614685,0.005729632452130318,0.9968463778495789,0.01937251351773739,0.009108608588576317,0.02294115163385868,0.0033790909219533205,0.029719095677137375,0.01622147485613823,0.018514558672904968
IL_7772384,0.007353097200393677,0.020361067727208138,0.002627990674227476,0.023743605241179466,0.015402914956212044,0.00662132166326046,0.015147536993026733,0.010341682471334934,0.004710095468908548,0.9993197917938232,0.02410270832479
IL_7777526,0.007886643521487713,0.01814456656575203,0.034207653254270554,0.6152403354644775,0.01610250398516655,0.01672264188528061,0.07976258546113968,0.2784075140953064,0.6873319149017334,0.014005536213517189,0.04924723505973816
IL_7780812,0.025784162804484367,0.9942848086357117,0.012705331668257713,0.1296047419309616,0.0315343476831913,0.00829988345503807,0.01377660222351551,0.017771372571587563,0.0019345834152773023,0.0037930645048618317,0.0071432385593652725
IL_7814962,0.014534944668412209,0.42982256412506104,0.03146698325872421,0.6540975570678711,0.011035135947167873,0.05177663266658783,0.009884806349873543,0.004408589564263821,0.005128772929310799,0.004581112414598465,0.001561970915645361
IL_7839360,0.022030668333172798,0.002897118218243122,0.009713148698210716,0.002751657273620367,3.22046471410431e-05,6.18453412926101e-08,0.05922066420316696,0.004487208556383848,0.0003535027790348977,0.0035133142955601215,0.9999618530273438
IL_7845741,0.003262224607169628,0.9999408721923828,0.0051238578744232655,0.004689857363700867,0.00246245414018631,0.0058009750209748745,0.0055898032151162624,0.0005210208473727107,0.002845702227205038,0.0004894869634881616,0.0010393148986622691
IL_7858220,0.0005091317580081522,1.0,0.0007772226817905903,0.0001708084309939295,0.0029103897977620363,0.0007938974304124713,0.008158702403306961,0.0004758254799526185,3.5652581573231146e-05,0.0004963589599356055,0.0010463842190802097
IL_7877903,0.029833974316716194,0.004365129396319389,0.014611201360821724,0.02309797704219818,0.006538843736052513,0.002733028493821621,0.01074014138430357,0.005369286984205246,0.999776303768158,0.0076868473552167416,0.0317673422396183
IL_7896836,0.08694945275783539,0.9999446868896484,0.0032929463777691126,0.009469589218497276,0.003458021441474557,0.0013098918134346604,0.012085813097655773,0.003704780712723732,0.0019081595819443464,0.0033247927203774452,0.02706708014011383
IL_7914681,0.043022409081459045,0.5741175413131714,0.015102919191122055,0.010827376507222652,0.02720312401652336,0.06130170077085495,0.07507170736789703,0.9240082502365112,0.012679453939199448,0.10548854619264603,0.023734256625175476
IL_7917684,0.009445921517908573,0.008825404569506645,0.01755971647799015,0.9233813881874084,0.01217194739729166,0.013581427745521069,0.044045303016901016,0.1218780130147934,0.1787937879562378,0.007036636117845774,0.026585282757878304
IL_7919145,0.05711186304688454,0.999963641166687,0.006484588608145714,0.003511283081024885,0.005774053744971752,0.0043014707043766975,0.009786874987185001,0.0028236638754606247,0.0016479737823829055,0.0009218138293363154,0.006188803352415562
IL_7944285,0.026583105325698853,0.015834664925932884,0.014189311303198338,0.9925909042358398,0.011931594461202621,0.01323305256664753,0.020837321877479553,0.03333481773734093,0.04901528358459473,0.023975064978003502,0.030503518879413605
IL_7945525,0.0753340870141983,0.05211729556322098,0.024835266172885895,0.9088945984840393,0.01664149761199951,0.36348316073417664,0.04274962097406387,0.011266731657087803,0.033035364001989365,0.0190731268376112,0.004075226373970509
IL_7955621,0.005971750244498253,0.9999964237213135,0.0019080297788605094,0.005840382073074579,0.002857541898265481,0.002039399230852723,0.008910713717341423,0.012324160896241665,0.00044698614510707557,0.0018942775204777718,0.008817986585199833
IL_7983237,0.007024991791695356,0.976378858089447,0.009063966572284698,0.0024748388677835464,0.00491715781390667,0.0023941146209836006,0.010672405362129211,0.05653514713048935,0.1770334094762802,0.0028972174040973186,0.014404036104679108
IL_7988157,0.07386073470115662,0.1308801770210266,0.015711244195699692,0.01692948490381241,0.006071378476917744,0.013365683145821095,0.01857423037290573,0.008392099291086197,0.9919583797454834,0.01471918448805809,0.03225681930780411
IL_8041132,0.058718837797641754,0.0038886042311787605,0.008693876676261425,0.998626708984375,0.01359369233250618,0.007437202148139477,0.030668187886476517,0.010333550162613392,0.001062926952727139,0.007700957823544741,0.02245003543794155
IL_8073225,0.0025225505232810974,0.05999179929494858,0.0016259831609204412,0.005865649785846472,0.0037386883050203323,0.0007293993257917464,0.01097836997359991,0.0015436331741511822,0.00035032921005040407,0.9994006156921387,0.043986767530441284
IL_8136561,0.0008820245857350528,0.0004867485840804875,0.000200789057998918,0.0009942145552486181,0.002193909138441086,0.00048463582061231136,0.0031423415057361126,0.0003629986895248294,6.55979965813458e-05,0.9999964237213135,0.009518289938569069
IL_8138997,0.00826108269393444,0.9999353885650635,0.006826139986515045,0.014700685627758503,0.014135465957224369,0.0032362984493374825,0.006903848145157099,0.003858703188598156,0.0009551497059874237,0.002723430749028921,0.0072619253769516945
IL_8139746,0.0023711370304226875,0.9999805688858032,0.002062220359221101,0.010182986967265606,0.001552664558403194,0.0007859239121899009,0.007907912135124207,0.0012373292120173573,0.004479917231947184,0.0006255919579416513,0.007347147911787033
IL_8183381,0.01254476048052311,0.006933166645467281,0.009342548437416553,0.8270867466926575,0.020651252940297127,0.02742094360291958,0.017146829515695572,0.007971121929585934,0.005108981393277645,0.8412027359008789,0.010557291097939014
IL_8191336,0.0035769527312368155,0.9997230172157288,0.004633404780179262,0.007702561095356941,0.002817620290443301,0.0025404850021004677,0.010013326071202755,0.00320641603320837,0.02845141291618347,0.004299230873584747,0.009919015690684319
IL_8258340,0.015612905845046043,0.004545099567621946,0.0027381733525544405,0.2854740619659424,0.01858248934149742,0.04483943060040474,0.00983586348593235,0.003059264738112688,0.0016719953855499625,0.9704179167747498,0.0015535554848611355
IL_8288616,0.31909888982772827,0.0013657534727826715,0.008551382459700108,0.4276584982872009,0.013573681004345417,0.005722693633288145,0.018304690718650818,0.7586175203323364,0.00665183225646615,0.020688088610768318,0.026908259838819504
IL_8295267,0.006878237705677748,0.004138086456805468,0.008051736280322075,0.9994412064552307,0.021216757595539093,0.01166937779635191,0.017491355538368225,0.0044553326442837715,0.006080651190131903,0.025852421298623085,0.010177782736718655
IL_8342281,0.038370802998542786,0.017505276948213577,0.0109116081148386,0.02143155038356781,0.038204390555620193,0.09083551913499832,0.03225283324718475,0.018004698678851128,0.03486112877726555,0.9919814467430115,0.010888108983635902
IL_8371338,0.1869829297065735,0.0024872419890016317,0.0036960721481591463,0.23113130033016205,0.029878700152039528,0.008810088038444519,0.012399815022945404,0.010407852940261364,0.005436242092400789,0.9734476208686829,0.018841564655303955
IL_8415316,0.005661961622536182,0.4609532058238983,0.007488919422030449,0.005426701158285141,0.014342617243528366,0.0018024052260443568,0.467415452003479,0.0017894769553095102,0.0011329979170113802,0.0021826811134815216,0.05440691113471985
IL_8416177,0.027578797191381454,0.1677190363407135,0.008091498166322708,0.013801854103803635,0.04199135676026344,0.020426297560334206,0.5637457370758057,0.3872911334037781,0.01799873448908329,0.026439465582370758,0.021868692710995674
IL_8416753,0.0020075831562280655,0.9999974966049194,0.012112812139093876,0.0013243851717561483,0.0020889402367174625,0.0018677623011171818,0.00712778652086854,0.003830344881862402,0.0011761389905586839,0.00019905611407011747,0.006513217929750681
IL_8449784,0.0019270555349066854,0.9999994039535522,0.001313592423684895,0.0011996888788416982,0.0014364073285833001,0.00030847181915305555,0.007646488957107067,0.014664556831121445,0.0008676167344674468,0.00045286986278370023,0.01862458512187004
IL_8456893,0.13042332231998444,0.021129490807652473,0.00507135596126318,0.09341815114021301,0.01597762294113636,0.01789846643805504,0.015033256262540817,0.1279369443655014,0.00802143570035696,0.9453745484352112,0.03472623974084854
IL_8510989,0.021511733531951904,0.29253363609313965,0.01676640845835209,0.91213458776474,0.04703351855278015,0.013432164676487446,0.03355534002184868,0.12129364162683487,0.009846587665379047,0.015013034455478191,0.036107681691646576
IL_8524892,0.9898115992546082,0.09653405100107193,0.017305780202150345,0.0609363429248333,0.022169597446918488,0.031016409397125244,0.00482282554730773,0.0046400949358940125,0.01166593935340643,0.01415911503136158,0.0076794675551354885
IL_8562073,0.028621524572372437,0.3024459481239319,0.010542075149714947,0.005159277934581041,0.0028549903072416782,0.3042202889919281,0.015260690823197365,0.0026461705565452576,0.8767869472503662,0.00722059840336442,0.0014407645212486386
IL_8576492,0.10736938565969467,0.0007072505541145802,0.002976147225126624,0.10195890069007874,0.011505138128995895,0.006878387648612261,0.008030345663428307,0.0032600469421595335,0.0022578740026801825,0.995789110660553,0.018663130700588226
IL_8579370,0.0014807695988565683,8.548097684979439e-05,0.026408225297927856,0.9999632835388184,0.03123043291270733,0.010101571679115295,0.029626769945025444,0.005779186263680458,0.007626235485076904,0.002459377981722355,0.005003869999200106
IL_8580922,0.02898300439119339,0.020258009433746338,0.023686956614255905,0.9893420934677124,0.040135908871889114,0.017159458249807358,0.029721077531576157,0.05826864019036293,0.03844205662608147,0.018140286207199097,0.0245597455650568
IL_8587951,0.013060036115348339,0.0007883218349888921,0.006601641420274973,0.9998761415481567,0.015002299100160599,0.005364733282476664,0.024612052366137505,0.008365780115127563,0.0029051711317151785,0.00330443331040442,0.011783531866967678
IL_8698362,0.0051260655745863914,3.539241515682079e-05,0.0010925604728981853,0.0006345066358335316,0.005574612412601709,0.0023958988022059202,0.0061678048223257065,0.001650703721679747,0.9999990463256836,0.002776028588414192,0.0010400940664112568
IL_8706018,0.002974636387079954,0.9999916553497314,0.0016314060194417834,0.004186221398413181,0.0021256792824715376,0.0012764733983203769,0.005264431703835726,0.008479724638164043,0.0007321746670641005,0.0008476864313706756,0.004680982790887356
IL_8779223,0.06628258526325226,0.009546617045998573,0.003838330041617155,0.0930149182677269,0.030994487926363945,0.008427050895988941,0.01723812334239483,0.007784737739712,0.012994802556931973,0.9947082996368408,0.028981372714042664
IL_8807227,0.001513207796961069,0.9999793767929077,0.002826171461492777,0.005018801428377628,0.0027958836872130632,0.0011097134556621313,0.009049464017152786,0.002048285910859704,0.0024348823353648186,0.0006077341386117041,0.006558726076036692
IL_8864283,0.007560586091130972,0.00022131612058728933,0.010973344556987286,0.004305579233914614,0.0041474467143416405,0.0022064312361180782,0.01382706593722105,0.1542520523071289,0.9997877478599548,0.004235541447997093,0.013463524170219898
IL_8869852,0.0012994071003049612,0.9999998807907104,0.0016611542087048292,0.0011995552340522408,0.0022214530035853386,0.000719980918802321,0.008555186912417412,0.0014293730491772294,0.0009913576068356633,0.00021399340766947716,0.003189065959304571
IL_8892064,0.00923227984458208,0.9269540905952454,0.0028144200332462788,0.004633189179003239,0.015064802020788193,0.05632134899497032,0.02760680392384529,0.12146906554698944,0.009649050422012806,0.08553702384233475,0.00311390683054924
IL_8894007,0.0029092624317854643,0.010049745440483093,0.008976537734270096,0.006122552324086428,0.011761104688048363,0.0021208934485912323,0.009346176870167255,0.9794487357139587,0.33504337072372437,0.003140876768156886,0.00647210655733943
IL_8908749,0.010786912404000759,0.13575972616672516,0.007704996038228273,0.00879671610891819,0.023814866319298744,0.007899603806436062,0.01791243813931942,0.014546183869242668,0.002830414567142725,0.9954779744148254,0.021942824125289917
IL_8914785,0.06204947084188461,0.011563293635845184,0.006192561239004135,0.24158015847206116,0.01856686919927597,0.04219488054513931,0.019496547058224678,0.0031963929068297148,0.0024357277434319258,0.9768873453140259,0.009564069099724293
IL_8947300,0.005622024182230234,0.9999974966049194,0.001847695093601942,0.005804105196148157,0.005976461805403233,0.0008871601894497871,0.005396299529820681,0.0008379957289434969,0.0014363958034664392,0.0007480693166144192,0.0051075369119644165
IL_8974391,0.024207599461078644,0.7718163132667542,0.019896339625120163,0.3205033540725708,0.007172591984272003,0.012761200778186321,0.016739334911108017,0.010535089299082756,0.03577219694852829,0.02463156171143055,0.023474978283047676
IL_9036064,0.06336238235235214,0.6476426124572754,0.011602375656366348,0.6568999886512756,0.015638863667845726,0.01024741679430008,0.03414461016654968,0.010918273590505123,0.06933419406414032,0.010428362525999546,0.0476205050945282
IL_9058117,0.0035762321203947067,0.9999822378158569,0.005455193109810352,0.005644924007356167,0.006395256146788597,0.0031762877479195595,0.006423164624720812,0.0032650758512318134,0.0010925864335149527,0.0008957351092249155,0.0036875884979963303
IL_9061839,0.016060372814536095,0.9338574409484863,0.002335494849830866,0.0031362262088805437,0.008450408466160297,0.007950786501169205,0.005898322444409132,0.0029246981721371412,0.0022647983860224485,0.6202211976051331,0.0024527839850634336
IL_9079153,0.015135462395846844,0.004177178721874952,0.019126689061522484,0.009235119447112083,0.01907196268439293,0.03529048338532448,0.012501566670835018,0.00852598249912262,0.004493833985179663,0.9970738887786865,0.005053158383816481
IL_9143254,0.05132105574011803,0.005321982316672802,0.01184329017996788,0.3131340742111206,0.054512135684490204,0.011140194721519947,0.036785997450351715,0.015760956332087517,0.02591581828892231,0.9815691709518433,0.07079803943634033
IL_9155981,0.6993420720100403,0.010337237268686295,0.009062917903065681,0.2794382870197296,0.08021459728479385,0.013138781301677227,0.01475371140986681,0.010525589808821678,0.008271790109574795,0.2695298194885254,0.016713399440050125
IL_9157122,0.03292515501379967,0.2310275435447693,0.011503132060170174,0.05042680725455284,0.012481515295803547,0.009273925796151161,0.12477581202983856,0.8804730772972107,0.012688846327364445,0.0047891768626868725,0.04647275432944298
IL_9227624,0.005231242626905441,0.9999895095825195,0.005872154142707586,0.015285956673324108,0.0038103503175079823,0.005150293931365013,0.011595651507377625,0.0027003989089280367,0.0011736404849216342,0.0007674811058677733,0.007155196741223335
IL_9237017,0.0009682696545496583,0.0742717832326889,0.0011866920394822955,0.012233004905283451,0.014231005683541298,0.005866325460374355,0.011620045639574528,0.006299407687038183,0.0001820983161451295,0.9987597465515137,0.007824046537280083
IL_9273684,0.0016891749110072851,0.8862882852554321,0.007273877505213022,0.8107786774635315,0.0011147004552185535,0.0010970178991556168,0.008701561018824577,0.0007079122005961835,0.00021145526261534542,0.001027876976877451,0.004958486184477806
IL_9311083,0.016640115529298782,0.9648454189300537,0.009047095663845539,0.4086587429046631,0.01049829088151455,0.005210344213992357,0.020877234637737274,0.008035494014620781,0.018790267407894135,0.0035280068404972553,0.021959368139505386
IL_9322263,0.010905305854976177,0.0004844621289521456,0.006069925148040056,0.007006797473877668,0.008562576025724411,0.00623646704480052,0.011146347038447857,0.0006655757315456867,0.9999793767929077,0.02699597179889679,0.005031697452068329
IL_9341332,0.0024285875260829926,0.9999997615814209,0.001296816160902381,0.001141550950706005,0.0016124884132295847,0.0007949727005325258,0.013053596951067448,0.005071084015071392,0.0012380694970488548,0.00042944520828314126,0.008191008120775223
IL_9345649,0.008747074753046036,0.7299041152000427,0.0128526845946908,0.26140615344047546,0.006745781283825636,0.004401125945150852,0.019427230581641197,0.029552988708019257,0.1725478172302246,0.011836355552077293,0.020439226180315018
IL_9406058,0.009553094394505024,0.009287127293646336,0.00913967378437519,0.1542980968952179,0.013721931725740433,0.0179048553109169,0.017984533682465553,0.02173403836786747,0.020247869193553925,0.9889412522315979,0.022663870826363564
IL_9407964,0.003217461286112666,0.9999130964279175,0.0009561171173118055,0.009342326782643795,0.0028140589129179716,0.00048711668932810426,0.010751733556389809,0.0009006873588077724,0.008055663667619228,0.0007162064430303872,0.009594913572072983
IL_9409250,0.010084044188261032,0.018220992758870125,0.010989564470946789,0.034210432320833206,0.028494028374552727,0.01811235211789608,0.02075575850903988,0.006238858215510845,0.014004772529006004,0.9969731569290161,0.036049261689186096
IL_9427286,0.0182158462703228,0.05499650910496712,0.010497626848518848,0.19249799847602844,0.026200948283076286,0.023964880034327507,0.0294767078012228,0.012271379120647907,0.034870460629463196,0.9610167741775513,0.04091314971446991
IL_9436519,0.0068596056662499905,0.0002586832852102816,0.0034125307574868202,0.013602448627352715,0.003703828901052475,0.0028153746388852596,0.024297084659337997,0.028949564322829247,0.9995326995849609,0.004143106285482645,0.005434097722172737
IL_9503512,0.02041284367442131,0.6440356969833374,0.01032983884215355,0.8436721563339233,0.023490581661462784,0.005121092777699232,0.02481386624276638,0.019852278754115105,0.010316052474081516,0.012408612295985222,0.05379002168774605
IL_9521484,0.024495139718055725,0.04500741511583328,0.00780909089371562,0.7507889270782471,0.018719293177127838,0.008009943179786205,0.013897255063056946,0.0167330801486969,0.006849633529782295,0.7928746938705444,0.04497174173593521
IL_9540224,0.0013057490577921271,0.9999995231628418,0.002082078717648983,0.002567112213000655,0.005155808757990599,0.0013709409395232797,0.009831424802541733,0.0029486778657883406,0.0008447091095149517,0.00022260156401898712,0.0020690152887254953
IL_9561518,0.007889404892921448,0.0016684263246133924,0.002279730513691902,0.013166725635528564,0.016176601871848106,0.00870054867118597,0.020555907860398293,0.002793386811390519,0.006550863850861788,0.999833345413208,0.015277531929314137
IL_9572511,0.01380974892526865,0.9645066857337952,0.007960747927427292,0.43192940950393677,0.01131636742502451,0.004150801803916693,0.0154286352917552,0.02422887459397316,0.006621399894356728,0.004849105607718229,0.024836361408233643
IL_9601760,0.0015871359501034021,0.9999992847442627,0.0034779049456119537,0.003994673956185579,0.0018312556203454733,0.0027564477641135454,0.019130004569888115,0.00502498634159565,0.0006940762395970523,0.0013103224337100983,0.007966546341776848
IL_9615893,0.0010497255716472864,1.0,0.0009037287090905011,0.0004192180640529841,0.0028034585993736982,0.0005442708497866988,0.004448124207556248,0.006585302762687206,0.0001821469486458227,0.0005932539352215827,0.0033540017902851105
IL_9620950,0.0014866003766655922,1.0,0.0004769137012772262,0.0009189401171170175,0.0010976780904456973,0.00027215099544264376,0.004677089862525463,0.000379291275748983,0.0008177742711268365,0.0009530626120977104,0.0029647492337971926
IL_9623576,0.998981773853302,0.0008982879808172584,0.007430967874825001,0.015601280145347118,0.008588781580328941,0.0033662894275039434,0.004979691468179226,0.008512151427567005,0.008693777956068516,0.0031064217910170555,0.017312277108430862
IL_9647002,0.002689467277377844,0.9999570846557617,0.0018748545553535223,0.019796624779701233,0.003751398529857397,0.002865468617528677,0.00632489612326026,0.00415426678955555,0.0008775807218626142,0.0005457290099002421,0.0036279181949794292
IL_9655170,0.49322783946990967,0.2138669490814209,0.006229178048670292,0.013503667898476124,0.011627485044300556,0.010272718034684658,0.009963714517652988,0.005509973969310522,0.0033352994360029697,0.7149916291236877,0.014011147432029247
IL_9669202,0.00573892192915082,0.9993975162506104,0.0017482411349192262,0.16108600795269012,0.004467031452804804,0.0011804462410509586,0.01467795018106699,0.0031084096990525723,0.001304644625633955,0.0024021260906010866,0.011312377639114857
IL_9675212,0.0014808732084929943,0.006358562037348747,0.02050093747675419,0.01857246644794941,0.010229354724287987,0.0027178337331861258,0.018997373059391975,0.9997385144233704,0.000640711048617959,0.002083602361381054,0.008765468373894691
IL_9675469,0.01780676655471325,0.0040627047419548035,0.008416231721639633,0.9893271923065186,0.009859520010650158,0.011889662593603134,0.021370112895965576,0.009948721155524254,0.005330119747668505,0.20606718957424164,0.05533512681722641
IL_9692632,0.9650044441223145,0.16204679012298584,0.013530614785850048,0.09602151811122894,0.015872279182076454,0.02302323654294014,0.008481412194669247,0.04259819537401199,0.011899694800376892,0.03051350638270378,0.01907464861869812
IL_9693077,0.027602437883615494,0.06594431400299072,0.03167486563324928,0.014831280335783958,0.0008248385274782777,5.6971661251736805e-05,0.0243200846016407,0.004807993303984404,0.044721655547618866,0.00400036945939064,0.9446010589599609
IL_9695113,0.0011589884525164962,0.999922513961792,0.0009595009032636881,0.00042937256512232125,0.0023066960275173187,0.00024453591322526336,0.007374337408691645,0.0006510485545732081,0.00020969485922250897,0.08366309106349945,0.00643211230635643
IL_9696386,0.011982587166130543,0.4451291263103485,0.03212298825383186,0.8724961280822754,0.02524869702756405,0.004860684275627136,0.016042111441493034,0.010534576140344143,0.007817964069545269,0.0029453979805111885,0.030822092667222023
IL_9697828,0.10818082839250565,0.07186412811279297,0.011784076690673828,0.09569750726222992,0.03698992356657982,0.022567028179764748,0.03716325759887695,0.0364936999976635,0.021088870242238045,0.9429970979690552,0.07900117337703705
IL_9702105,0.9993151426315308,0.0030393374618142843,0.02060704119503498,0.20534251630306244,0.05182705819606781,0.0030273674055933952,0.004889218136668205,0.0028697240632027388,0.005757281556725502,0.0019655199721455574,0.030658679082989693
IL_9713310,0.015348066575825214,0.03031950257718563,0.004890990909188986,0.9380974173545837,0.013844683766365051,0.0036841402761638165,0.014094775542616844,0.0024720432702451944,0.0005339849158190191,0.35772302746772766,0.011374699883162975
IL_9722277,0.021574752405285835,0.0023007767740637064,0.02383038029074669,0.0219098012894392,0.05148867890238762,0.012389985844492912,0.026354826986789703,0.09011660516262054,0.9991362690925598,0.005764983594417572,0.010503160767257214
IL_9728655,0.2158515602350235,0.482156902551651,0.01160247903317213,0.06659206002950668,0.0313306599855423,0.009221804328262806,0.02551688812673092,0.12556876242160797,0.08393582701683044,0.0706927552819252,0.04667453095316887
IL_9747613,0.005032292101532221,0.023755481466650963,0.003710102057084441,0.2548997402191162,0.019441938027739525,0.006968495901674032,0.012696404941380024,0.003435541642829776,0.0030188187956809998,0.9843465089797974,0.009448696859180927
IL_9776207,0.019228236749768257,0.002313627628609538,0.02010575868189335,0.0029600525740534067,0.00847720354795456,0.00445622717961669,0.013254079036414623,0.0019236947409808636,0.9999699592590332,0.013458292931318283,0.05258508771657944
IL_9785286,0.02259097434580326,0.0012062765890732408,0.0034829112701117992,0.013430939055979252,0.004403738770633936,0.004491283092647791,0.021660717204213142,0.03210914507508278,0.9998494386672974,0.011897609569132328,0.010854693129658699
IL_9794109,0.008238352835178375,0.6602992415428162,0.004746758379042149,0.003184182569384575,0.005890132859349251,0.02290312759578228,0.02017461694777012,0.015511125326156616,0.9720735549926758,0.005616155453026295,0.004303785040974617
IL_9810905,0.025609178468585014,0.9984801411628723,0.015183230862021446,0.006901112385094166,0.0214358102530241,0.01399920228868723,0.022393934428691864,0.011561701074242592,0.0032764410134404898,0.007537096738815308,0.004983092192560434
IL_9831983,0.00748386699706316,0.8662605285644531,0.029431194067001343,0.014168903231620789,0.004943885840475559,0.00734937097877264,0.02087368816137314,0.03628777712583542,0.21675680577754974,0.07891897112131119,0.03158073127269745
IL_9896495,0.9976707100868225,0.009299111552536488,0.013516372069716454,0.07625779509544373,0.0333578921854496,0.011021384969353676,0.011339833959937096,0.02202167920768261,0.019801156595349312,0.009915832430124283,0.03162006661295891
IL_9908692,0.011979347094893456,0.9505695700645447,0.0068586538545787334,0.45010024309158325,0.024294555187225342,0.009813036769628525,0.01615999825298786,0.012029585428535938,0.005089345388114452,0.04814423993229866,0.012005551718175411
IL_9914512,0.15926852822303772,0.13881157338619232,0.003293686779215932,0.07130026817321777,0.01689792238175869,0.005592454690486193,0.016863735392689705,0.02541331574320793,0.005238091107457876,0.7233791947364807,0.021927015855908394
IL_9931816,0.0059360419400036335,0.00906573235988617,0.008236448280513287,0.1167437732219696,0.008725510910153389,0.008837345987558365,0.017244070768356323,0.8207315802574158,0.4496171176433563,0.01570030301809311,0.010935269296169281
IL_9962396,0.0665261521935463,0.013262530788779259,0.0106932632625103,0.5804287195205688,0.04432373121380806,0.021813219413161278,0.02637457102537155,0.028430920094251633,0.007241482846438885,0.8390109539031982,0.019106721505522728
