lesion_id,AKIEC,BCC,BEN_OTH,BKL,DF,INF,MAL_OTH,MEL,NV,SCCKA,VASC
IL_0006205,0.04560096189379692,0.9994262456893921,0.00570923276245594,0.0029460631776601076,9.750318713486195e-05,0.00011622648889897391,0.0007545257685706019,3.5009045404876815e-06,2.7515558031154796e-05,0.00010213152563665062,0.0012848085025325418
IL_0025400,0.4693732261657715,0.25822320580482483,0.005893473047763109,0.05155007168650627,0.0015805629082024097,0.007463030517101288,0.0016591610619798303,0.0008193899993784726,0.016354694962501526,0.006144256331026554,0.004690320231020451
IL_0039001,0.005704846698790789,0.0005731842829845846,0.011807871982455254,0.0021534888073801994,0.05486366152763367,0.3621653914451599,0.0029290104284882545,0.01033473014831543,0.9909204244613647,0.00046225578989833593,0.028582999482750893
IL_0046799,0.0006886687478981912,0.044503599405288696,0.0004374497220851481,0.02566402219235897,0.00193038210272789,0.0024547111243009567,0.004843494389206171,7.741789886495098e-05,0.0007190260803326964,0.9947264790534973,0.0009296944481320679
IL_0054262,0.003657659748569131,0.0009703502873890102,0.0018147822702303529,0.0014863824471831322,0.1687946319580078,0.06220119073987007,0.03408804535865784,0.14475730061531067,0.5843976736068726,3.8660073187202215e-05,0.002709895372390747
IL_0056788,0.10443419218063354,0.9302158355712891,0.0012353372294455767,0.0007586772553622723,0.001237221760675311,0.0033687776885926723,0.0024865970481187105,0.000112712754344102,0.00043219889630563557,0.2010480910539627,0.0015646801330149174
IL_0093956,0.02904399111866951,0.48013249039649963,0.046139758080244064,0.028037885203957558,0.011242938227951527,0.5797843933105469,0.0056529114954173565,0.0006044561159797013,0.0039781625382602215,0.005953723564743996,0.2295345962047577
IL_0103904,0.396507203578949,0.22419123351573944,0.008473188616335392,0.5155807137489319,0.0009449102799408138,0.000641036604065448,0.0025883472990244627,0.0009934196714311838,0.000626159890089184,0.0059467884711921215,0.0034094639122486115
IL_0118369,2.9311340767890215e-05,3.254996408941224e-05,0.006593234371393919,0.004660709761083126,0.011569627560675144,0.038298361003398895,0.00231500924564898,0.00926042441278696,0.9965956807136536,1.1565673958102707e-05,0.023042144253849983
IL_0151990,0.01245415024459362,0.0008362492662854493,0.002088065491989255,0.01027638278901577,0.0049217212945222855,0.0015824377769604325,0.004871960263699293,0.3252924978733063,0.6335760951042175,0.00025409000227227807,0.05218418687582016
IL_0171236,0.021287109702825546,0.03167354315519333,0.011686139740049839,0.19777163863182068,0.1062563881278038,0.007818340323865414,0.006391424220055342,0.05871688574552536,0.002547777956351638,0.11319465935230255,0.012141025625169277
IL_0183960,0.033322613686323166,0.3369768261909485,0.03639301657676697,0.00627263356000185,0.0018934898544102907,0.002307564252987504,0.0017637878190726042,0.0033973564859479666,0.12430913001298904,4.1090585000347346e-05,0.18214735388755798
IL_0207706,0.00070544658228755,0.0002442442055325955,0.0020876345224678516,0.000965152052231133,0.0011028638109564781,0.0053955004550516605,0.0069882795214653015,0.9902055859565735,0.0634092167019844,1.2647661606024485e-05,0.0018838574178516865
IL_0207891,0.1551244854927063,0.8255463242530823,0.001554248621687293,0.028852080926299095,0.009201175533235073,0.0015600014012306929,0.0054198261350393295,5.50342992937658e-05,0.0025195262860506773,0.03121153824031353,0.004818445071578026
IL_0225203,0.6632924675941467,0.6163692474365234,0.00032960614771582186,0.026987342163920403,0.02319236472249031,0.00014419729996006936,0.0023856800980865955,0.01634175330400467,1.055476695910329e-05,0.00019750189676415175,0.010554705746471882
IL_0227635,0.9273359775543213,0.004952453542500734,0.0005442254478111863,0.15475110709667206,0.0002730257692746818,0.0016377861611545086,0.001104048453271389,0.00021054611715953797,0.11629274487495422,0.0004763716715388,0.0032605475280433893
IL_0259815,0.38867032527923584,0.009458744898438454,0.0010605105198919773,0.26927128434181213,0.00012843991862609982,0.006419413723051548,0.0004887922550551593,0.0011396452318876982,0.2596745789051056,7.742985326331109e-05,0.03642307594418526
IL_0260810,0.011836504563689232,0.3351002037525177,0.005889379419386387,0.012426072731614113,0.002525633666664362,0.03071616031229496,0.020624510943889618,0.0007874651346355677,0.128538578748703,0.0009584447834640741,0.0711500495672226
IL_0262469,0.00580441951751709,0.9069691300392151,0.007889293134212494,0.14686955511569977,0.004478009883314371,0.002270773285999894,0.0019497687462717295,0.001770541537553072,0.03180248662829399,0.00024870815104804933,0.0036484021693468094
IL_0267598,0.0025723306462168694,0.0017292826669290662,0.003486313857138157,0.9847806692123413,0.003418189939111471,0.0011079187970608473,0.0004022723587695509,0.00036222918424755335,0.029534390196204185,0.1189526841044426,0.01379777118563652
IL_0312376,0.3206632137298584,0.9171675443649292,0.0013001993065699935,0.10512291640043259,0.006368318106979132,0.0008004676201380789,0.003386770375072956,0.004939576145261526,0.007165559567511082,0.0008757284376770258,0.015683334320783615
IL_0331012,0.004539952613413334,0.9987298846244812,0.07882131636142731,0.01462422963231802,0.003516211872920394,0.008202051743865013,0.000562291475944221,0.0019032765412703156,0.002949716756120324,0.0008642153115943074,0.00362073234282434
IL_0344325,0.0005085851298645139,0.6396662592887878,0.009402244351804256,0.018453894183039665,0.007797256112098694,0.046043019741773605,0.00535604590550065,0.0022343897726386786,0.07022581249475479,9.997167944675311e-05,0.00362010789103806
IL_0403731,0.2942539155483246,0.0025012539699673653,0.00018507127242628485,0.002151019871234894,0.0001824086793931201,0.0003540042962413281,0.0015861268620938063,9.589223191142082e-05,8.517153764842078e-05,0.9865502119064331,0.0018972811521962285
IL_0404181,0.045531440526247025,0.9715381264686584,0.030011160299181938,0.06249021738767624,0.01298653706908226,0.006182943470776081,0.007385547272861004,0.02855823189020157,0.0022598612122237682,0.010961169376969337,0.04262814670801163
IL_0465184,0.0021439511328935623,0.9966981410980225,0.022471487522125244,0.31779634952545166,0.0079698096960783,0.003455197671428323,0.0023215184919536114,0.000774163578171283,0.00222479528747499,0.0006172342109493911,0.009369011037051678
IL_0492696,0.0068305316381156445,0.0001732419041218236,0.007991226390004158,0.0011292874114587903,0.002725813305005431,0.014622428454458714,0.00573975732550025,0.03089955449104309,0.9980674386024475,0.0008332795114256442,0.008770693093538284
IL_0560781,0.0024221278727054596,0.0018604890210554004,0.017984746024012566,0.5252290368080139,0.10424122214317322,0.018348626792430878,0.004887726623564959,0.1643775850534439,0.5998631715774536,0.005682770162820816,0.010737749747931957
IL_0575017,0.007577266078442335,0.0020010913722217083,0.010402114130556583,0.9587381482124329,0.007584462873637676,0.008444583974778652,0.0013846192741766572,0.012833109125494957,0.30975618958473206,0.00025720131816342473,0.013054192997515202
IL_0578791,0.04976535215973854,0.7464659810066223,0.004190648905932903,0.0036622032057493925,0.019552776589989662,0.03085746057331562,0.0017109840409830213,0.035738956183195114,0.013405298814177513,0.0009892145171761513,0.002659929683431983
IL_0611781,0.00235939584672451,0.9862218499183655,0.014790847897529602,0.2732183337211609,0.0018860644195228815,0.002769376849755645,0.0009732581092976034,0.0010044556111097336,0.0013215672224760056,0.00940877478569746,0.005244816187769175
IL_0649132,0.0034157417248934507,0.04542681947350502,0.07217258960008621,0.9766728281974792,0.016697123646736145,0.007140154950320721,0.003304056590422988,0.021450677886605263,0.048030804842710495,0.0024512200616300106,0.024035755544900894
IL_0704269,0.011926411651074886,0.2832906246185303,0.0031673023477196693,0.07666561752557755,0.03508380055427551,0.03574639558792114,0.002832661848515272,0.0027418634854257107,0.026549072936177254,0.25645583868026733,0.008653515949845314
IL_0718371,0.0007232632488012314,0.0337519608438015,0.0037120203487575054,0.014599855989217758,0.005624757148325443,0.005876896437257528,0.008557533845305443,0.00031936398590914905,0.05301851034164429,0.9932761192321777,0.006945554167032242
IL_0721442,0.005741646979004145,0.036387406289577484,0.0003764077846426517,0.001290080021135509,0.0023484397679567337,0.0004253376100677997,0.004008315037935972,1.6208248780458234e-05,0.00018831240595318377,0.9975874423980713,0.0075460877269506454
IL_0754056,0.9489984512329102,0.0796993300318718,0.007769992109388113,0.0012819672701880336,5.47643649042584e-05,0.000956802919972688,0.0013744751922786236,0.000540208478923887,9.999494795920327e-05,0.010177907533943653,0.009732464328408241
IL_0808321,0.012622108682990074,0.007481240201741457,0.04645947739481926,0.20838375389575958,0.007217362057417631,0.0363985151052475,0.0011188389034941792,0.01579698920249939,0.7625176310539246,0.003038430353626609,0.003956626635044813
IL_0854378,0.22065983712673187,0.3722643554210663,0.0070320903323590755,0.037852656096220016,7.055532478261739e-05,5.235911157797091e-05,0.0008792320149950683,4.790399998455541e-06,8.073554909060476e-07,0.0001644000585656613,0.007089540828019381
IL_0895462,0.03083900548517704,0.7522023320198059,0.003374366322532296,0.014509815722703934,0.005510159768164158,0.0019012747798115015,0.0007210758049041033,0.00016704652807675302,0.013322577811777592,0.0001757237914716825,0.003702573012560606
IL_0928130,0.01523978915065527,0.8119622468948364,0.012083285488188267,0.011249974370002747,0.01715557463467121,0.004193076863884926,0.1875198632478714,0.014557670801877975,0.021118029952049255,0.025960100814700127,0.01747966557741165
IL_0977585,0.00015854577941354364,0.12343264371156693,0.0006988581735640764,0.033266112208366394,0.0008902327390387654,0.00018022344738710672,0.0015936807030811906,5.445468787002028e-07,3.114899300271645e-05,0.9384756684303284,0.008388945832848549
IL_0977986,0.35468146204948425,0.9998164772987366,0.0006150376866571605,4.500174691202119e-05,0.00033305989927612245,0.00020646143821068108,0.0027567006181925535,2.015453173953574e-05,5.933659849688411e-06,2.5349227144033648e-05,0.0019957569893449545
IL_0996202,0.0004036477184854448,0.0028415299020707607,0.002345999935641885,0.0023347139358520508,0.01836913824081421,0.0692015066742897,0.006253440398722887,0.0032751255203038454,0.9933062195777893,0.00026242987951263785,0.004573199898004532
IL_1009731,0.008580327965319157,0.014503729529678822,0.004300692584365606,0.17801161110401154,0.003588662715628743,0.003300453070551157,0.0009040978620760143,0.00038980651879683137,0.0008901885012164712,0.9816793203353882,0.004688795655965805
IL_1011664,0.007349339313805103,0.005722956731915474,0.010700894519686699,0.8964174389839172,0.0010235962690785527,0.01275103259831667,0.0004792926483787596,0.014210757799446583,0.0053010848350822926,0.0009772642515599728,0.011195464059710503
IL_1020124,0.0013784787151962519,0.3671656847000122,0.008675201795995235,0.022905202582478523,0.0005668054800480604,0.011615036055445671,0.01420874148607254,0.00536697031930089,0.00026599987177178264,0.021914660930633545,0.017371896654367447
IL_1024284,0.015989486128091812,0.0672057569026947,0.0006689818692393601,6.904436304466799e-05,0.0012895696563646197,9.109015809372067e-05,0.00536683015525341,1.1383185665181372e-05,0.0007710249628871679,0.9910416007041931,0.0005788873531855643
IL_1024365,0.1635507345199585,0.2773354947566986,0.0013507722178474069,0.012077732011675835,0.004355521406978369,0.0004121754318475723,0.0031679272651672363,0.00022599630756303668,0.10133124887943268,0.002112535759806633,0.0024100523442029953
IL_1080907,0.0024373922497034073,0.9837655425071716,0.0014539174735546112,0.0008368008420802653,0.0009633312001824379,0.002443405333906412,0.0011830904986709356,9.48449524003081e-05,0.00033700355561450124,0.15042388439178467,0.0021913324017077684
IL_1159502,0.0007208263268694282,0.9996746778488159,0.004322095774114132,0.0016617031069472432,0.003403391921892762,0.0013946766266599298,0.0036619422025978565,0.0006788846221752465,0.02356588840484619,0.02974008023738861,0.011208905838429928
IL_1183203,0.007895240560173988,0.8535638451576233,0.0066393581219017506,0.09986099600791931,0.0590408556163311,0.004451626446098089,0.009364038705825806,0.018208343535661697,0.0009245568653568625,0.03570866212248802,0.005647464655339718
IL_1236220,0.009577298536896706,0.0014291227562353015,0.0017030248418450356,0.6103318333625793,0.0038332866970449686,0.002400327008217573,0.0024060967843979597,0.007197099272161722,0.0009877533884719014,0.8231061100959778,0.02307467721402645
IL_1246958,9.430474892724305e-05,0.0030943762976676226,0.00036920313141308725,0.0011794829042628407,0.2848067879676819,0.9909834861755371,0.0009814528748393059,0.00011356699542375281,0.03305111080408096,3.9387145079672337e-05,0.03655340149998665
IL_1248470,0.038421615958213806,0.593657374382019,0.041727568954229355,0.0032632220536470413,0.0008528786711394787,0.014532641507685184,0.06434304267168045,0.11557091027498245,0.002525135176256299,0.001738364459015429,0.0012121634790673852
IL_1266003,0.0003545044455677271,0.09108756482601166,0.0019222120754420757,0.00561408419162035,0.008914555422961712,0.03994683176279068,0.04790925979614258,0.8205731511116028,0.004142445512115955,0.0008938325918279588,0.027012592181563377
IL_1298091,0.03811626881361008,0.9796344637870789,0.0015161638148128986,0.041867516934871674,0.0005686092190444469,0.0034229608718305826,0.002346218563616276,0.015451492741703987,0.006017629057168961,0.0002719014883041382,0.04245820268988609
IL_1418346,0.033855702728033066,0.3626852333545685,0.04400132596492767,0.24236313998699188,0.028328003361821175,0.05578313022851944,0.007183497305959463,0.01204527635127306,0.16386616230010986,0.8810254335403442,0.07198207825422287
IL_1420891,2.9884222385589965e-05,1.082979088096181e-05,0.0015282509848475456,0.0003666672855615616,0.0009598311153240502,0.005608717445284128,0.000648322282359004,0.990253210067749,0.04419086128473282,8.500982221448794e-05,0.03522074967622757
IL_1431089,0.002308203373104334,0.07231967151165009,0.010080227628350258,0.986161470413208,0.0049547189846634865,0.0004377917794045061,0.0030678091570734978,8.867224823916331e-05,0.00040156429167836905,0.00022447820811066777,0.008515242487192154
IL_1450991,0.008398471400141716,0.9856898784637451,0.003270508488640189,0.007640351541340351,0.010511752218008041,0.0016481118509545922,0.004126113373786211,0.00012412009527906775,0.0001725044276099652,0.20445387065410614,0.004279232583940029
IL_1497560,0.22620846331119537,0.4220510721206665,0.010126161389052868,0.4850994944572449,0.01625029370188713,0.012671707198023796,0.0031993219163268805,0.0051861838437616825,0.0544460266828537,0.0009589421097189188,0.02740822546184063
IL_1502550,0.031173225492239,0.7886501550674438,0.012664854526519775,0.02064305730164051,0.1689249873161316,0.0014186017215251923,0.004953259136527777,0.0001445975503884256,0.003883825149387121,0.0008199750445783138,0.0076235332526266575
IL_1515580,0.00047448891564272344,0.011527666822075844,0.00838454719632864,0.010085063055157661,0.006089629139751196,0.0382499173283577,0.0015208545373752713,0.000423078570747748,0.0004971369635313749,0.9854637980461121,0.044204507023096085
IL_1562660,0.029004517942667007,0.8534616231918335,0.0028723711147904396,0.07930643856525421,0.0006465516635216773,0.004235222004354,0.0016206268919631839,0.0014751575654372573,0.00815228745341301,0.0002806713746394962,0.0026822455693036318
IL_1574123,0.0009347135783173144,0.4544302523136139,0.0019457651069387794,0.0470547154545784,0.000993062392808497,0.00033980447915382683,0.001852109795436263,0.2305225282907486,0.0012694738106802106,0.00027427260647527874,0.0015834912192076445
IL_1619785,0.004269709810614586,0.011802715249359608,0.010888822376728058,0.009014135226607323,0.005273974034935236,0.014548256061971188,0.010484736412763596,0.03336162492632866,0.9964536428451538,0.0015501072630286217,0.012244850397109985
IL_1633612,0.015027856454253197,0.0028595372568815947,0.0016022506169974804,0.7662702798843384,0.007383753079921007,0.00039928636397235096,0.004659028723835945,2.0211520677548833e-05,5.654266715282574e-05,0.8011905550956726,0.001784545136615634
IL_1641818,0.10276579111814499,0.1975661814212799,0.0025321817956864834,0.11073612421751022,6.730473978677765e-05,0.0017581239808350801,0.00023575789236929268,0.13325147330760956,0.00014949575415812433,0.0016478655161336064,0.0006634449819102883
IL_1643221,0.02632167376577854,0.9922911524772644,0.05884094536304474,0.04109613224864006,0.0064743757247924805,0.0396859236061573,0.0013214879436418414,0.004924886394292116,0.0458403080701828,0.05393962189555168,0.02826269343495369
IL_1664752,0.9682139754295349,0.09418471157550812,0.0002108991175191477,0.004200635943561792,0.00036473243380896747,0.0001037355323205702,0.002513681771233678,3.102522168774158e-05,2.5964189262595028e-05,0.0024857812095433474,0.003384125418961048
IL_1681515,0.5225575566291809,0.014300050213932991,0.001344693242572248,0.010749178938567638,0.0011309038382023573,0.0034030666574835777,0.003366234712302685,2.8626782295759767e-06,5.683746621798491e-06,0.04022780805826187,0.009217575192451477
IL_1688338,0.0016392236575484276,0.9800764918327332,0.0012470607180148363,0.10960165411233902,0.021380208432674408,0.0008118574041873217,0.004761785268783569,0.0001755057746777311,0.02651216834783554,0.012337900698184967,0.001111030811443925
IL_1706933,0.008626527152955532,0.9669516086578369,0.0032209439668804407,0.06310004740953445,0.0033619662281125784,0.0006157353054732084,0.0011219382286071777,0.0001235458767041564,0.00023759629402775317,0.044635109603405,0.10355546325445175
IL_1860067,0.0042519052512943745,0.9974194765090942,0.000973713060375303,0.0329696387052536,0.0006181233911775053,0.000118031028250698,0.0009522475302219391,0.00029287542565725744,0.00022601807722821832,4.13576744904276e-05,0.01893763244152069
IL_1884002,0.013833140023052692,0.944648265838623,0.01817081868648529,0.07644902914762497,0.0123411500826478,0.003841160563752055,0.002003381960093975,0.00047046531108208,0.04705429449677467,0.00033880528644658625,0.007543174084275961
IL_1897663,0.014792564325034618,0.0034282286651432514,0.0004211354535073042,0.022853709757328033,0.0003456192498560995,0.0005294883158057928,0.006146332714706659,4.6498782467097044e-05,0.0005582584999501705,0.9929209351539612,0.01055976189672947
IL_1901178,0.5165629386901855,0.025855813175439835,0.000599764462094754,0.5497143268585205,0.0019951132126152515,0.0030309571884572506,0.0021312746684998274,0.0003746025322470814,0.01990322396159172,0.08462077379226685,0.008581910282373428
IL_1935222,0.16667120158672333,0.9985246062278748,0.0045731388963758945,0.007557490840554237,0.003571479581296444,0.007144604343920946,0.0016932968283072114,0.0003851069777738303,0.00132184405811131,0.0037194339092820883,0.029369184747338295
IL_1968737,4.488713966566138e-05,0.024850601330399513,0.013477851636707783,0.002747017191722989,0.007597757503390312,0.005056276451796293,0.014716177247464657,0.0011285755317658186,0.175275519490242,7.208545139292255e-05,0.81333988904953
IL_1976391,0.00047809421084821224,0.00010800093878060579,0.006837848573923111,0.0005915637593716383,0.0025855409912765026,0.0091495206579566,0.002518940716981888,0.8524509072303772,0.8821588158607483,1.5062135389598552e-05,0.008287733420729637
IL_2021485,0.024376075714826584,0.7678957581520081,0.002832711674273014,0.11715768277645111,0.0027192672714591026,0.003208513604477048,0.0011160775320604444,0.001485111890360713,0.0008120566490106285,0.2048158049583435,0.003828071290627122
IL_2031231,0.001712766126729548,0.9999852180480957,0.000818121072370559,0.0003871167136821896,0.0003319956886116415,0.00026484770933166146,0.001362278708256781,7.986720447661355e-06,2.55261079473712e-06,5.0065787945641205e-05,0.00020233247778378427
IL_2042306,0.0011424871627241373,0.04915730282664299,0.02718530036509037,0.010815264657139778,0.00382222980260849,0.006278875283896923,0.012391747906804085,0.015235867351293564,0.9596569538116455,0.00041003903606906533,0.003775973105803132
IL_2057670,4.9857200792757794e-05,0.010181578807532787,0.0020038702059537172,0.004670238122344017,0.00010394259152235463,0.0016955327009782195,0.0011350553249940276,8.80398292792961e-05,8.028997399378568e-06,0.9990181922912598,0.006521813105791807
IL_2058271,0.04249522462487221,0.8141102194786072,0.28415414690971375,0.21010969579219818,0.03306284546852112,0.016033390536904335,0.0025122722145169973,0.01126667857170105,0.01327123399823904,0.03502560779452324,0.04956745356321335
IL_2068901,0.1938181221485138,0.9570186138153076,0.016974039375782013,0.01183590292930603,0.0002844175905920565,0.006477781571447849,0.0004968297434970737,6.82447716826573e-06,0.0011712595587596297,0.0010705984896048903,0.009305989369750023
IL_2076993,0.02389407902956009,0.0033342246897518635,0.002266096882522106,0.5000386834144592,0.0002490346669219434,0.0006607285467907786,0.001997563289478421,3.6037858080817387e-05,0.008704781532287598,0.17581355571746826,0.002022095490247011
IL_2078226,0.04156599938869476,1.622261515876744e-05,0.0010114386677742004,0.1287120133638382,0.0003043813048861921,0.00012138819874962792,0.0047475555911660194,4.5530514398706146e-06,2.8556423785630614e-05,0.5234932899475098,0.011557615362107754
IL_2081710,0.00026548278401605785,0.0438993014395237,0.0015886803157627583,0.0029220017604529858,0.0007020101184025407,0.00612710602581501,0.0007465300150215626,0.025028763338923454,0.43506237864494324,7.861466656322591e-06,0.004162589553743601
IL_2085556,0.002186774741858244,0.9632427096366882,0.004837933462113142,0.5842218399047852,0.0005403050454333425,0.0006670718430541456,0.001655608182772994,0.00010369765368523076,0.002162704709917307,0.001184477936476469,0.005687640979886055
IL_2090864,0.07668062299489975,0.95393967628479,0.004994268994778395,0.061368782073259354,0.02160177379846573,0.0028754947707057,0.001919632893987,0.0007706834585405886,0.0046259136870503426,0.0007734718965366483,0.009553035721182823
IL_2144290,0.000981988268904388,8.724121289560571e-05,0.0053497301414608955,0.0003762578417081386,0.000527645112015307,0.0025104673113673925,0.007784416899085045,0.01868358999490738,0.9996206760406494,0.0001441462809452787,0.017009912058711052
IL_2157015,0.3696122169494629,0.9971455931663513,0.006740974728018045,0.0025418063160032034,0.003802474122494459,0.0037052843254059553,0.002730126492679119,0.00026133429491892457,0.005287951324135065,0.00039220796315930784,0.003923468291759491
IL_2190574,0.04424593970179558,0.9875448346138,0.021812787279486656,0.012979882769286633,0.005387790966778994,0.0007063291850499809,0.0011275697033852339,0.0004225511511322111,0.036135174334049225,0.012278681620955467,0.015361410565674305
IL_2207792,0.00018733226170297712,0.021740635856986046,0.005165316630154848,5.0510920118540525e-05,0.002798043889924884,0.016861749812960625,0.0027202556375414133,0.18827751278877258,0.18039080500602722,0.00025610675220377743,0.00034457663423381746
IL_2254004,0.02280319854617119,0.9418110251426697,0.004277994856238365,0.04694385454058647,0.004325653426349163,0.0008357501938007772,0.001333502121269703,0.0015735810156911612,0.00044187021558173,0.15012361109256744,0.005221898667514324
IL_2274232,0.08282734453678131,0.3668871223926544,0.0042749312706291676,0.6195257306098938,0.022119684144854546,0.0017860432853922248,0.0034796835388988256,0.0017389635322615504,0.0034511988051235676,0.0004330030351411551,0.05020303651690483
IL_2283965,0.007683639880269766,0.007033751346170902,0.0008802635129541159,0.008549344725906849,0.0011520534753799438,0.0007915224996395409,0.00451253354549408,1.3138404938217718e-05,0.002962118713185191,0.9905213117599487,0.004065520595759153
IL_2330498,0.014801190234720707,7.443404319928959e-05,0.00024609765387140214,0.9920603036880493,1.8810027540894225e-05,0.00024418949033133686,0.0005107766482979059,5.163762762094848e-05,0.008402224630117416,0.01906457357108593,0.006344600580632687
IL_2354191,0.0007282422739081085,0.007630151696503162,0.0010850261896848679,0.0026418587658554316,0.005852082744240761,0.002871943637728691,0.0038509343285113573,0.0035920438822358847,0.9957699179649353,0.00017360621131956577,0.0019073898438364267
IL_2424578,2.1033843950135633e-05,4.921828349324642e-06,0.0019930663984268904,2.9416438337648287e-05,0.0026289818342775106,0.0034972811117768288,0.004482054617255926,0.6060979962348938,0.9776694178581238,6.744660367985489e-07,0.0023682182654738426
IL_2440740,0.00014322927745524794,1.3393114386417437e-06,0.002867784583941102,0.0003379866830073297,0.00013200081593822688,0.001043881056830287,0.0019272445933893323,0.004596291109919548,0.9999057054519653,6.953908723517088e-06,0.0014367952244356275
IL_2451306,0.0015674791065976024,0.0005200030282139778,0.003379486035555601,0.2469542771577835,0.0148870088160038,0.05200285091996193,0.011761841364204884,0.0016064842930063605,7.793306576786563e-05,0.0005883440608158708,0.10108104348182678
IL_2508459,0.006686259992420673,0.004940649960190058,0.0008044358110055327,0.09492874890565872,0.002097652992233634,0.0022833419498056173,0.0006613078294321895,0.5429704189300537,0.003035920672118664,4.23640085500665e-05,0.0028869195375591516
IL_2512501,0.9950489401817322,0.018199004232883453,0.0023428904823958874,0.005781893618404865,0.00053230463527143,0.00034753212821669877,0.0005484397988766432,8.26172181405127e-05,0.0004108268185518682,0.0007790385861881077,0.0037861140444874763
IL_2520283,0.0007289466448128223,0.9971029162406921,0.0012610021512955427,0.028988709673285484,0.003883081953972578,0.0004463208606466651,0.0044778441078960896,0.00012647832045331597,0.0010906828101724386,0.005745420232415199,0.0017485854914411902
IL_2532113,0.0038851278368383646,0.9650911688804626,0.0033467537723481655,0.040807921439409256,0.0005751568824052811,0.016097836196422577,0.0003645480319391936,0.00015005501336418092,0.00014889540034346282,0.0023337355814874172,0.007517330814152956
IL_2541202,0.04868900403380394,0.7980290651321411,0.008461382240056992,0.01502108946442604,0.006348642520606518,0.07796462625265121,0.07456754893064499,9.757163934409618e-05,0.007171142380684614,0.00040921312756836414,0.013191073201596737
IL_2542731,0.005608041770756245,0.009508221410214901,0.0023962233681231737,0.042498502880334854,0.0001393308339174837,0.01832730509340763,0.002016679383814335,0.0016496526077389717,0.9914166331291199,4.211784471408464e-05,0.0010750556830316782
IL_2564178,0.023253781720995903,0.4837947487831116,0.0007256862591020763,0.0019072951981797814,0.0028687554877251387,0.0003727936709765345,0.0031614452600479126,0.002411389257758856,9.205165952153038e-06,0.26220980286598206,0.002678380813449621
IL_2579528,0.8472746014595032,0.0033961941953748465,0.0005897718365304172,0.38591116666793823,0.0006590713746845722,0.0005676215514540672,0.00021755602210760117,0.0007436940213665366,4.8388269533461425e-06,0.00018604383512865752,0.001868808176368475
IL_2580737,0.002071395516395569,0.9999926090240479,0.003506564535200596,0.0005865353159606457,0.016179781407117844,0.0005644726916216314,0.013710081577301025,0.000203121526283212,8.048443851293996e-05,0.0012280429946258664,0.0012862514704465866
IL_2620364,0.0022220343817025423,0.011052733287215233,0.00024446178576909006,0.49474596977233887,0.0003807985922321677,0.00036230325349606574,0.0004436899907886982,0.0020825101528316736,0.10724831372499466,8.939178223954514e-05,0.00018126022769138217
IL_2631882,0.0006270158919505775,0.9999681711196899,0.02395954355597496,0.0003577999013941735,0.0007063493831083179,0.005964259617030621,0.0024123897310346365,0.002418290823698044,0.0001801681355573237,6.722635589540005e-05,0.01158095896244049
IL_2632245,0.014995521865785122,0.4563015401363373,0.00152266351506114,0.04232393577694893,0.004903713706880808,0.0021722400560975075,0.00030032527865841985,0.014031998813152313,0.0005258333403617144,0.5930710434913635,0.014223375357687473
IL_2667257,0.0006627365946769714,0.9642056226730347,0.005381861701607704,0.12479450553655624,0.11461775749921799,0.001548307714983821,0.003943686839193106,0.0006062675383873284,0.04347856342792511,0.0003375310334376991,0.006834388244897127
IL_2673683,0.5024934411048889,0.8898693323135376,0.0003921451570931822,0.013209333643317223,0.002742786891758442,0.0010845956858247519,0.0023508775047957897,1.1850279406644404e-05,0.0012282868847250938,0.002985713304951787,0.0027535762637853622
IL_2695389,0.00763245252892375,0.9990890026092529,0.0026043604593724012,0.011339892633259296,0.0018990013049915433,0.0011258732993155718,0.0037152504082769156,0.00015423390141222626,0.0020814102608710527,0.00043073156848549843,0.002916547004133463
IL_2697064,0.21333511173725128,0.029307253658771515,0.002072081435471773,0.363375186920166,0.022881558164954185,0.0029665811453014612,0.019818315282464027,0.04108637943863869,0.003885600483044982,0.32756224274635315,0.03717561438679695
IL_2701771,0.021235361695289612,0.9297800660133362,0.003610516432672739,0.05256024748086929,0.025145605206489563,0.03096439689397812,0.02026692032814026,0.0025939790066331625,0.0038066653069108725,0.0012396908132359385,0.0030382988043129444
IL_2713699,0.45035675168037415,0.013445637188851833,0.015532445162534714,0.5086280107498169,0.469868004322052,0.009911049157381058,0.002353034680709243,0.003908959683030844,0.016013024374842644,0.0020349854603409767,0.03914332389831543
IL_2726821,0.04011819511651993,0.8003422617912292,0.005886509548872709,0.5453384518623352,0.01076465006917715,0.001980180386453867,0.0016552780289202929,0.00032027350971475244,0.00366032961755991,0.00041904905810952187,0.003965201321989298
IL_2729600,0.3756694793701172,0.35320302844047546,0.0006505303317680955,0.0068444423377513885,0.0015611049020662904,0.0053346059285104275,0.00254165125079453,4.251058635418303e-05,4.228498073644005e-05,0.02294589951634407,0.002565420465543866
IL_2741580,0.4692416787147522,0.4938027262687683,0.0221870057284832,0.003086271695792675,0.015320711769163609,0.010320430621504784,0.006214509718120098,0.00951108243316412,0.03373554348945618,0.011115883477032185,0.02712470293045044
IL_2778741,0.9974404573440552,0.0007489706040360034,0.0010639100801199675,0.08434995263814926,0.0012977217556908727,0.001245897263288498,0.0022897350136190653,0.0006110441172495484,0.018473366275429726,0.0016312111401930451,0.016416100785136223
IL_2784674,0.15668857097625732,0.007061241194605827,0.0006296673673205078,0.0006801870185881853,0.0003793722717091441,0.0015515382401645184,0.0008352084551006556,2.385873449384235e-05,0.0010662564309313893,0.9420541524887085,0.0036789404693990946
IL_2788623,0.004282766953110695,0.8790002465248108,0.0712568610906601,0.001498095691204071,0.013212913647294044,0.022700438275933266,0.043376293033361435,0.0024480053689330816,0.0031299700494855642,0.0031191096641123295,0.012185989879071712
IL_2824067,0.0007265387685038149,0.23249486088752747,0.008003653027117252,0.023084143176674843,0.001077427645213902,0.0020731091499328613,0.05318436399102211,0.015207655727863312,6.516536086564884e-05,1.8118824300472625e-05,0.008260965347290039
IL_2840498,0.0007475006277672946,0.9555462002754211,0.00040172625449486077,0.0005656526773236692,0.005153013858944178,0.0023572146892547607,0.00810493528842926,0.0002759226190391928,0.060247477144002914,0.0009098045993596315,0.0005656125140376389
IL_2844654,0.0005573948146775365,0.04302619770169258,0.0010609496384859085,0.0029844928067177534,0.00134715111926198,0.004909723065793514,0.2787114679813385,0.0011933299247175455,0.9184929728507996,1.4725902474310715e-05,0.0003629689454101026
IL_2849392,0.521270215511322,0.12076763808727264,0.004078157711774111,0.0003310620377305895,0.005507064051926136,0.0019597718492150307,0.020149771124124527,0.005587841849774122,0.000353097275365144,0.003283984726294875,0.01462921779602766
IL_2851462,0.06173955649137497,0.6434357166290283,0.01716713234782219,0.01274154707789421,0.004335809964686632,0.0011932862689718604,0.0056673032231628895,0.03754892945289612,0.00593432504683733,0.0015448390040546656,0.041164547204971313
IL_2921273,0.018594559282064438,0.5040791034698486,0.03658430278301239,0.276792049407959,0.025042152032256126,0.03524228185415268,0.0013664229772984982,0.0793733298778534,0.6071904897689819,0.6081323623657227,0.09568353742361069
IL_2936438,0.0049077291041612625,0.9999090433120728,0.011123618111014366,0.004491278436034918,0.022227827459573746,0.004968766588717699,0.003274054266512394,0.0005917439120821655,0.00031928150565363467,0.00063550123013556,0.01091743540018797
IL_2947403,0.4663860499858856,0.0970342680811882,0.029758915305137634,0.012024611234664917,0.15437769889831543,0.046576548367738724,0.002033818978816271,0.002337528858333826,0.02695458009839058,0.00018679590721148998,0.030709877610206604
IL_2978149,0.0014397146878764033,0.00039043542346917093,0.006208275910466909,0.0033875140361487865,0.02182157337665558,0.043381430208683014,0.08109190315008163,0.7530457377433777,0.4037533700466156,0.0020817904733121395,0.03726877644658089
IL_2996774,0.01133522018790245,0.4273684322834015,0.0019179509254172444,0.01042790524661541,0.022459708154201508,0.0034466867800801992,0.001956462860107422,0.03517129272222519,0.004334984812885523,0.17272362112998962,0.008808943443000317
IL_3007459,0.012727584689855576,0.012817713432013988,0.0004206413868814707,0.6474595665931702,0.0001508733694208786,0.0005735346348956227,0.001248789019882679,0.012212341651320457,0.0002525271847844124,0.015073420479893684,0.00042432057671248913
IL_3061357,0.004632954020053148,0.9723032116889954,0.0006813954096287489,0.04154708608984947,0.000564975431188941,0.005111231002956629,0.0006165257073007524,0.0007970765582285821,0.0027450050693005323,9.079623850993812e-05,0.00037885867641307414
IL_3076877,0.0029967227019369602,0.3392457962036133,0.0015205119270831347,0.09348183870315552,0.0036145325284451246,0.028350569307804108,0.001035076449625194,0.00013992023013997823,0.0003268867149017751,0.4040655195713043,0.04720761254429817
IL_3084993,0.23539209365844727,0.2548779249191284,0.0002891032490879297,0.27601462602615356,0.001199185149744153,0.0010730419307947159,0.00037852657260373235,2.1751429812866263e-05,0.00014424666005652398,4.974930197931826e-05,0.005216125398874283
IL_3109240,0.012369113974273205,0.9587010145187378,0.00694266427308321,0.01370647270232439,0.006279163993895054,0.0004167293955106288,0.0030060873832553625,0.0033040111884474754,0.0002457541704643518,0.04092811048030853,0.005150455050170422
IL_3124812,0.0013430241961032152,0.9962732791900635,0.004885973408818245,0.018987715244293213,0.000960818724706769,0.0010921093635261059,0.007416888140141964,0.0010369971860200167,0.0011040227254852653,0.012151210568845272,0.0022027285303920507
IL_3127619,0.019738301634788513,0.3322499394416809,0.0006264457479119301,0.6746638417243958,0.00035264715552330017,0.0006870751385577023,0.0017165769822895527,0.0006153094000183046,0.00046002428280189633,0.00035125971771776676,0.0010263860458508134
IL_3149454,0.007825208827853203,0.9990739822387695,0.009615467861294746,0.011837933212518692,0.0007378102163784206,0.0008040330139920115,0.001129461219534278,6.540361209772527e-05,0.0038290738593786955,0.00016007501108106226,0.0013865582877770066
IL_3153787,0.0002806363336276263,0.00027899802080355585,0.004260979127138853,0.010024746879935265,0.005733510013669729,0.13711272180080414,0.0009571703849360347,0.019747966900467873,0.9381828308105469,4.343229375081137e-05,0.003946480806916952
IL_3156984,0.0018652935978025198,0.008131437003612518,0.010419145226478577,0.14798767864704132,0.010183822363615036,0.001573357731103897,0.00517580471932888,0.5536888241767883,0.16453225910663605,0.003766807494685054,0.02500046044588089
IL_3200972,0.00046958826715126634,0.0003816217358689755,0.006551447324454784,0.0036998263094574213,0.00316466111689806,0.0018876359099522233,0.0037703593261539936,0.002924410393461585,0.9960840940475464,3.499124068184756e-05,0.0018754641059786081
IL_3206011,0.0033413884229958057,0.005556303076446056,0.006055948790162802,0.005811605602502823,0.02496321126818657,0.012102842330932617,0.003072117455303669,0.017012152820825577,0.9963990449905396,0.00042329778079874814,0.1210399642586708
IL_3245297,0.0005951707134954631,0.0006065784837119281,0.003111249767243862,0.005309680942445993,0.003279280848801136,0.011766553856432438,0.008331368677318096,7.324400939978659e-05,0.0008644146146252751,0.9991752505302429,0.010654731653630733
IL_3275405,0.08158040046691895,0.014291261322796345,0.0027306147385388613,0.9964311122894287,0.0005899924435652792,0.00028835725970566273,0.0009983039926737547,6.855879746581195e-06,6.548673991346732e-05,0.00028544251108542085,0.014842117205262184
IL_3278464,0.03199143707752228,0.908323347568512,0.004949112888425589,0.0019431451801210642,0.00030843005515635014,0.0003425155591685325,0.006271807476878166,5.0891721912194043e-05,4.0389608329860494e-05,0.395724892616272,0.003130527911707759
IL_3286203,0.0008179791620932519,0.013636494986712933,0.0001415170991094783,0.001653525629080832,0.001069981255568564,0.00021621705673169345,0.0007681626593694091,1.4714395319970208e-06,0.0016834833659231663,0.9560855031013489,0.007360005751252174
IL_3304841,0.047313183546066284,0.011119191534817219,0.0016470199916511774,0.007227770052850246,0.008425735868513584,0.0012165004154667258,0.003494400531053543,1.9885639630956575e-05,0.000840802036691457,0.9924768805503845,0.024766024202108383
IL_3328321,0.003692891448736191,0.005631188862025738,0.0005880718817934394,0.0007649368490092456,0.0020668543875217438,0.0009210658026859164,0.0026272444520145655,1.3467221151586273e-06,0.00014914222992956638,0.9984555244445801,0.0009721626993268728
IL_3355205,0.007683373987674713,0.0003746793372556567,0.0044496976770460606,0.9510643482208252,0.0009927607607096434,0.014881499111652374,0.0014188861241564155,3.898877548635937e-05,0.012878451496362686,0.21645936369895935,0.00045392263564281166
IL_3383918,0.02697717770934105,0.059861067682504654,0.015191759914159775,0.019448287785053253,0.0015956454444676638,0.0011119573609903455,0.0038237208500504494,0.004649112932384014,0.000847411050926894,0.687125563621521,0.0009676212794147432
IL_3405674,0.003346197074279189,0.04366428405046463,0.002802523085847497,0.0517326220870018,0.0030432266648858786,0.005407914984971285,0.005071144085377455,0.00036444616853259504,0.0035416940227150917,0.9961153268814087,0.04689791798591614
IL_3416109,0.0013394386041909456,0.05385241657495499,0.00232541817240417,0.981554388999939,0.001305689918808639,0.0003263004182372242,0.0015706560807302594,8.809358405414969e-05,8.939074905356392e-05,0.0026200274005532265,0.007951230742037296
IL_3417042,0.02172459289431572,0.0036884050350636244,0.025829292833805084,0.9144008159637451,0.03885636478662491,0.012884174473583698,0.0032965559512376785,0.0008175093680620193,0.09978438168764114,0.0011531816562637687,0.0062416912987828255
IL_3475314,0.03773863986134529,0.02668977715075016,0.0020395885221660137,0.5959272384643555,0.001523628830909729,0.00229921517893672,0.0017856362974271178,0.002486659912392497,8.332296420121565e-05,0.09733536094427109,0.00355787412263453
IL_3502631,0.009219220839440823,0.9964996576309204,0.015198458917438984,0.022886423394083977,0.0014397056074813008,0.0028349063359200954,0.002007344039157033,0.007323083002120256,0.0007962715462781489,0.09541000425815582,0.024350935593247414
IL_3512099,0.002055066404864192,0.9997075200080872,0.06067890301346779,0.005197882652282715,0.010628425516188145,0.00923747569322586,0.01406332291662693,0.007767222356051207,0.02180866152048111,0.0014789869310334325,0.010864660143852234
IL_3516247,0.028879256919026375,0.9987761378288269,0.017065206542611122,0.005435221362859011,0.012787171639502048,0.011096560396254063,0.008277533575892448,0.0007727495394647121,0.019230881705880165,0.0014207311905920506,0.009891130961477757
IL_3525336,0.000673282309435308,0.05905468761920929,0.0432366281747818,0.19734913110733032,0.04351263865828514,0.024164024740457535,0.00548782991245389,0.09426344186067581,0.34988489747047424,0.011101546697318554,0.02493881620466709
IL_3584159,0.42643457651138306,0.006154671777039766,0.0005765636451542377,0.21026483178138733,0.005762284155935049,0.000250466720899567,0.006656626705080271,0.0003191135183442384,0.0005228157388046384,0.0036608027294278145,0.0018171515548601747
IL_3592184,0.009284108877182007,0.7316234111785889,0.0019412614637985826,0.02563808485865593,0.011782384477555752,0.02349155768752098,0.002991466084495187,0.002515074796974659,0.002611878328025341,0.4125750660896301,0.006914209108799696
IL_3662013,0.046858180314302444,0.9841437339782715,0.010281127877533436,0.013899743556976318,0.006516699213534594,0.007396720349788666,0.002289957134053111,0.0022303592413663864,0.005140593741089106,0.0033604789059609175,0.012198004871606827
IL_3682737,0.00035887156263925135,2.343659161851974e-06,0.0018056975677609444,0.0013630520552396774,0.0009731060708872974,0.0034906219225376844,0.004025253001600504,0.04150241240859032,0.9479482173919678,4.524581891018897e-05,0.0278988815844059
IL_3708176,0.005006579682230949,0.5770143866539001,0.00010793669935083017,0.07854811102151871,0.0018078122520819306,0.0027509962674230337,0.0033800911623984575,1.1360661119397264e-05,0.0006090739043429494,0.7075151801109314,0.0004951804294250906
IL_3731984,0.009778911247849464,0.37733158469200134,0.03554064407944679,0.05612738057971001,0.0045080422423779964,0.08116674423217773,0.15082840621471405,0.0012356431689113379,0.03543269261717796,0.0005860074888914824,0.0044716838747262955
IL_3743750,0.22406163811683655,0.4002044200897217,0.01237398013472557,0.6238522529602051,0.0021487539634108543,0.0014066770672798157,0.0017262042965739965,0.0026513300836086273,0.0006493444088846445,0.0008185238111764193,0.017248984426259995
IL_3769258,0.04804828763008118,0.0012557775480672717,0.0020367128308862448,0.8781594038009644,0.00010840952745638788,0.008639716543257236,0.0012471106601879,8.508010978403036e-06,8.061355765676126e-05,0.0023295716382563114,0.00010914661106653512
IL_3770691,0.006571034900844097,0.004119413904845715,0.00227087689563632,0.00032438512425869703,0.07715205103158951,0.015127730555832386,0.012937280349433422,0.0008590822690166533,0.0001770016533555463,0.2534399628639221,0.07298828661441803
IL_3795536,0.0843256339430809,0.1477866768836975,0.001783414976671338,0.009731159545481205,0.0012106328504160047,0.003923486918210983,0.0017332062125205994,0.0012053215177729726,0.004845499061048031,0.10393945872783661,0.006452573463320732
IL_3825170,0.001457545324228704,0.9998844861984253,0.06054827570915222,0.0018925787881016731,0.009186412207782269,0.010823179967701435,0.011747478507459164,0.0016049158293753862,0.0012279762886464596,0.00038227494223974645,0.006626470014452934
IL_3849919,0.016097813844680786,0.9949328303337097,0.0616864413022995,0.005021052435040474,0.005685354117304087,0.015592341311275959,0.0023506919387727976,0.004931480623781681,0.06907238811254501,0.000538684253115207,0.02770128846168518
IL_3863962,0.029450982809066772,0.03707979992032051,0.003246511332690716,0.644747257232666,0.00036515999818220735,0.0012273933971300721,0.00552126532420516,7.83030700404197e-05,0.00025217951042577624,0.21130499243736267,0.006727342959493399
IL_3890738,0.07874248176813126,0.16774511337280273,0.003932843450456858,0.019414393231272697,0.0027108313515782356,0.007309189066290855,0.004269363358616829,7.848577661206946e-05,0.00016640759713482112,0.7734519839286804,0.020707910880446434
IL_3916806,0.015775000676512718,0.9975873231887817,0.004632746800780296,0.04747072234749794,0.014240399934351444,0.0014270506799221039,0.0042620254680514336,0.0015920345904305577,0.013424376025795937,0.002419017720967531,0.016552921384572983
IL_3918658,0.002746591344475746,0.5854381322860718,0.0017413045279681683,0.0009300763485953212,0.003237473778426647,0.00036883974098600447,0.0031921372283250093,3.1354513339465484e-05,0.0028633112087845802,0.9600556492805481,0.0016970265423879027
IL_3925046,0.0007854544674046338,0.09903512895107269,0.0032005510292947292,0.009549025446176529,0.01579398103058338,0.007579600438475609,0.016385147348046303,5.682228584191762e-05,0.0001796132419258356,0.9880779385566711,0.02747318334877491
IL_3944678,0.04898830130696297,0.9963386058807373,0.0008424182888120413,0.03916671499609947,0.003759122919291258,0.0016394313424825668,0.009157383814454079,0.0006907092756591737,0.013220426626503468,0.0021079217549413443,0.01882277987897396
IL_3989231,0.0005376193439587951,0.0019792316015809774,0.0013571435119956732,0.17599108815193176,0.0029447157867252827,0.012927340343594551,0.0013357735006138682,0.017877884209156036,0.6128700375556946,0.00026063655968755484,0.0021539744921028614
IL_4014940,0.008820092305541039,0.9946135878562927,0.03158178552985191,0.02499929815530777,0.016913944855332375,0.010347041301429272,0.006525719538331032,0.002141532488167286,0.026699362322688103,0.001463990774936974,0.018491210415959358
IL_4030473,0.019432181492447853,0.9993890523910522,0.02244718000292778,0.016004236415028572,0.007503266911953688,0.008510353043675423,0.0022320079151540995,0.001820158096961677,0.004513921681791544,0.004899873398244381,0.025839997455477715
IL_4032940,0.06947944313287735,0.9612355828285217,0.02067740447819233,0.004055304452776909,0.001639202586375177,0.0007882005302235484,0.0028283761348575354,0.0018835372757166624,0.0014355328166857362,0.011336161755025387,0.0076805539429187775
IL_4048093,0.07311441004276276,0.3466064929962158,0.006637606304138899,0.24161624908447266,0.01552596502006054,0.005052183289080858,0.0019651795737445354,0.001741716405376792,0.0024989352095872164,0.15398848056793213,0.01065855287015438
IL_4102420,0.007114049047231674,0.3607977032661438,0.0019115599570795894,0.0023672294337302446,0.0005127661861479282,0.005569943692535162,0.0016342105809599161,0.00013833689445164055,8.286788943223655e-05,0.417373925447464,0.0024202826898545027
IL_4113222,0.007662168703973293,0.03216070309281349,0.027799390256404877,0.66724693775177,0.0007589321467094123,0.0006452186498790979,0.00159804942086339,0.0014407741837203503,0.0032567190937697887,0.009574571624398232,0.014430053532123566
IL_4121028,0.0014482794795185328,0.999257504940033,0.012744377367198467,0.05786249786615372,0.0023241396993398666,0.005131812300533056,0.0032695960253477097,0.00023554690415039659,0.0013283095322549343,0.0029201768338680267,0.004413191694766283
IL_4137970,0.00023619570129085332,0.000993453781120479,0.021553874015808105,0.9528263807296753,0.0006575251463800669,0.007353420369327068,0.00199430831708014,1.0218752322543878e-05,0.009098113514482975,6.599938205908984e-05,0.030325444415211678
IL_4183780,0.0006036268314346671,0.9983054399490356,0.06884557753801346,0.0008599139982834458,0.010659362189471722,0.018591130152344704,0.006361463572829962,0.00415496900677681,0.0006115710712037981,0.00019918465113732964,0.0028447541408240795
IL_4205103,0.0003046141646336764,0.9951170682907104,0.005976082757115364,0.013536045327782631,0.00409361207857728,0.0018659427296370268,0.0012194551527500153,0.00011351481225574389,0.001247770618647337,0.021454157307744026,0.0026557939127087593
IL_4212360,0.2343605011701584,0.38199275732040405,0.0046284436248242855,0.4180753231048584,0.033291928470134735,0.004629718139767647,0.008664960041642189,0.007387057412415743,0.0053501431830227375,0.004187492188066244,0.020592214539647102
IL_4217178,0.0833556205034256,0.9983199238777161,0.0010423914063721895,0.018895309418439865,0.003697273088619113,9.368485916638747e-05,0.000945049396250397,5.760571002610959e-05,0.00019458164751995355,5.1515067752916366e-05,0.005222874693572521
IL_4273134,0.008136733435094357,0.9961560368537903,0.002552158897742629,0.0014011806342750788,0.00035621001734398305,0.00026362636708654463,0.0024845683947205544,0.00010603025293676183,0.0006059122970327735,0.04499908536672592,0.004950526636093855
IL_4304678,0.004025610163807869,0.7631831765174866,0.005388478748500347,0.004837044980376959,0.0001783503539627418,0.0006625127280130982,0.005456207320094109,7.577306405437412e-06,0.0005106291500851512,0.2528285086154938,0.0065865227952599525
IL_4365221,0.026816247031092644,0.9998354911804199,0.0011281870538368821,0.00041624082950875163,0.004758902359753847,0.004812044557183981,0.0017414543544873595,1.0940460015262943e-05,0.00015183932555373758,4.6449233195744455e-05,0.004763401113450527
IL_4377002,0.0006571402191184461,0.0007053423905745149,0.0003477859718259424,0.06782083213329315,0.014096273109316826,0.0004973090253770351,0.00181324384175241,0.0002599117287900299,0.00010863534407690167,0.9799102544784546,0.00044152745977044106
IL_4378654,0.03737838566303253,0.971922755241394,0.13531510531902313,0.17822939157485962,0.04240807890892029,0.050262030214071274,0.003617399837821722,0.051912497729063034,0.1896175891160965,0.052147556096315384,0.17998582124710083
IL_4383984,0.2182384580373764,0.9920986890792847,0.015664875507354736,0.01234489306807518,0.0008264143252745271,0.0004538451903499663,0.009986101649701595,0.00012436462566256523,0.002597039332613349,0.00036736042238771915,0.0267667043954134
IL_4392618,0.0073813279159367085,0.9936989545822144,0.0015182651113718748,0.013411643914878368,0.0011719715548679233,0.0020710788667201996,0.006975365336984396,0.0003787893510889262,0.0002812019956763834,0.06426843255758286,0.018605869263410568
IL_4393410,0.001366617507301271,0.9941383600234985,0.0037952233105897903,0.018317265436053276,0.0009455356630496681,0.00646267831325531,0.0014448019210249186,0.0016074973391368985,0.009638726711273193,0.0005843103863298893,0.004038683604449034
IL_4404293,0.0018004031153395772,0.028256308287382126,0.0008067191811278462,0.0032204280141741037,0.007927535101771355,0.004625401925295591,0.02149096317589283,6.135254807304591e-05,2.6332365450798534e-05,0.995802104473114,0.001304888166487217
IL_4407167,0.0006664827815257013,0.07535533607006073,0.002982234815135598,0.0006320634274743497,0.0072963787242770195,0.00046672701137140393,0.005485150031745434,1.093054288503481e-05,9.181484347209334e-05,0.9767465591430664,0.006470815744251013
IL_4418818,0.0002817776403389871,0.6636189222335815,0.0031322322320193052,0.06545767933130264,0.002591772936284542,0.027320286259055138,0.00116111955139786,0.0006089220405556262,0.00567901274189353,0.01149529404938221,0.01432724203914404
IL_4429583,0.021439339965581894,0.015016899444162846,0.004355079494416714,0.3424031138420105,0.02210127003490925,0.01683308742940426,0.0022962375078350306,0.03176470100879669,0.24178902804851532,0.009940115734934807,0.01183241792023182
IL_4447995,0.9605182409286499,0.06621407717466354,0.0018452088115736842,0.1536012887954712,0.0010259227128699422,0.0019039831822738051,0.0009583410574123263,0.00010561390809016302,0.025053376331925392,0.0025978200137615204,0.01885230839252472
IL_4474915,0.02830946445465088,0.15221521258354187,0.0017679753946140409,0.10338737815618515,0.010304627940058708,0.0004059114435222,0.002301377709954977,0.0001710830838419497,0.0006220191135071218,0.06430952250957489,0.011425369419157505
IL_4556052,0.01236213743686676,0.07036684453487396,0.0008259242749772966,0.00418947683647275,0.0014057619264349341,0.00018888550403062254,0.0038063053507357836,1.5210262063192204e-05,0.000115798698971048,0.9720198512077332,0.00569688668474555
IL_4629710,0.0006134543800726533,0.9998594522476196,0.008450312539935112,0.013984953053295612,0.0036497735418379307,0.0037464615888893604,0.00331337028183043,0.00031385422335006297,0.0006408304325304925,0.0001321271265624091,0.002715506823733449
IL_4631015,0.00010618010855978355,0.003510579001158476,0.0032075652852654457,0.9599674344062805,0.0007198687526397407,0.0022362542804330587,0.00037853990215808153,0.0003045653866138309,0.0015873777447268367,1.3927411600889172e-05,0.0002035503857769072
IL_4632594,0.0035415675956755877,0.0003634417662397027,0.09534547477960587,0.002399505116045475,0.004961339291185141,0.009069681167602539,0.007746621500700712,0.01284718606621027,0.995624840259552,0.0011086519807577133,0.002185444114729762
IL_4640947,0.08876653015613556,0.5837392210960388,0.009765014052391052,0.10407021641731262,0.00604280037805438,0.04110967367887497,0.0028774954844266176,0.00010177229705732316,0.003785243723541498,0.01505715399980545,0.01338552962988615
IL_4652828,0.027504680678248405,0.9668062925338745,0.0017482009716331959,0.05009877309203148,0.01967521384358406,0.004750828258693218,0.0005904563004150987,0.00709814578294754,0.003804099978879094,0.020253559574484825,0.033311840146780014
IL_4673376,0.00016057382163126022,0.00012423365842550993,0.0044202604331076145,0.003349818754941225,0.003421416040509939,0.009909411892294884,0.001825743936933577,0.35849881172180176,0.8828548789024353,1.707028604869265e-05,0.008931675925850868
IL_4698973,0.0005661217146553099,0.9996166229248047,0.004267849028110504,0.007930446416139603,0.002011254895478487,0.0009933813707903028,0.0016857649898156524,0.005063230637460947,0.0007523448439314961,0.022880053147673607,0.02263455092906952
IL_4703518,0.005249293986707926,0.9993261098861694,0.022826965898275375,0.0028330793138593435,0.011911737732589245,0.019485633820295334,0.005114728584885597,0.0005922127747908235,0.00275605171918869,0.0007473894511349499,0.012030928395688534
IL_4708155,0.0022309673950076103,0.037858959287405014,0.001665557618252933,0.0134577676653862,0.0004925134708173573,0.007419401779770851,0.002687373198568821,0.0018784299027174711,0.9966368675231934,0.00015228665142785758,0.06754056364297867
IL_4733323,0.04418991133570671,0.11336637288331985,0.008498270995914936,0.6676025986671448,0.008028591051697731,0.004955850075930357,0.0035959440283477306,0.0017250790260732174,0.00019998142670374364,0.06272836029529572,0.009532038122415543
IL_4738780,0.0020775047596544027,0.9958618879318237,0.030228381976485252,0.004563981667160988,0.005199004430323839,0.05073809623718262,0.012805248610675335,0.004806736018508673,0.002038721926510334,0.0021488715428858995,0.1552051454782486
IL_4747648,0.00318176974542439,0.990988552570343,0.000826772244181484,0.0069552636705338955,0.0001907391269924119,0.00012149414396844804,0.0002808959980029613,7.515655306633562e-05,0.00023553366190753877,0.016827242448925972,0.008843709714710712
IL_4761308,0.02999686263501644,0.9118245244026184,0.0083370516076684,0.0700611099600792,0.012400229461491108,0.005462348461151123,0.0007406467339023948,0.0003872472152579576,0.0004922297666780651,0.0012582839699462056,0.0031198321375995874
IL_4787245,0.00047369938693009317,0.08958812803030014,0.000539403292350471,0.0012625843519344926,0.001620147144421935,0.00027147302171215415,0.007448376622051001,4.3562667997321114e-05,0.00010029652912635356,0.9935120940208435,0.002131369896233082
IL_4796202,0.0010306441690772772,0.9999879598617554,0.001776728080585599,0.004162757657468319,0.0024116726126521826,0.0008469760068692267,0.002473813481628895,0.0001763466716511175,0.0001386007061228156,0.00011389408609829843,0.0055327448062598705
IL_4805993,0.004221082199364901,0.999653697013855,0.017036523669958115,0.005583799909800291,0.09065325558185577,0.008043423295021057,0.004864572547376156,0.001249302993528545,0.006426215171813965,0.0011642987374216318,0.009702266193926334
IL_4840188,0.0009058995638042688,0.9999886751174927,0.0064492910169065,0.00047552172327414155,0.00478144409134984,0.0006245425902307034,0.007458210922777653,0.00018223657389171422,0.0006278608925640583,0.00042187562212347984,0.0016395654529333115
IL_4848599,0.0029865861870348454,0.999990701675415,0.0007849655230529606,0.0010109040886163712,0.0008338053594343364,0.00023111717018764466,0.0019525133538991213,6.75457195029594e-05,5.109723497298546e-05,0.0009036464616656303,0.0008906407747417688
IL_4848977,0.011998998001217842,0.9896950721740723,0.0009160216432064772,0.004209830891340971,0.0003988319367635995,0.00048579188296571374,0.003918261267244816,9.488367504673079e-05,0.002426355378702283,0.008075264282524586,0.03471820056438446
IL_4907451,0.014018533751368523,0.0008201203308999538,0.006180772557854652,0.8387625217437744,0.0007824543281458318,0.0014427724527195096,0.009409121237695217,0.0002246829099021852,0.008467365987598896,0.5941363573074341,0.009986861608922482
IL_4912944,0.00018464718596078455,0.0008887943695299327,0.01523211132735014,0.009694674052298069,0.010618267580866814,0.025006545707583427,0.005757300183176994,0.001154581317678094,0.0013221658300608397,0.9993901252746582,0.004246808588504791
IL_4926820,0.0002955806558020413,0.0034865408670157194,0.009668093174695969,0.0037261666730046272,0.00824213307350874,0.048832669854164124,0.0024826321750879288,0.21997907757759094,0.819948673248291,0.0002499166294001043,0.06658382713794708
IL_4928787,0.0019413982518017292,0.998299777507782,0.0032359755132347345,0.020355332642793655,0.006823508534580469,0.0027455452363938093,0.0040467893704771996,0.0004342720494605601,0.002234341111034155,0.032197006046772,0.0032930669840425253
IL_4936385,0.014137878082692623,0.12441348284482956,0.001283619669266045,0.3202161490917206,0.0009231520816683769,0.0012051286175847054,0.00019635238277260214,0.006325357593595982,8.496141163050197e-06,6.410870992112905e-05,0.00040934496792033315
IL_4942231,0.5553734302520752,0.001269656466320157,0.0006687966524623334,0.06592751294374466,0.00017981028940994292,0.0002625775814522058,0.0009022600715979934,1.3128747923474293e-05,0.00014883960830047727,0.46156591176986694,0.07125439494848251
IL_4953244,0.0014964945148676634,0.9049572348594666,0.04447614401578903,0.0007209173636510968,7.740195724181831e-05,0.0002344888198422268,0.0005319085321389139,1.6232474081334658e-05,0.00012078938743798062,0.035504862666130066,0.00044412267743609846
IL_4955020,0.9188892245292664,0.07005169242620468,0.00014253307017497718,0.007106434553861618,0.0004055977624375373,0.0011915200157091022,0.0006163353682495654,6.16038551015663e-06,0.0004812369297724217,0.017857994884252548,0.003395463339984417
IL_4964046,0.8420195579528809,0.006164702121168375,0.0015696431510150433,0.01736840419471264,0.00031409788061864674,0.0007621965487487614,0.0008570125210098922,0.00039288774132728577,1.523784885648638e-05,0.03945910930633545,0.005232729483395815
IL_4983934,0.0012331893667578697,0.4153991937637329,0.0020341945346444845,0.0018945164047181606,0.0012521818280220032,0.014813962392508984,0.005595461931079626,1.7905842469190247e-05,0.005422389600425959,0.875519871711731,0.0011674711713567376
IL_4994761,0.5458097457885742,0.8004542589187622,0.002343013184145093,0.08481822162866592,0.00037668729783035815,0.0008049019379541278,0.0007154024788178504,0.00015524918853770941,0.02449444681406021,0.0005067834863439202,0.002537880092859268
IL_5016487,0.019063668325543404,0.0016376933781430125,0.0016205311985686421,0.16474035382270813,0.0047219195403158665,0.0018652047729119658,0.0016277730464935303,7.225916488096118e-05,3.1578911148244515e-05,0.9791951179504395,0.03889100253582001
IL_5018680,0.004016442224383354,0.04734696075320244,0.009436873719096184,0.35630691051483154,0.0006837141118012369,0.00014417267811950296,0.006537811830639839,4.1472248994978145e-05,0.001181308296509087,0.050385117530822754,0.0007596539217047393
IL_5117306,0.0024929530918598175,0.9999829530715942,0.017150308936834335,0.00429877545684576,0.0030349744483828545,0.0013099305797368288,0.0027562917675822973,0.0006154560251161456,0.0004590583557728678,0.00030411736224777997,0.001561400480568409
IL_5136565,0.7133985757827759,0.02089015394449234,0.0004780237504746765,0.0032078013755381107,0.0007947966223582625,0.000517330365255475,0.0023087775334715843,0.00012666780094150454,0.00015850890486035496,0.7621789574623108,0.009625216946005821
IL_5150961,0.010463180020451546,0.9812996983528137,0.00042606587521731853,0.003923112526535988,0.0033441351260989904,0.0008884375565685332,0.004455152899026871,0.0011858455836772919,0.0017021048115566373,0.10310469567775726,0.0032309009693562984
IL_5152620,0.05924128741025925,6.615552410949022e-05,0.023170635104179382,0.054131876677274704,0.12965171039104462,0.0006519308662973344,0.020879453048110008,0.006834378931671381,0.0015134087298065424,0.0015799693064764142,0.06208823248744011
IL_5171099,0.0010102801024913788,0.9987897276878357,0.0003489796945359558,0.04093167185783386,0.00015281670494005084,0.00020426447736099362,0.0029365932568907738,1.427689539923449e-06,1.81349714694079e-05,0.0005027808365412056,0.001089201308786869
IL_5172506,0.0008318147156387568,0.690151035785675,0.012196195311844349,0.00034077122109010816,0.0009641249198466539,0.004658942576497793,0.007646286394447088,0.3321636915206909,0.03456703573465347,0.00030480531859211624,0.11389929056167603
IL_5188190,0.01125784870237112,0.8661094903945923,4.556941712507978e-05,0.01567898504436016,0.001293682842515409,0.0001484998210798949,0.004202152136713266,3.525193221776135e-07,3.7289937608875334e-05,0.0024152477271854877,0.0027479459531605244
IL_5192693,0.00017149564519058913,0.30652812123298645,0.0007690400816500187,0.17251735925674438,0.0006075473502278328,9.205803507938981e-05,0.0031178349163383245,6.600056167371804e-06,9.448619493923616e-06,0.06994853168725967,0.0001879419869510457
IL_5195971,0.5069321990013123,0.9993304014205933,0.0005478198872879148,0.0011806143447756767,0.0007312322268262506,4.7826324589550495e-05,0.014875202439725399,5.451009656098904e-06,0.00020025123376399279,0.00010487787949386984,0.005646993406116962
IL_5199215,1.2527019862318411e-05,0.00530022569000721,0.0035269223153591156,0.0011826730333268642,0.00031389223295263946,2.1978125005261973e-05,0.00717734033241868,0.5322496294975281,0.00839148834347725,3.5493642371875467e-06,0.0010654493235051632
IL_5202722,0.00018142431508749723,0.480071097612381,0.0005424640839919448,0.014383938163518906,9.41735488595441e-05,0.0001651430648053065,0.0008443646947853267,8.225420060625765e-06,0.025610117241740227,9.959720955521334e-06,2.72358774964232e-05
IL_5227274,0.03309010714292526,0.03644862398505211,0.0012711284216493368,0.9883269667625427,0.0004906969261355698,5.3688796469941735e-05,0.00026527734007686377,7.574654773634393e-06,1.9246557712904178e-05,9.2412403319031e-05,0.00339686730876565
IL_5227787,0.0005487247253768146,0.019958142191171646,0.0014204340986907482,0.005295425653457642,0.0005480802501551807,0.0013006210792809725,0.017935721203684807,1.4463311345025431e-05,1.6459280232083984e-05,0.8710090517997742,0.008555381558835506
IL_5242598,0.9589547514915466,0.02731669507920742,0.002336847595870495,0.0006432131049223244,0.002791068749502301,0.025697356089949608,0.0030807529110461473,0.0003727922448888421,0.0010701968567445874,0.001112222671508789,0.0010427420493215322
IL_5308378,0.002933177398517728,0.0012103203916922212,0.005871084984391928,0.18118916451931,0.019481273368000984,0.018745483830571175,0.007418499793857336,0.012348835356533527,0.9843197464942932,0.000366016523912549,0.04830953851342201
IL_5330356,0.30938565731048584,0.8247318863868713,0.0009045248152688146,0.004240972921252251,0.013745920732617378,0.0013363008620217443,0.0017104294383898377,2.8488069801824167e-05,7.077358168317005e-05,0.00907085184007883,0.023006081581115723
IL_5334240,0.0012022382579743862,0.35849615931510925,0.06759103387594223,0.0024577369913458824,0.015952151268720627,0.01080983318388462,0.007803806569427252,0.15131813287734985,0.0005724257207475603,0.00013049425615463406,0.015424370765686035
IL_5360549,0.9612933397293091,4.1056588088395074e-05,0.0008337748004123569,0.011479981243610382,0.0023939574602991343,0.00045273470459505916,0.0024501497391611338,1.5447545592905954e-05,4.5153788960305974e-05,0.621698796749115,0.0005638228030875325
IL_5383665,0.029252680018544197,0.6230717301368713,0.007062203716486692,0.10471675544977188,0.0017004309920594096,0.007303673308342695,0.000914190721232444,0.00019324301683809608,0.004212366417050362,0.01687971130013466,0.009161052294075489
IL_5417792,8.66463451529853e-05,0.006437730509787798,0.004805720876902342,0.0015335571952164173,0.17532432079315186,0.0018101963214576244,0.0035710791125893593,0.013580515049397945,0.4724145233631134,0.0003738015075214207,0.002335902536287904
IL_5419157,0.001064090058207512,0.07638345658779144,0.001148589071817696,0.12581485509872437,0.004809211939573288,0.0027022836729884148,0.001129370299167931,0.00024067843332886696,0.5186237692832947,0.00014747816021554172,0.00014365122478920966
IL_5461503,0.007807543035596609,0.8049265742301941,0.0004860771878156811,0.037646111100912094,0.0010298147099092603,0.00016450074326712638,0.0034942582715302706,1.3897782991989516e-05,0.009207473136484623,0.03706983104348183,0.0003754024510271847
IL_5484022,0.04547681659460068,0.8946636319160461,0.0003551084082573652,8.142796286847442e-05,0.002980647375807166,0.00034396370756439865,0.007322906516492367,2.2882293251313968e-06,0.00038378266617655754,0.08125917613506317,0.00026634172536432743
IL_5489843,0.0025913810823112726,0.9997273087501526,0.002291701966896653,0.02986113354563713,0.00046834300155751407,0.0010683428263291717,0.0009039268479682505,0.00020035015768371522,0.00014773545262869447,0.003923503682017326,0.015205762349069118
IL_5493219,0.0033125155605375767,0.03336142748594284,0.0007419260800816119,0.0032165900338441133,0.007086859084665775,0.001555910799652338,0.0025167849380522966,4.100424121133983e-06,0.0009493233519606292,0.986435055732727,0.0023437642958015203
IL_5512024,0.0005135716055519879,0.0007184270652942359,0.0038685016334056854,0.9994844198226929,0.002749814186245203,0.0011976446257904172,0.0010074255988001823,9.391241292178165e-06,6.384380685631186e-05,0.00041216739919036627,0.03986136242747307
IL_5545711,0.0026339602191001177,0.036481644958257675,0.0033648544922471046,0.2225874364376068,0.0004556595813483,0.00024533228133805096,0.00035445799585431814,0.007687222212553024,0.03260798752307892,0.003053676802664995,0.0007100712973624468
IL_5552679,0.0005782837979495525,0.0011613246751949191,0.002306379145011306,0.00020327109086792916,0.000827746232971549,0.00029474825714714825,0.004613969940692186,7.873869435570668e-06,0.001217809272930026,0.9997469782829285,0.03839761018753052
IL_5562172,0.0016060523921623826,0.9911178946495056,0.0008748247637413442,0.06668463349342346,0.00019857310689985752,0.00018015353998634964,0.0015715790214017034,7.682243449380621e-06,1.0044738701253664e-05,0.01657809689640999,0.004191010724753141
IL_5584877,0.21698376536369324,0.0011864077532663941,0.00042290057172067463,0.05561577156186104,0.009630409069359303,0.030380932614207268,0.0012125993380323052,0.0008826344856061041,0.00425949040800333,0.020547499880194664,0.0009602783247828484
IL_5603161,0.06697992980480194,0.7149933576583862,0.01942247711122036,0.07266326993703842,0.023902766406536102,0.005869051441550255,0.001952462363988161,0.03350453823804855,0.46280214190483093,0.008896613493561745,0.027799449861049652
IL_5609972,0.046849727630615234,0.006611548829823732,0.012007039040327072,0.3269510567188263,0.0016303554875776172,0.0006889809155836701,0.016682123765349388,0.2757050395011902,0.013803702779114246,0.038749631494283676,0.0010574692860245705
IL_5632066,0.00017347630637232214,6.7077977291774e-05,0.0058074938133358955,0.0019711169879883528,0.005778259597718716,0.006965507287532091,0.004276197869330645,0.0005200493615120649,0.8653558492660522,1.1231894859520253e-05,0.941983699798584
IL_5671982,0.37081679701805115,0.6755423545837402,0.0021550385281443596,0.07377757132053375,0.014775971882045269,0.006388100329786539,0.002020023763179779,0.00016395468264818192,0.004424601793289185,0.01772773638367653,0.003145011840388179
IL_5695938,0.029844874516129494,0.7861257791519165,0.002632336225360632,0.0017739986069500446,0.001099248300306499,0.010549832135438919,0.019812490791082382,8.851713937474415e-05,0.00015868371701799333,6.166598723211791e-06,0.00010350511729484424
IL_5698172,0.004195363260805607,0.8573464155197144,0.016739342361688614,0.012327929027378559,0.003996777813881636,0.019813161343336105,0.0036582089960575104,0.019604315981268883,0.05269821360707283,4.546016862150282e-05,0.0038753580302000046
IL_5712655,0.08799510449171066,0.023869067430496216,0.0003475389094091952,0.025413431227207184,0.0021601016633212566,0.00027265454991720617,0.0005335656460374594,0.00011633936082944274,0.006519205868244171,0.22827550768852234,0.006092729512602091
IL_5746899,0.0012477028649300337,0.852939784526825,0.0013638798845931888,0.0013058255426585674,0.0001906943944049999,0.0007178836967796087,0.0017630156362429261,8.590435027144849e-05,0.011726985685527325,0.6084640622138977,0.0015556286089122295
IL_5770284,0.0008678019512444735,3.058369838981889e-05,0.0018846368184313178,0.0022109930869191885,0.0039069270715117455,0.01617581956088543,0.0021086682099848986,0.017254335805773735,0.9990237951278687,2.9228662242530845e-05,0.009155596606433392
IL_5841112,0.00038974705967120826,0.00011543917935341597,0.002418072195723653,0.00014227480278350413,0.0014212250243872404,0.005283528473228216,0.001569779240526259,0.00138200877700001,0.9999649524688721,4.908496975986054e-06,0.032274823635816574
IL_5873278,0.00018171395640820265,0.9995424747467041,0.04226275905966759,0.010731769725680351,4.6306595322676e-05,0.003335601883009076,0.00756500568240881,1.943407733051572e-05,2.7858721296070144e-05,2.318692349945195e-05,0.0007086998666636646
IL_5886154,0.9731834530830383,0.0012563050258904696,0.00040476597496308386,0.00376249966211617,0.009781206026673317,0.000439787982031703,0.0012750328751280904,0.0019143724348396063,0.0009206183603964746,0.0003421700675971806,0.0009345471626147628
IL_5891440,0.0057743084616959095,0.009721344336867332,0.002387755550444126,0.34125757217407227,0.005097582936286926,0.00035905514960177243,0.0024353039916604757,0.007771361619234085,0.0004740252916235477,0.4913066327571869,0.0008103108848445117
IL_5907718,0.011487603187561035,0.20547248423099518,0.0029109916649758816,0.06067374348640442,0.0008400967926718295,0.0004011080600321293,0.0009255483746528625,4.848050593864173e-06,1.5298639482352883e-05,0.2367183268070221,0.004807285498827696
IL_5913331,0.02261405438184738,0.990874171257019,0.0051069846376776695,0.0012854186352342367,0.005544180050492287,0.03158707171678543,0.00031865263008512557,4.8489564505871385e-05,0.0013612521579489112,0.00024236683384515345,0.008293911814689636
IL_5917748,0.01871398277580738,0.9952899217605591,0.007023562211543322,0.22568488121032715,0.0007200581021606922,0.0011427641147747636,0.004200442228466272,0.0001305378245888278,0.00032484778785146773,6.599088374059647e-05,0.001165658817626536
IL_5924119,0.0002241475594928488,7.083312812028453e-05,0.009548844769597054,0.0008826959528960288,0.0017642696620896459,0.038593970239162445,0.002549826866015792,0.026455122977495193,0.9973004460334778,2.192566626035841e-06,0.02381088212132454
IL_5926691,0.00010667271999409422,0.6321365237236023,0.026857981458306313,0.0010584701085463166,0.0043222433887422085,0.03127984702587128,0.021615659818053246,0.011162861250340939,0.5084397196769714,1.5953133697621524e-05,0.02724694460630417
IL_5932158,0.022863570600748062,0.19074635207653046,0.001802167622372508,0.018281370401382446,0.006271245423704386,0.010420240461826324,0.0025745730381458998,0.0003512768307700753,0.0013450095430016518,0.5376503467559814,0.02057194709777832
IL_5978307,0.00041631588828749955,0.00020593474619090557,0.010867181234061718,0.0034934445284307003,0.025497782975435257,0.02117408625781536,0.001891988911665976,0.19288769364356995,0.969982922077179,7.88915713201277e-05,0.04067407548427582
IL_6000978,0.0798373743891716,0.837367832660675,0.002530304715037346,0.05614025518298149,0.0168335922062397,0.012090392410755157,0.0035719939041882753,0.011175085790455341,0.008424676023423672,0.05427411571145058,0.057362183928489685
IL_6012528,0.19830793142318726,0.023705366998910904,0.003938881680369377,0.014017190784215927,0.003737629856914282,0.003682161448523402,0.0014653675025328994,0.0011089255567640066,0.027222778648138046,0.659713089466095,0.03430774435400963
IL_6031916,0.003864912549033761,0.9874851107597351,0.0236026793718338,0.14209936559200287,0.0003527086810208857,0.026803776621818542,0.00239443127065897,0.00217649107798934,0.011771384626626968,0.0002967493492178619,0.006955639459192753
IL_6046824,0.001156765385530889,0.9997891783714294,0.020079968497157097,0.06558603048324585,0.0012009197380393744,0.000522746006026864,0.0010412664851173759,0.00017463837866671383,0.00014803426165599376,1.5476478438358754e-05,0.00040205896948464215
IL_6051806,0.036242760717868805,0.34726884961128235,0.047168370336294174,0.04250834137201309,0.022040285170078278,0.01678721234202385,0.0019252672791481018,0.2528846263885498,0.016163622960448265,0.0025818729773163795,0.05744669586420059
IL_6066131,0.0820184201002121,0.976443886756897,0.15471962094306946,0.0029374423902481794,0.0011342873331159353,0.0008590708603151143,0.0024339258670806885,4.1047816921491176e-05,0.0011852658353745937,0.000821879890281707,0.0037907410878688097
IL_6070882,7.790415838826448e-05,0.9966805577278137,0.000269580923486501,0.0035009339917451143,0.00048494015936739743,0.000496514665428549,0.0015394650399684906,0.0001322168536717072,0.009685833007097244,0.0020860873628407717,0.00011610153887886554
IL_6075447,0.03596479073166847,0.9992910623550415,0.00014098240353632718,0.00046149149420671165,8.423435065196827e-05,9.58755990723148e-05,0.0014727062080055475,9.675497494754381e-06,3.1521081837126985e-05,0.00028661434771493077,0.00035793278948403895
IL_6099493,0.21959403157234192,0.9947413206100464,0.0014527036109939218,0.003231608774513006,0.0017013807082548738,0.0007318585994653404,0.0007319014985114336,0.001849284046329558,3.062324321945198e-05,8.153207454597577e-05,0.0035211858339607716
IL_6099858,0.02214018441736698,0.9961275458335876,0.008906714618206024,0.08187633007764816,0.014606565237045288,0.007158537395298481,0.0025772806257009506,0.006745346821844578,0.02386307530105114,0.006724670063704252,0.03751445561647415
IL_6129083,0.0005898102535866201,0.03105471096932888,0.011308016255497932,0.0003567261737771332,0.0013805748894810677,0.0026614870876073837,0.0022294321097433567,0.00029778890893794596,0.9950206279754639,3.063641634071246e-05,0.020709481090307236
IL_6163594,0.6808531284332275,0.45266273617744446,0.0007468018447980285,0.0478944294154644,0.036132343113422394,0.0005011743050999939,0.0007671780185773969,0.0001391527766827494,0.001394064398482442,0.0017375776078552008,0.002871766220778227
IL_6164735,0.4063400626182556,0.7226927876472473,0.0046581667847931385,0.05063459277153015,0.007285620551556349,0.0008717841701582074,0.00889213290065527,0.0005591296940110624,0.008668380789458752,0.00368075561709702,0.5965545177459717
IL_6191818,0.06823737174272537,0.0014303310308605433,0.00028709840262308717,0.5313020944595337,0.001101090689189732,0.0015584009233862162,0.0048606544733047485,4.948074638377875e-05,0.007619298994541168,0.1431984007358551,0.00499530415982008
IL_6197538,0.0016903853975236416,0.947944700717926,0.0012492280220612884,0.0022391353268176317,0.000512756931129843,0.00018010800704360008,0.001087789423763752,0.00022237903613131493,0.0045923637226223946,0.00262561091221869,0.00022466405062004924
IL_6214063,0.786821186542511,0.3347412049770355,0.0009577696328051388,0.03577947989106178,0.007948067970573902,0.0019267852185294032,0.0014124875888228416,0.0009578564204275608,0.00010960020881611854,0.002530705649405718,0.007471268996596336
IL_6247837,0.0030836393125355244,0.5417734384536743,0.0024337763898074627,0.028412027284502983,0.006471631117165089,0.0025116975884884596,0.007781581953167915,3.9863658685135306e-07,0.0005142007721588016,0.000998093863017857,9.821949061006308e-05
IL_6254530,0.032461874186992645,0.24622459709644318,0.003827469889074564,0.0023909006267786026,0.0046562016941607,0.0020840009674429893,0.015198882669210434,0.1463523507118225,0.00019058714678976685,0.0019283951260149479,0.006058658938854933
IL_6298296,0.011218009516596794,0.8911293745040894,0.005551561713218689,5.352123116608709e-05,0.13078109920024872,0.001206116285175085,0.00799450371414423,0.0001395975996274501,0.005380335263907909,6.139943434391171e-05,0.0033157379366457462
IL_6311333,0.5463818311691284,0.030543046072125435,0.0004258784756530076,0.0008519981638528407,0.000447295606136322,0.012624569237232208,0.0036979445721954107,3.8004400266800076e-05,0.005204556509852409,1.6596994100837037e-05,0.013463860377669334
IL_6364048,0.0014391053700819612,0.5692209005355835,0.008279780857264996,0.01619705744087696,0.01423243060708046,0.002635921584442258,0.00992132443934679,0.000801428104750812,0.683466374874115,0.00021493466920219362,0.12049700319766998
IL_6375582,0.002907151123508811,0.9999921321868896,0.005790374707430601,0.0013270771596580744,0.013146734796464443,0.004790565464645624,0.015279906801879406,0.001414893544279039,0.0011322583304718137,0.00044805434299632907,0.005311509594321251
IL_6379178,0.011808807030320168,0.0005955018568783998,0.019630126655101776,0.9212120175361633,0.00102799735032022,0.001770320814102888,0.005221668630838394,1.2209058695589192e-05,3.6736175388796255e-05,0.0009690375300124288,0.07232308387756348
IL_6379354,0.9753082990646362,0.26870423555374146,0.0011610095389187336,0.011353394016623497,0.0032358772587031126,0.005033297464251518,0.0023142672143876553,7.001090125413612e-05,0.001968095079064369,0.006030934862792492,0.038362834602594376
IL_6430602,0.006747791543602943,0.9810665845870972,0.009988024830818176,0.07178978621959686,0.008043852634727955,0.014359109103679657,0.0020063919946551323,0.0024705210234969854,0.1210453063249588,0.051361363381147385,0.025728117674589157
IL_6444875,0.0024584189523011446,0.9473260045051575,0.0037299408577382565,0.626756489276886,0.0314735472202301,0.0060416292399168015,0.0016692375065758824,0.0014484331477433443,0.0015706396661698818,0.0010370885720476508,0.007550677750259638
IL_6483133,8.68502538651228e-05,2.4252985895145684e-05,0.001897397800348699,0.0015335754724219441,0.00101989577524364,0.0006420011050067842,0.00032442438532598317,0.001134056132286787,0.9969407916069031,1.222809942191816e-06,0.00022073132277000695
IL_6492206,0.4597221612930298,0.5178270936012268,0.001315488014370203,0.18341317772865295,0.0003399075358174741,0.00020472191681619734,0.001602826756425202,0.0015844859881326556,0.0288669615983963,0.00024132596445269883,0.01987587660551071
IL_6495967,0.5528854727745056,0.7775871157646179,0.0058192177675664425,0.0905831977725029,0.010274230502545834,0.004577836487442255,0.006105589680373669,0.00484246714040637,0.01637326367199421,0.01589086651802063,0.2105991244316101
IL_6516078,0.018849670886993408,0.6202104091644287,0.006993228103965521,0.33467602729797363,0.010454755276441574,0.0010927998227998614,0.003485247027128935,0.0003750567266251892,0.00039548793574795127,0.04473419487476349,0.06487593799829483
IL_6579859,0.005196847021579742,0.003908226266503334,0.003349700942635536,0.4382990896701813,0.0010505975224077702,0.023672305047512054,0.0021538217552006245,0.1439547836780548,0.37447884678840637,0.00017144055163953453,0.026524631306529045
IL_6580455,0.011594169773161411,0.9992117881774902,0.008419021964073181,0.003382871625944972,0.06573972851037979,0.000867131573613733,0.002126186853274703,0.0012543225893750787,0.0001681455032667145,0.0005288512911647558,0.024003254249691963
IL_6580650,0.0012696909252554178,0.0001154959827545099,0.005140071734786034,0.0007810519309714437,0.0013141217641532421,0.0025333622470498085,0.003665243973955512,0.01372541207820177,0.9991719722747803,3.3186050131917e-05,0.00861966609954834
IL_6601787,0.031274162232875824,0.9926067590713501,0.010384883731603622,0.008967379108071327,0.03936167433857918,0.007523629814386368,0.008029460906982422,0.006814140826463699,0.005404572002589703,0.04788663610816002,0.05220748111605644
IL_6603212,0.6999554634094238,4.47657766926568e-05,0.000261840847088024,0.11810347437858582,0.0009076002752408385,0.002298327162861824,0.0009458163403905928,0.0070191663689911366,0.009946922771632671,0.008747318759560585,0.0029769414104521275
IL_6607523,0.03486870601773262,0.9267528057098389,0.016847582533955574,0.06671680510044098,0.18399544060230255,0.1083228811621666,0.013125031255185604,0.004525034688413143,0.008750821463763714,0.004569964949041605,0.00811937265098095
IL_6614720,0.021036826074123383,0.9928640127182007,0.0026123158168047667,0.05506114661693573,0.0011813550954684615,0.006728713400661945,0.0015613819705322385,0.0017940651159733534,0.0036967024207115173,0.0012108825612813234,0.011698889546096325
IL_6615378,0.17244715988636017,0.7592511773109436,0.0003182148502673954,0.4123130440711975,0.023023398593068123,0.0005834572366438806,0.0012460675789043307,0.00024936324916779995,0.0008626583148725331,0.00047701416769996285,0.007481487933546305
IL_6619207,0.0036837728694081306,0.9995812773704529,0.0008833757601678371,0.0029906313866376877,0.0014727910747751594,0.0018334760097786784,0.0006400765851140022,0.0007587445434182882,0.000674452050589025,0.0011711171828210354,0.008231335319578648
IL_6671454,0.0011794554302468896,0.26344582438468933,0.00014147772162687033,0.0011242051841691136,0.0007080278010107577,0.0005770224379375577,0.0010728288907557726,5.498631708178436e-06,1.8053146050078794e-05,0.9959681034088135,0.005239189602434635
IL_6691109,0.008966858498752117,0.24336130917072296,0.01528758555650711,0.021757135167717934,0.0026276707649230957,0.001473093288950622,0.0016502614598721266,3.780151382670738e-05,0.0005123963346704841,0.8685054779052734,0.1980196088552475
IL_6705688,0.0029044360853731632,0.9932206869125366,0.0049631353467702866,0.023821186274290085,0.0013339167926460505,0.0023096336517482996,0.0005201393505558372,0.004807956982403994,0.001274731126613915,0.015085969120264053,0.0030176022555679083
IL_6720101,0.04870668798685074,0.04900772124528885,0.024716977030038834,0.012046252377331257,0.007297417614609003,0.0019109997665509582,0.0017420240910723805,0.00040283246198669076,0.00554319703951478,0.9686881899833679,0.16937214136123657
IL_6730800,0.01708279550075531,0.9634512066841125,0.006569434888660908,0.012664036825299263,0.0001567133003845811,0.0022842970211058855,0.01338091492652893,6.0045073041692376e-05,0.0005391031154431403,0.00034995065652765334,0.008956769481301308
IL_6785749,0.41739746928215027,0.004295906983315945,0.0010023347567766905,0.9529419541358948,0.0006597060710191727,0.00023781252093613148,0.002084102015942335,1.4302284398581833e-05,0.00040213391184806824,0.0033641671761870384,0.023247992619872093
IL_6799756,0.00230295374058187,0.9998540878295898,0.0020670865196734667,0.005052945110946894,0.0011315918527543545,0.002631203504279256,0.0028669731691479683,0.00019834848353639245,0.000291604024823755,0.007647661492228508,0.007092572282999754
IL_6928115,0.008804668672382832,0.9340006113052368,0.000533212092705071,0.004423284903168678,4.2145282350247726e-05,0.00018403463764116168,0.0023868107236921787,4.615840794031101e-07,4.731087756226771e-06,0.05112515389919281,0.0029672367963939905
IL_6943589,0.00929503608494997,0.05892099067568779,0.0007910512504167855,0.01478635985404253,0.0009038083953782916,0.0012677351478487253,0.0014948786702007055,0.002057235687971115,0.00023836323816794902,0.6134766340255737,0.03762945532798767
IL_6964671,0.05126025155186653,0.06307559460401535,0.012834493070840836,0.14942161738872528,0.0003098119923379272,0.0005060451803728938,0.0024901360739022493,8.142997830873355e-05,0.04881317913532257,0.005247742868959904,0.023362644016742706
IL_7115582,0.0003659322392195463,0.3518103361129761,0.006842154078185558,0.3618280291557312,0.11951907724142075,0.0012757829390466213,0.006651889532804489,0.0077043501660227776,0.00195467215962708,0.0008024662383832037,0.0023037756327539682
IL_7148487,0.007414930034428835,0.9999756813049316,0.004529007710516453,0.002175200032070279,0.0026715421117842197,0.00023461514501832426,0.0028991741128265858,0.0007483180961571634,8.997683471534401e-05,0.0004777324793394655,0.00899159163236618
IL_7214473,0.010734904557466507,0.9487335085868835,0.0054780300706624985,0.009024534374475479,0.6888155937194824,0.0064240689389407635,0.0013052952708676457,0.0004809624806512147,0.0002864892303477973,0.00020632428640965372,0.009256846271455288
IL_7218860,0.07801348716020584,0.0076424237340688705,0.0038347819354385138,0.05900755152106285,0.002351913368329406,0.02056180313229561,0.004017888102680445,0.4478096067905426,0.020583398640155792,0.009201619774103165,0.01718294806778431
IL_7220515,0.055765967816114426,0.9974157810211182,0.0006903262692503631,0.0008555956883355975,0.005271062720566988,0.0006315765203908086,0.006438853219151497,1.5455047105206177e-05,0.0020927926525473595,0.002360693644732237,0.010591295547783375
IL_7336116,9.729783050715923e-05,0.000918844249099493,0.0010027865646407008,0.0002113901573466137,0.003680575406178832,0.0025628325529396534,0.002459651557728648,0.04396586865186691,0.9915270209312439,4.194092616671696e-05,0.00848805159330368
IL_7352985,0.023739438503980637,0.973450779914856,0.018723875284194946,0.05763540416955948,0.01614082045853138,0.008891266770660877,0.0028002760373055935,0.11502917110919952,0.11646302044391632,0.0025064442306756973,0.07235069572925568
IL_7359666,0.2949525713920593,0.7788394689559937,0.013828919269144535,0.1207648292183876,0.07877472043037415,0.006305004004389048,0.0016892215935513377,0.010049816220998764,0.0026364366058260202,0.014516991563141346,0.02842402644455433
IL_7360646,0.00012134675489505753,0.9927525520324707,0.0023533347994089127,0.00027466146275401115,0.0005530735361389816,0.0009459119173698127,0.0006604871014133096,0.0028777485713362694,5.1975799578940496e-05,5.745532689616084e-05,0.0018075326224789023
IL_7392612,0.041002627462148666,0.9784814715385437,0.029785431921482086,0.12550422549247742,0.07953553646802902,0.025147227570414543,0.006657600402832031,0.10078597813844681,0.13612638413906097,0.035610005259513855,0.14835263788700104
IL_7432503,0.0016564319375902414,0.00663173571228981,0.0017803666414692998,0.010882548056542873,0.02226380817592144,0.007814394310116768,0.0033706212416291237,0.05815912038087845,0.7713310718536377,0.00034806245821528137,0.022155337035655975
IL_7433595,0.0026084338314831257,0.9542216062545776,0.005695968400686979,0.041649121791124344,0.0011770260753110051,0.009899644181132317,0.002133797388523817,0.00021090335212647915,0.05685456842184067,0.00015685023390688002,0.0006108109373599291
IL_7436788,0.7981852293014526,0.6203293204307556,0.027885867282748222,0.02192642167210579,0.006998368538916111,0.015270763076841831,0.003168943338096142,0.0008772354340180755,0.0045048245228827,0.036695320159196854,0.05396159365773201
IL_7451087,0.5257971882820129,0.34778472781181335,0.004164271987974644,0.026699434965848923,0.0009715487831272185,0.002747810212895274,0.0034191159065812826,0.0004977837670594454,0.0022597815841436386,0.7649615406990051,0.011478396132588387
IL_7452804,0.005189370363950729,0.003201215760782361,0.007668443024158478,0.9980904459953308,0.0022574402391910553,0.0011949422769248486,0.0024383163545280695,0.0004116692580282688,0.0010501086944714189,0.005762600805610418,0.010936404578387737
IL_7462703,0.00555415591225028,0.9959725737571716,0.018249232321977615,0.013213200494647026,0.10183871537446976,0.055438753217458725,0.003138716798275709,0.00216605793684721,0.0025746808387339115,0.0015024930471554399,0.020276596769690514
IL_7464129,1.9202629118808545e-05,3.130450920707517e-07,0.0004126504063606262,4.971606813342078e-06,0.00035352216218598187,0.0005838688812218606,0.0010986593551933765,0.002268281066790223,0.9999922513961792,5.069591111350746e-07,0.0006330955657176673
IL_7475868,0.02573387883603573,0.998383641242981,0.018182503059506416,0.04070480167865753,0.013474282808601856,0.006139232311397791,0.001223512808792293,0.004385512787848711,0.005146828014403582,0.0027384378481656313,0.023350568488240242
IL_7505442,0.7656964659690857,0.7925548553466797,0.0011099354596808553,0.051168594509363174,0.004290977958589792,0.0007332953973673284,0.004046598915010691,3.1693645723862574e-05,0.0006761495023965836,0.0009739515371620655,0.001695113955065608
IL_7512996,0.06049364432692528,0.003655071370303631,0.0005345881800167263,0.40237849950790405,0.0003378283290658146,0.00031149215647019446,0.0005477159866131842,2.1560065306402976e-06,2.5628101866459474e-05,0.3695358335971832,0.0010494220769032836
IL_7557824,0.004517132882028818,0.0838431566953659,0.021744316443800926,0.13663706183433533,0.00731562077999115,0.0066433437168598175,0.006707182619720697,0.0223542470484972,0.10822199285030365,0.09330420941114426,0.26302385330200195
IL_7559500,0.6188691258430481,0.033812686800956726,0.0008771559805609286,0.017141759395599365,0.00291538517922163,0.0006192405126057565,0.006466316990554333,0.004191279411315918,0.1106366366147995,0.00018686288967728615,0.0025432740803807974
IL_7580080,0.0008133511291816831,0.004513844847679138,0.011737832799553871,0.04348766803741455,0.0056913248263299465,0.01223733089864254,0.003346900222823024,0.10913679003715515,0.13121004402637482,1.0798182302096393e-05,0.003729014191776514
IL_7604960,0.6010040044784546,0.982840895652771,0.026961591094732285,0.01460734847933054,0.0029971871990710497,0.009351931512355804,0.0009848324116319418,0.00245462148450315,0.0013885602820664644,0.0018100308952853084,0.010954057797789574
IL_7612830,0.05487711355090141,0.9063056111335754,0.008117019198834896,0.03558570146560669,0.0006163773941807449,0.0017448224825784564,0.0005603237077593803,0.00040282608824782073,0.014585601165890694,0.006926458794623613,0.010132228955626488
IL_7636226,0.8299850225448608,0.7156566381454468,0.0028564075473695993,0.01659337989985943,0.00018418348918203264,0.0004036989703308791,0.0008024222915992141,2.6910183805739507e-06,0.0015259373467415571,0.00014309999824035913,0.0010310458019375801
IL_7640681,0.008968736045062542,0.9999010562896729,0.000727701117284596,0.00029599660774692893,5.233814590610564e-05,0.001170555129647255,0.00451435474678874,8.166326733771712e-05,4.956193606631132e-06,9.515776764601469e-05,0.006023898255079985
IL_7667532,0.002517826622352004,0.9999309778213501,0.010483025573194027,0.004910521674901247,0.0028223858680576086,0.0027266573160886765,0.0006744973943568766,0.002542407251894474,0.0026516695506870747,0.0012006022734567523,0.009543150663375854
IL_7720827,3.244496838306077e-05,0.0007101717637851834,0.07021307945251465,0.008899552747607231,0.09347916394472122,0.049988485872745514,0.005159610882401466,0.21852517127990723,0.0011506834998726845,0.01869267039000988,0.027750657871365547
IL_7744265,0.091196708381176,0.9989557266235352,0.010487007908523083,0.005880574695765972,0.009254449978470802,0.0066144587472081184,0.007838284596800804,0.0014466075226664543,0.00240310444496572,0.000440036877989769,0.02308565005660057
IL_7750228,0.03359471261501312,0.9906964302062988,0.001244985032826662,0.014872854575514793,0.0055521223694086075,0.0037460932508111,0.003896841313689947,0.00011446613643784076,0.002449555555358529,0.024251669645309448,0.026820050552487373
IL_7772384,0.007982675917446613,0.04375116154551506,0.0021587598603218794,0.16440793871879578,0.0033048572950065136,0.0026934619527310133,0.002774203661829233,4.113430259167217e-05,8.066723239608109e-05,0.8672124743461609,0.007793357130140066
IL_7777526,0.033072974532842636,0.18992312252521515,0.031197724863886833,0.5147355794906616,0.008915971033275127,0.029154980555176735,0.017772814258933067,0.016827793791890144,0.12570500373840332,0.27485936880111694,0.0503665991127491
IL_7780812,0.020515337586402893,0.9966371059417725,0.003054376458749175,0.0147123197093606,0.02053908444941044,0.002312946366146207,0.003911130595952272,0.000178647693246603,0.0011116316309198737,0.0006164417136460543,0.014944277703762054
IL_7814962,0.005625611171126366,0.7939300537109375,0.010752372443675995,0.18687739968299866,0.00013077814946882427,0.001992197707295418,0.004117909818887711,1.5114377447389415e-06,5.309015978127718e-05,0.0019148472929373384,0.002961879363283515
IL_7839360,0.015174847096204758,0.2250061184167862,0.01994883082807064,0.012658494524657726,0.05532637611031532,0.006446545012295246,0.033776577562093735,0.007995694875717163,0.001636955188587308,0.025090821087360382,0.9994155168533325
IL_7845741,0.0012230246793478727,0.999990701675415,0.0056584300473332405,0.0017205472104251385,0.0032753166742622852,0.0019167792052030563,0.0018587508238852024,0.0008994802483357489,0.0001711724908091128,0.0005067726015113294,0.00451521435752511
IL_7858220,0.005541399121284485,0.9991844296455383,0.008658241480588913,0.0031056746374815702,0.0007924115052446723,0.0046645826660096645,0.0011802189983427525,0.0007434053113684058,0.0004894706653431058,0.004201419651508331,0.00605100579559803
IL_7877903,0.03428143262863159,1.5823705325601622e-05,0.005186100490391254,0.007362434174865484,0.0004610007454175502,0.006383682135492563,0.008300146088004112,0.008505688048899174,0.9987227320671082,4.735592938232003e-06,0.0007803704356774688
IL_7896836,0.12165459245443344,0.8204630017280579,0.017387783154845238,0.4034600853919983,0.006382007151842117,0.004808793775737286,0.0020399331115186214,0.001413747202605009,0.005943505559116602,0.04816334322094917,0.014314716681838036
IL_7914681,0.0019256072118878365,0.9948859810829163,0.005988388787955046,0.004728842526674271,0.008420957252383232,0.004488205537199974,0.008634465746581554,0.0014961780980229378,0.024575846269726753,0.07103656232357025,0.0027646019589155912
IL_7917684,0.006146801635622978,0.0643300712108612,0.0030252207070589066,0.013897953554987907,0.0012200623750686646,0.052313100546598434,0.0598323754966259,0.058713287115097046,0.5027592778205872,0.0022563105449080467,0.024172183126211166
IL_7919145,0.2795746326446533,0.2520016133785248,0.15928590297698975,0.3011377155780792,0.010400356724858284,0.09071344137191772,0.0014424599939957261,0.007978157140314579,0.047606710344552994,0.004223911091685295,0.046681929379701614
IL_7944285,0.5749524831771851,3.712119359988719e-05,0.0009565212531015277,0.9934182167053223,3.5491240851115435e-05,0.0001599895622348413,0.0011397526832297444,1.3274157026899047e-05,0.007851630449295044,0.00019042003259528428,0.012997976504266262
IL_7945525,0.014719875529408455,0.05535568296909332,0.01052864920347929,0.005285368300974369,0.03219837322831154,0.04163941368460655,0.004117039497941732,2.6951918698614463e-05,0.00010570619633654132,0.16018058359622955,0.0024814868811517954
IL_7955621,0.020676035434007645,0.9988834261894226,0.034542061388492584,0.00581729831174016,0.005986223462969065,0.004669493529945612,0.004453285597264767,0.007399486377835274,0.006006856914609671,0.002820149762555957,0.04988480359315872
IL_7983237,0.0027239746414124966,8.304398215841502e-05,0.002663504099473357,0.01398759800940752,0.0017569903284311295,0.002042509149760008,0.004958872217684984,0.27257609367370605,0.12240959703922272,5.9963189414702356e-05,0.580681324005127
IL_7988157,0.0373382605612278,0.05135175213217735,0.06470873206853867,0.5386490225791931,0.04360341280698776,0.3122914433479309,0.006860268302261829,0.003836224786937237,0.06039326265454292,0.00721370754763484,0.017769891768693924
IL_8041132,0.0010082960361614823,0.0021561842877417803,0.0018826427403837442,0.9958816766738892,0.0017666404601186514,0.002012094482779503,0.0015872016083449125,0.0018539053853601217,0.11362318694591522,0.004798412788659334,0.012345224618911743
IL_8073225,0.02430424839258194,0.5901408791542053,0.008525663986802101,0.013830459676682949,0.0045668138191103935,0.0008059527026489377,0.0019443274941295385,1.2271299965505023e-05,0.0007456777966581285,0.22440871596336365,0.2103510946035385
IL_8136561,0.24569480121135712,0.016400586813688278,0.0008239190210588276,0.07644125074148178,0.00016592355677857995,0.0001128687072196044,0.0040413616225123405,0.001505891210399568,0.0018914504908025265,0.005984821822494268,0.013372287154197693
IL_8138997,0.007550877518951893,0.9906294941902161,0.00478318752720952,0.053331635892391205,0.0887509137392044,0.002985237864777446,0.0014013935578987002,7.578838267363608e-05,0.0014724706998094916,0.0010331032099202275,0.010336554609239101
IL_8139746,0.02739538811147213,0.9884483218193054,0.017269600182771683,0.11705029755830765,0.009288868866860867,0.006237841211259365,0.0011782909277826548,0.009906759485602379,0.02567725069820881,0.013005326502025127,0.05666560307145119
IL_8183381,0.0012249990832060575,0.9487857818603516,0.0026612316723912954,0.348808616399765,0.007424193434417248,0.003414723789319396,0.0007725592004135251,0.0007340592565014958,0.01126332301646471,0.0022283843718469143,0.004449464846402407
IL_8191336,0.004907070193439722,0.9922763705253601,0.0010749086504802108,0.0645015612244606,0.0020174607634544373,0.0022274123039096594,0.0012265052646398544,0.0027706532273441553,0.00032572419149801135,8.139480632962659e-05,0.006546821445226669
IL_8258340,0.005663068033754826,0.0010897689498960972,0.0023017828352749348,0.009799775667488575,0.0038488975260406733,0.003180083818733692,0.006797293666750193,7.028623076621443e-05,0.0011760935885831714,0.9976008534431458,0.00676546199247241
IL_8288616,0.971656084060669,0.0005096789682283998,0.0005894916248507798,0.007694590836763382,0.0021925349719822407,0.0006464186008088291,0.0009984932839870453,0.02363772504031658,5.6581548051326536e-06,0.0017324357759207487,0.002061543520539999
IL_8295267,0.04081708565354347,0.001432939781807363,0.0004377629957161844,0.8912274241447449,0.000351648370269686,0.00013564774417318404,0.0012036303523927927,1.1347201507305726e-05,0.001801737817004323,0.22044885158538818,0.027283214032649994
IL_8342281,0.0030963760800659657,0.0015105983475223184,0.010330703109502792,0.0052659702487289906,0.023933541029691696,0.032267358154058456,0.0025438754819333553,6.369542825268582e-05,0.020204095169901848,7.413060757244239e-06,0.0006097938166931272
IL_8371338,0.02053659036755562,0.0002674114075489342,0.00038700157892890275,0.02173275500535965,0.00026478158542886376,0.0006301854737102985,0.0017967196181416512,9.415046952199191e-05,0.007815585471689701,0.9977540373802185,0.004145442508161068
IL_8415316,0.00048734978190623224,0.992881178855896,0.0041101775132119656,0.004417235031723976,0.00502284849062562,0.006187768653035164,0.009599242359399796,4.00864337279927e-05,2.799240974127315e-05,0.0005307391984388232,0.002506271470338106
IL_8416177,0.20722194015979767,0.015506267547607422,0.0004772104148287326,0.001961002591997385,0.006516989320516586,0.0027970767114311457,0.005104848183691502,0.09007696807384491,0.0007538304198533297,0.001353540108539164,0.0016669045435264707
IL_8416753,0.0016721163410693407,0.9999327659606934,0.003527177032083273,0.00016252473869826645,0.0002740828203968704,0.011175505816936493,0.0017458534566685557,0.0004906415124423802,0.00018209779227618128,1.1257116057095118e-05,0.0004193101776763797
IL_8449784,0.06554087996482849,0.9996441602706909,0.016462430357933044,0.0021864634472876787,0.0011427918216213584,0.0010154726915061474,0.005751167889684439,0.00011399188224459067,0.0029106030706316233,0.0009512043325230479,0.011041798628866673
IL_8456893,0.8414710164070129,0.20288731157779694,0.02407260425388813,0.0005267561646178365,0.0001793421688489616,0.0011198320426046848,0.002900864463299513,0.013486230745911598,0.00030450004851445556,0.001563939731568098,0.010386476293206215
IL_8510989,0.009974600747227669,0.9027565717697144,0.0029570746701210737,0.0029220907017588615,0.0006358023383654654,0.009910871274769306,0.001750343362800777,0.00011435398482717574,0.0002690953260753304,0.10153231769800186,0.034229978919029236
IL_8524892,0.017701301723718643,0.9944100975990295,0.0014030353631824255,0.010421824641525745,0.0002842452086042613,0.0008458879310637712,0.0003908487851731479,0.0001644292351556942,0.00042459694668650627,0.0008341625216417015,0.002779770875349641
IL_8562073,0.001744979526847601,0.9987586736679077,0.00035296633723191917,0.023655759170651436,0.0006934028351679444,0.00048574304673820734,0.0009766736766323447,5.913394852541387e-05,0.03666943684220314,1.4343986549647525e-05,0.0018166431691497564
IL_8576492,0.7364020943641663,0.00013996040797792375,0.00048298161709681153,0.03523951768875122,0.000228457894991152,0.0009439371642656624,0.001474102959036827,1.4570786333933938e-05,7.631191692780703e-05,0.9188162088394165,0.020150840282440186
IL_8579370,0.0016164929838851094,0.09829114377498627,0.01006153505295515,0.9639745950698853,0.00011456014908617362,0.00023692175454925746,0.004107275977730751,2.0039404262206517e-05,0.0006690628360956907,0.00018020505376625806,0.003419683314859867
IL_8580922,0.028397230431437492,0.8235266804695129,0.007103077135980129,0.4031635820865631,0.11252802610397339,0.0019253341015428305,0.006656746380031109,0.0003087419318035245,0.0014528504107147455,0.007632986642420292,0.005145361181348562
IL_8587951,0.01175615657120943,0.016443919390439987,0.017855394631624222,0.9406871795654297,0.016593247652053833,0.002863404108211398,0.0020277954172343016,0.000188251375220716,0.022138146683573723,0.003399481764063239,0.013858002610504627
IL_8698362,0.0002669197856448591,9.080256859306246e-05,0.012671229429543018,0.0016410053940489888,0.020095009356737137,0.006950904615223408,0.0027019779663532972,0.03872387483716011,0.9947475790977478,2.6502848413656466e-05,0.03540509566664696
IL_8706018,0.0028563670348376036,0.9999951124191284,0.0010890132980421185,0.00030787012656219304,0.0011666524223983288,0.0005357774789445102,0.00045093585504218936,5.0133061449741945e-05,5.918494935031049e-05,0.00021822249982506037,0.0023610214702785015
IL_8779223,0.007046692073345184,0.0003964508359786123,0.003038343507796526,0.01490688044577837,0.0005290726548992097,0.001385907526127994,0.0010036372113972902,0.0011890539899468422,0.0001891280699055642,0.9992942810058594,0.016852591186761856
IL_8807227,0.008556683547794819,0.9973794221878052,0.012125212699174881,0.015927940607070923,0.008029027841985226,0.0026097216177731752,0.006811443250626326,0.0057288529351353645,0.012079746462404728,0.00782819278538227,0.10521839559078217
IL_8864283,0.0004017835308331996,0.003738011932000518,0.003546835156157613,0.0010467625688761473,0.03987819328904152,0.009067660197615623,0.0011820968938991427,0.0011993397492915392,0.9996127486228943,0.000217604567296803,0.037770092487335205
IL_8869852,0.010892506688833237,0.9998193383216858,0.004661187529563904,0.0030458783730864525,0.02124299295246601,0.02183898538351059,0.009963897988200188,0.0009187540854327381,0.0023897066712379456,0.0010160300880670547,0.020913146436214447
IL_8892064,0.0016367565840482712,0.08501028269529343,0.04531338810920715,0.03649313747882843,0.0401209220290184,0.00805144663900137,0.009017709642648697,0.001151920179836452,0.00954354740679264,0.9788994193077087,0.018070202320814133
IL_8894007,0.0024621516931802034,0.002213947707787156,0.0035337430890649557,0.001630396582186222,0.0013021499617025256,0.019216295331716537,0.0006353434873744845,0.9895222783088684,0.02628641203045845,0.00137823517434299,0.011424222961068153
IL_8908749,0.18955163657665253,0.01018995326012373,0.0031339821871370077,0.1977764070034027,0.0052857245318591595,0.0028039170429110527,0.002987709827721119,0.0005157511914148927,0.01028889324516058,0.8618701696395874,0.07529706507921219
IL_8914785,0.0015500136651098728,0.0960216373205185,0.0010731617221608758,0.006107838358730078,0.0003166430105920881,0.0002372723538428545,0.003908790647983551,1.4413152484848979e-06,0.007764395326375961,0.5309997200965881,0.00029024964896962047
IL_8947300,0.003969965036958456,0.9996417760848999,0.013614444062113762,0.005854477174580097,0.027998240664601326,0.0009303839760832489,0.0003980147885158658,0.0002765668323263526,2.3074160708347335e-05,0.00034776460961438715,0.009181851521134377
IL_8974391,0.017336133867502213,0.027314389124512672,0.029114967212080956,0.8082973957061768,0.0028750079218298197,0.029576389119029045,0.0016455348813906312,0.00016668456373736262,0.005982295144349337,0.32642319798469543,0.012211617082357407
IL_9036064,0.004900733940303326,0.9908292293548584,0.0016405547503381968,0.058039214462041855,0.000742994830943644,0.0010123038664460182,0.0008721298072487116,0.0007762933382764459,0.12009762972593307,0.00025412029935978353,0.19979174435138702
IL_9058117,0.008210950531065464,0.998299777507782,0.002680768957361579,0.015851542353630066,0.005709133110940456,0.003000386292114854,0.005171662196516991,0.017864637076854706,0.00019120126671623439,0.03288476914167404,0.00227844575420022
IL_9061839,0.008160238154232502,0.03718264028429985,0.0020715135615319014,6.012219455442391e-05,0.00020116522500757128,0.00021316256606951356,0.0019434791756793857,1.0920893146249e-05,8.77465026860591e-06,0.889108419418335,0.00029934709891676903
IL_9079153,0.004025300499051809,0.999524712562561,0.010646943934261799,0.003244721796363592,0.0013668336905539036,0.00387732801027596,0.0021631689742207527,4.779742084792815e-05,0.0007671352359466255,0.011129126884043217,0.01273020263761282
IL_9143254,0.14287278056144714,0.015036370605230331,0.0011674617417156696,0.43859177827835083,0.001358003937639296,0.0008494568755850196,0.0011964485747739673,0.0002096266980515793,0.07143129408359528,0.24399912357330322,0.011800969950854778
IL_9155981,0.4732474386692047,0.670922577381134,0.002212235704064369,0.0270735714584589,0.06482112407684326,0.0014177730772644281,0.005110947415232658,0.0006123389466665685,0.0049881949089467525,0.0020153133664280176,0.006286597345024347
IL_9157122,0.05297504737973213,0.03205075487494469,0.008707711473107338,0.00590366218239069,0.0004330015217419714,0.0002772894804365933,0.0006130887777544558,1.181844163511414e-05,0.0005877311923541129,0.0011902517871931195,0.00015734291810076684
IL_9227624,0.005083059426397085,0.997621476650238,0.0148012675344944,0.010776771232485771,0.01601717807352543,0.011019389145076275,0.0041923741810023785,0.0025311571080237627,0.006595455575734377,0.0033547445200383663,0.03475351259112358
IL_9237017,0.008096077479422092,0.008842372335493565,0.0034397393465042114,0.012683053500950336,0.018089888617396355,0.007368370890617371,0.002702229656279087,0.00045142980525270104,0.0009821993298828602,0.9987836480140686,0.07289410382509232
IL_9273684,8.50953711051261e-06,0.12087824940681458,0.0010573298204690218,0.28367432951927185,0.0004799402959179133,0.0004520661022979766,0.012231742031872272,0.0006063200999051332,0.007219152525067329,0.00011057237134082243,1.66896716109477e-05
IL_9311083,0.03233904764056206,0.9585921168327332,0.0005619180737994611,0.09862639755010605,0.008673960343003273,0.0010540656512603164,0.012018986977636814,0.00385997723788023,0.004136595409363508,0.0016765536274760962,0.004391246475279331
IL_9322263,0.0005629201768897474,0.0024683047086000443,0.0023517345543950796,0.0008130213827826083,0.004827411845326424,0.0042001549154520035,0.0018415055237710476,0.023739758878946304,0.9963489770889282,0.0015294207260012627,0.005593069363385439
IL_9341332,0.001118069514632225,0.9999650716781616,0.007519618142396212,0.002719011390581727,0.000533615006133914,0.0009228380513377488,0.0011635863920673728,0.00030125671764835715,0.0001619307295186445,0.0012423984007909894,0.006010380573570728
IL_9345649,0.004729039967060089,0.9232738614082336,0.0006762684206478298,0.04405280202627182,0.004610687959939241,0.0019189314916729927,0.003400373738259077,0.006398740690201521,0.00029295889544300735,0.013588630594313145,0.002779998118057847
IL_9406058,0.00321728247217834,0.0002067013701889664,0.0002580836589913815,0.9999134540557861,0.003820928046479821,0.00030840569525025785,0.0020526836160570383,2.016373946389649e-05,0.00019162359239999205,0.0015239139320328832,0.000326199660776183
IL_9407964,0.0005773120792582631,0.8220979571342468,0.0008239244925789535,0.005858583375811577,0.0005311217391863465,0.003907073754817247,0.001216292381286621,0.001784309046342969,0.00020573475921992213,0.536044716835022,0.01151541993021965
IL_9409250,0.003202150110155344,0.010154524818062782,0.010129043832421303,0.02863672561943531,0.05625654757022858,0.11713417619466782,0.008806537836790085,0.0013795201666653156,0.0027737999334931374,0.9761063456535339,0.030567491427063942
IL_9427286,0.006576184649020433,0.03991919010877609,0.004640561528503895,0.2813291847705841,0.014381579123437405,0.02031528204679489,0.0166306234896183,0.0021698414348065853,0.02035612240433693,0.9549680352210999,0.009639732539653778
IL_9436519,0.0008205425110645592,0.004947506822645664,0.006597602274268866,0.03438765928149223,0.004169723950326443,0.019732346758246422,0.003600488184019923,0.26660844683647156,0.8826175332069397,7.04147678334266e-05,0.12593556940555573
IL_9503512,0.007561362348496914,0.9957454800605774,0.0019827736541628838,0.0035747543442994356,0.0035756323486566544,0.0012373992940410972,0.0014420911902561784,3.340861076139845e-05,0.0006235749460756779,0.007585381623357534,0.01917019672691822
IL_9521484,0.29430267214775085,0.8648125529289246,0.0013352412497624755,0.0011458598310127854,0.03454931825399399,0.00323107885196805,0.009698368608951569,0.00026055704802274704,0.0004209333856124431,0.1193988248705864,0.00948044192045927
IL_9540224,0.004222090356051922,0.9996153116226196,0.0010670328047126532,0.004670306574553251,0.0020879891235381365,0.0010306626791134477,0.00398409366607666,0.0003465534537099302,0.0006025117472745478,0.00192464969586581,0.00627440819516778
IL_9561518,0.00741682481020689,0.0008074531797319651,0.0007180079119279981,0.00391253549605608,0.0011662057368084788,0.0008617726853117347,0.004470467567443848,8.973263174993917e-05,0.0019066737731918693,0.9998394250869751,0.006094647105783224
IL_9572511,0.0023812311701476574,0.884995698928833,0.00436325604096055,0.8577338457107544,0.01349813025444746,0.002898245118558407,0.0014306961093097925,0.0012567867524921894,0.0026638463605195284,0.0028080721385776997,0.0738348662853241
IL_9601760,0.0014842263190075755,0.9993094205856323,0.00460306741297245,0.001155547914095223,0.00536673329770565,0.0023199806455522776,0.020651953294873238,0.0004492049047257751,0.010289588943123817,1.7377537005813792e-05,0.005941065959632397
IL_9615893,0.0013238643296062946,0.9987278580665588,0.0010695551754906774,0.02457313798367977,0.0004632420896086842,0.003261455800384283,0.0021360351238399744,8.352720215043519e-06,1.4424165783566423e-05,0.0006882846355438232,0.0009701511589810252
IL_9620950,0.3145822584629059,0.11726224422454834,0.0108437929302454,0.9090253710746765,0.003996151965111494,0.0038094220217317343,0.0026186546310782433,0.0057931868359446526,0.0026695060078054667,0.011066695675253868,0.02975856512784958
IL_9623576,0.9992554783821106,0.00010855446453206241,0.0010955720208585262,0.0063911001197993755,0.0004898928455077112,0.0004265364841558039,0.0009653400047682226,5.066336234449409e-05,4.507003541220911e-05,0.013422608375549316,0.0036898208782076836
IL_9647002,0.011660504154860973,0.9962343573570251,0.015160865150392056,0.009848800487816334,0.04049662500619888,0.012213561683893204,0.011226545087993145,0.001417553168721497,0.04638559743762016,0.002494715852662921,0.0218142569065094
IL_9655170,0.33809569478034973,0.004439428448677063,0.0017986035672947764,0.001627637422643602,0.002282329834997654,0.0003103707276750356,0.0017415041802451015,3.7592541048070416e-05,5.44473368790932e-06,0.726193368434906,0.0071260156109929085
IL_9669202,0.009320586919784546,0.9851608276367188,0.0015214490704238415,0.003495516488328576,0.000406527949962765,0.006388453766703606,0.000881597341503948,0.0001059406204149127,0.00039221131009981036,0.12610778212547302,0.0028406924102455378
IL_9675212,0.0339861623942852,0.13106371462345123,0.011638158932328224,0.06237230449914932,0.007089477498084307,0.0004789448867086321,0.0005786813562735915,0.5751521587371826,0.004631289280951023,0.0010441342601552606,0.012189538218080997
IL_9675469,0.014623643830418587,0.0264399666339159,0.01621217653155327,0.9477664828300476,0.007534283213317394,0.006085047498345375,0.004076219163835049,0.0006874424871057272,0.02542177401483059,0.11739511787891388,0.023706819862127304
IL_9692632,0.1677079051733017,0.003229477908462286,0.14616920053958893,0.0011871475726366043,1.4479266610578634e-05,7.857796299504116e-05,0.00356270675547421,2.6926404643745627e-06,7.14521884219721e-05,0.07601673156023026,0.012910066172480583
IL_9693077,0.0006551347905769944,0.04045670107007027,0.006215970031917095,0.04852524399757385,0.016236813738942146,0.017604513093829155,0.005422274116426706,0.03220517188310623,0.021188776940107346,0.0015585257206112146,0.9284451007843018
IL_9695113,0.0001990432065213099,0.9926139116287231,0.0009791865013539791,0.0006855164538137615,0.0002977097174152732,7.45169963920489e-05,0.0020464074332267046,1.8757451471174136e-05,1.2125652574468404e-05,0.3543614149093628,0.00474713696166873
IL_9696386,0.04159801825881004,0.21857646107673645,0.0008174649556167424,0.8813531398773193,0.02667018212378025,0.0005062917480245233,0.0006230509607121348,1.668391087150667e-05,4.308092684368603e-06,3.941085378755815e-05,0.01634940505027771
IL_9697828,0.006073194555938244,0.10109887272119522,0.023482654243707657,0.30477607250213623,0.008190848864614964,0.005393318831920624,0.003935478162020445,0.0010697045363485813,0.0007991311140358448,0.9203091859817505,0.25695887207984924
IL_9702105,0.9158951640129089,0.06963567435741425,8.041332330321893e-05,0.08376619964838028,0.014279269613325596,0.002309603849425912,0.016236906871199608,0.00010641719563864172,0.014617483131587505,0.003441011533141136,0.006047126371413469
IL_9713310,0.002735795686021447,0.0003406632458791137,0.0007264591404236853,0.8616458773612976,0.00016918087203521281,4.746352351503447e-05,0.0026243936736136675,5.00622445542831e-06,0.0001582191325724125,0.26373913884162903,0.00014316946908365935
IL_9722277,0.009024661965668201,0.000598869111854583,0.005125286988914013,0.0259329192340374,0.0170449186116457,0.05695958063006401,0.0008995560929179192,0.08557470142841339,0.9427443742752075,0.0001870627311291173,0.0100002596154809
IL_9728655,0.0534241609275341,0.3668534755706787,0.0028707636520266533,0.12956739962100983,0.00807351153343916,0.005403128918260336,0.003989855758845806,0.00722719868645072,0.03578132018446922,0.38072264194488525,0.012850753962993622
IL_9747613,0.010637194849550724,0.0037523056380450726,0.0020002792589366436,0.00945841334760189,0.0008780562202446163,0.001206394867040217,0.0010229728650301695,8.07686010375619e-05,0.0010701764840632677,0.5451854467391968,0.0010696698445826769
IL_9776207,0.004467238672077656,0.0007334760157391429,0.019458681344985962,0.0012978195445612073,0.3846929371356964,0.012727134861052036,0.005430326331406832,0.0012635382590815425,0.15823237597942352,6.327383744064718e-05,0.4661114513874054
IL_9785286,0.00028683082200586796,0.00046903418842703104,0.00382499978877604,0.00020466101705096662,0.0018244244856759906,0.0017983672441914678,0.003255072282627225,0.030444664880633354,0.9688090085983276,1.4477237755272654e-06,0.0006673411699011922
IL_9794109,0.0016633003251627088,0.0022076545283198357,0.02417718805372715,0.007027836516499519,0.03702166676521301,0.020704811438918114,0.0037080280017107725,0.6897408962249756,0.7688252925872803,0.0002327278780285269,0.014298026449978352
IL_9810905,0.15209642052650452,0.8449581861495972,0.0009376039961352944,0.010077454149723053,0.0011710536200553179,0.015118660405278206,0.02163626253604889,0.00014410573930945247,0.0002419133816147223,0.0016574045876041055,0.008891930803656578
IL_9831983,0.0020567618776112795,0.9916666150093079,0.0037940412294119596,8.069877367233858e-05,0.00018690833530854434,0.0005196326528675854,0.005852695554494858,8.125670319714118e-06,0.030218666419386864,3.380917405593209e-05,0.0001622237468836829
IL_9896495,0.08649741113185883,0.018811317160725594,0.0006714106420986354,0.029301943257451057,0.004141856916248798,0.023088060319423676,0.0011457250220701098,0.016525711864233017,0.13394935429096222,0.7923508882522583,0.04458225890994072
IL_9908692,0.007951230742037296,0.9995726943016052,0.012087104842066765,0.013713003136217594,0.007136248052120209,0.006467554252594709,0.002373903291299939,0.0014754378935322165,0.0012344673741608858,0.015611139126121998,0.02141975611448288
IL_9914512,0.10525300353765488,0.9213669300079346,0.006210812367498875,0.019589534029364586,0.008730738423764706,0.0021771269384771585,0.004425410646945238,0.0006950227543711662,0.0006551832193508744,0.0487113818526268,0.006690692156553268
IL_9931816,3.344539800309576e-05,2.3026243525237078e-06,0.001253077294677496,0.0037618218921124935,0.00014896683569531888,0.003060793736949563,0.0010355933336541057,0.07626326382160187,0.9943517446517944,4.462995093490463e-06,0.0003106676449533552
IL_9962396,0.03938719257712364,0.0006840904825367033,0.00434194877743721,0.5067338943481445,0.0009699704824015498,0.0027021756395697594,0.00122550327796489,0.0004162452241871506,0.0013447757810354233,0.22934803366661072,0.0014719967730343342
