lesion_id,AKIEC,BCC,BEN_OTH,BKL,DF,INF,MAL_OTH,MEL,NV,SCCKA,VASC
IL_0006205,0.0015727077843621373,0.9994757771492004,0.0006842858274467289,0.004256134852766991,0.001344691263511777,0.0003107032098341733,0.0004366044304333627,0.0006016530096530914,0.002929885173216462,0.016139782965183258,0.0038140355609357357
IL_0025400,0.050136152654886246,0.8332217335700989,0.001406725961714983,0.4102550446987152,0.000741985160857439,0.06943593174219131,5.783088272437453e-05,0.011455337516963482,0.04322901740670204,0.18026018142700195,0.006318213883787394
IL_0039001,0.03479890525341034,0.00047733509563840926,0.0027893399819731712,0.004352857358753681,0.009115773253142834,0.04184067249298096,0.001010540989227593,0.019833238795399666,0.996609091758728,0.0005814126925542951,0.0025793605018407106
IL_0046799,0.007206096313893795,0.014019937254488468,0.0004379689635243267,0.3196111023426056,0.0004922093357890844,0.000481398863485083,0.00134568614885211,0.004405879881232977,0.002566390670835972,0.9892706871032715,0.0010308291530236602
IL_0054262,0.005924477241933346,6.357115489663556e-05,0.009226502850651741,0.0002418287767795846,0.7760215401649475,0.003564015729352832,0.008063585497438908,0.11746455729007721,0.37151527404785156,3.01636155199958e-05,0.0023170444183051586
IL_0056788,0.02609243057668209,0.9706701636314392,0.00018386186275165528,0.1284467875957489,0.0005706922966055572,0.006018718704581261,0.0036399189848452806,0.004670166876167059,0.001341853174380958,0.39438706636428833,0.0030279532074928284
IL_0093956,0.020256824791431427,0.9751381278038025,0.00017730299441609532,0.07357373088598251,0.001720123807899654,0.09953714162111282,0.005941114388406277,0.0015836835373193026,0.005826176144182682,0.13089409470558167,0.18204568326473236
IL_0103904,0.49029985070228577,0.8667252659797668,0.0028691808693110943,0.19725435972213745,0.0006999242468737066,0.0024235995952039957,0.0008694013231433928,0.01745842769742012,0.011485529132187366,0.16875629127025604,0.0035005263052880764
IL_0118369,0.0020022562239319086,0.00015015807002782822,0.0012490572407841682,0.002385682426393032,0.00124909239821136,0.001161147141829133,0.0002476584631949663,0.005145793315023184,0.9999027252197266,0.001420692540705204,0.0009932966204360127
IL_0151990,0.004980321973562241,0.00044280607835389674,0.0010646928567439318,0.18179534375667572,0.0012092078104615211,0.0033426734153181314,0.000416469294577837,0.9578607082366943,0.10720504820346832,0.0010983333922922611,0.0010425985092297196
IL_0171236,0.09444305300712585,0.5171501040458679,0.13648399710655212,0.05065568536520004,0.01854039914906025,0.06433490663766861,0.0009069679072126746,0.024789439514279366,0.02783973701298237,0.2227402925491333,0.0052177938632667065
IL_0183960,0.0011932577472180128,0.8165147304534912,0.026130933314561844,0.00918152742087841,0.007482768967747688,0.04304333031177521,0.006478925701230764,0.03648686781525612,0.10005408525466919,0.0031143894884735346,0.4344658851623535
IL_0207706,0.0003338712267577648,7.648632890777662e-05,0.001641961862333119,0.00034650886664167047,0.0007079809438437223,0.0015891160583123565,0.0018343001138418913,0.9836792349815369,0.29461926221847534,9.515105921309441e-05,0.000737388851121068
IL_0207891,0.00419310899451375,0.09361149370670319,0.01305902935564518,0.1603061854839325,0.0022510255221277475,0.0012881590519100428,0.00017626499175094068,0.0015594200231134892,0.0017103805439546704,0.9719751477241516,0.00018499117868486792
IL_0225203,0.620602011680603,0.49786102771759033,0.0004387052031233907,0.15632328391075134,0.00069376640021801,0.0007456359453499317,0.0007813173579052091,0.062336649745702744,0.017518706619739532,0.0017882550600916147,0.003624536097049713
IL_0227635,0.548184871673584,0.03002680465579033,0.0021298706997185946,0.9514277577400208,0.0003923788317479193,0.024818185716867447,5.9375906857894734e-05,0.006203846540302038,0.12417486310005188,0.003431508084759116,0.001020540134049952
IL_0259815,0.04536139592528343,0.07810535281896591,0.0005177129060029984,0.7023833394050598,0.0017283526249229908,0.0029551645275205374,0.0009601163910701871,0.021624909713864326,0.1014135479927063,0.003315181937068701,0.0002813924220390618
IL_0260810,0.016811227425932884,0.9887025356292725,0.002406603889539838,0.06322190910577774,0.0004036558384541422,0.013158835470676422,0.0010991644812747836,0.0053306021727621555,0.1844901293516159,0.0063347360119223595,0.026310794055461884
IL_0262469,0.0009330439497716725,0.007516981568187475,0.0007550428854301572,0.9030141830444336,0.0011847916757687926,0.003466759342700243,0.0005037805531173944,0.020833918824791908,0.7369707822799683,0.0014710123650729656,0.0016101519577205181
IL_0267598,0.007625138387084007,0.0015930298250168562,0.0028086197562515736,0.9996185302734375,0.0004605294961947948,0.0013897285098209977,0.0002959954726975411,0.003575083799660206,0.014763190411031246,0.0007776242564432323,0.0009350774926133454
IL_0312376,0.011316517367959023,0.9997178912162781,0.0004842209746129811,0.01324478443711996,0.0007272436050698161,0.0006762571865692735,0.0013960466021671891,0.015371057204902172,0.004024412017315626,0.0028669785242527723,0.034175336360931396
IL_0331012,0.002214849693700671,0.9795058965682983,0.1212344616651535,0.1334667056798935,0.004295770078897476,0.026076460257172585,0.00026721975882537663,0.022184252738952637,0.07103604078292847,0.0039491187781095505,0.006702285725623369
IL_0344325,0.002821238711476326,0.19593599438667297,0.016804229468107224,0.15340757369995117,0.001932901912368834,0.8908810615539551,0.0010989346774294972,0.1416451781988144,0.8059558868408203,0.001294897636398673,0.006080014165490866
IL_0403731,0.008674973621964455,0.23361952602863312,0.00038956283242441714,0.01951252855360508,0.0006481094169430435,0.0006237211055122316,0.0004746743943542242,0.0007219868712127209,0.00014435811317525804,0.9872961044311523,0.0027397992089390755
IL_0404181,0.0009734241757541895,0.9998503923416138,0.001430934527888894,0.007062297314405441,0.003056235844269395,0.0016771043883636594,0.0017170157516375184,0.0067155552096664906,0.004342209082096815,0.0019164152909070253,0.01038255076855421
IL_0465184,0.0009875199757516384,0.9993053674697876,0.006381562445312738,0.017030175775289536,0.0037502755876630545,0.0014284770004451275,0.0013204544084146619,0.019533690065145493,0.007516235113143921,0.0010612963233143091,0.008520498871803284
IL_0492696,0.006586476229131222,0.00016356667038053274,0.0016926417592912912,0.0023365281522274017,0.0004083783715032041,0.0017279447056353092,0.0003964256902690977,0.010537524707615376,0.9995930790901184,0.003252645954489708,0.0016711726784706116
IL_0560781,0.0005889092572033405,0.00021241189097054303,0.015239058993756771,0.03779292479157448,0.08803921937942505,0.021155904978513718,0.00028787573683075607,0.31327760219573975,0.9024328589439392,0.0002437579823890701,0.0009993212297558784
IL_0575017,0.010426083579659462,0.009481171146035194,0.03602788224816322,0.10196083784103394,0.007778356783092022,0.09970264136791229,0.00011390005238354206,0.06267832219600677,0.9822193384170532,0.000627548957709223,0.0016286573372781277
IL_0578791,0.10566233843564987,0.5689485669136047,0.009878278709948063,0.5434609055519104,0.005155620630830526,0.003339619841426611,0.000671194342430681,0.1844152957201004,0.015462079085409641,0.06503019481897354,0.0011841186787933111
IL_0611781,0.002363912295550108,0.9975872039794922,0.007885479368269444,0.011380190961062908,0.001864356454461813,0.00025587977143004537,0.00506608048453927,0.0012832595966756344,0.02917427383363247,0.0008034372003749013,0.0016531652072444558
IL_0649132,0.005417369771748781,0.0799754336476326,0.16163431107997894,0.9615098237991333,0.0025723441503942013,0.0025858951266855,9.367860911879689e-05,0.19854117929935455,0.1485101580619812,0.020023193210363388,0.003964472562074661
IL_0704269,0.030923381447792053,0.3295687139034271,0.01099860668182373,0.373524934053421,0.01666617952287197,0.027536053210496902,0.00048623248585499823,0.03378448635339737,0.2635737657546997,0.30005601048469543,0.02206237241625786
IL_0718371,0.011843518353998661,0.03097108192741871,0.008891860023140907,0.9068153500556946,0.0017321628984063864,0.002472486812621355,0.001581117743626237,0.0012441594153642654,0.001700497348792851,0.7691477537155151,0.0009364968864247203
IL_0721442,0.2155979871749878,0.022234365344047546,0.0009977829176932573,0.11878526955842972,0.0037048987578600645,0.000716099631972611,0.0007777627906762064,0.00014941779954824597,0.0002725677622947842,0.9576897025108337,0.0010871036211028695
IL_0754056,0.13008232414722443,0.914079487323761,0.011394943110644817,0.07918354868888855,0.0004286313196644187,0.02580973692238331,0.000699913885910064,0.07625734806060791,0.01127573475241661,0.0931088849902153,0.004880609456449747
IL_0808321,0.006371314637362957,0.003229905851185322,0.012642745859920979,0.34878700971603394,0.042190082371234894,0.087015800178051,0.00012382728164084256,0.057525623589754105,0.9595350027084351,0.000204245385248214,0.0018072520615532994
IL_0854378,0.004180727060884237,0.030020924285054207,0.06392522901296616,0.9930015802383423,0.0007029966218397021,0.0018605411751195788,0.00014979411207605153,0.0015135168796405196,0.00037172369775362313,0.028051534667611122,0.0009384512668475509
IL_0895462,0.00860734935849905,0.977512001991272,0.0020054650958627462,0.14577732980251312,0.0019439408788457513,0.004431987181305885,0.00012439771671779454,0.051635321229696274,0.16099368035793304,0.0022428403608500957,0.005756440572440624
IL_0928130,0.0006597394240088761,0.007314537186175585,0.02905483916401863,0.01229969784617424,0.0012319859815761447,0.005455286707729101,0.1796637624502182,0.9714232683181763,0.057313472032547,0.003890104591846466,0.018056387081742287
IL_0977585,0.001162404310889542,0.009281613864004612,0.0005458741798065603,0.03218195214867592,0.000250776152824983,0.00014882754476275295,0.0006913168472237885,0.00012662964581977576,0.00032328328234143555,0.9978175163269043,0.0010078191990032792
IL_0977986,0.007413972169160843,0.9968084692955017,0.0004887550021521747,0.03779811039566994,0.0028698400128632784,0.0009461791487410665,0.00011937070667045191,0.007770143449306488,0.023717310279607773,0.017920533195137978,0.002432995242998004
IL_0996202,0.0009912990499287844,0.000507298216689378,0.0008218931616283953,0.005924100987613201,0.0024384649004787207,0.0010901261121034622,0.0010337169514968991,0.14834578335285187,0.9965953230857849,0.0005129179917275906,0.002256037900224328
IL_1009731,0.0008224462508223951,0.012936385348439217,0.016395725309848785,0.060743264853954315,0.0005224053165875375,0.0013648953754454851,0.0002590171934571117,0.0048819552175700665,0.0008923506247811019,0.9963239431381226,0.00028552228468470275
IL_1011664,0.009985304437577724,0.004435531795024872,0.008439240045845509,0.9878381490707397,9.494920232100412e-05,0.024843236431479454,0.0003432937664911151,0.3261951208114624,0.008695315569639206,0.0054672881960868835,0.00047412951244041324
IL_1020124,0.002773360814899206,0.509787380695343,0.002092791488394141,0.006499563343822956,0.0017040020320564508,0.12155931442975998,0.012254895642399788,0.3715127110481262,0.056317780166864395,0.0020870782900601625,0.03528912737965584
IL_1024284,0.0008160776342265308,0.0018938422435894608,0.0017447501886636019,0.006435516756027937,0.0010095350444316864,0.00013173524348530918,0.00152969965711236,0.0017362481448799372,0.0007881506462581456,0.9998542070388794,0.00040946443914435804
IL_1024365,0.006230438593775034,0.9622140526771545,0.000543405709322542,0.18838313221931458,0.0029023559764027596,0.007902104407548904,0.0011402255622670054,0.1389150768518448,0.055850278586149216,0.014092675410211086,0.006800101138651371
IL_1080907,0.018269378691911697,0.8275759816169739,0.0008752783760428429,0.09853732585906982,0.004054087679833174,0.0021801756229251623,0.0011066882871091366,0.03233303129673004,0.005977835971862078,0.6815108060836792,0.005098284687846899
IL_1159502,0.0018885983154177666,0.9435197114944458,0.006837120279669762,0.05321348458528519,0.002503816969692707,0.001706024631857872,0.003975362982600927,0.23698876798152924,0.03017323650419712,0.005159285385161638,0.013494454324245453
IL_1183203,0.06154410168528557,0.6283765435218811,0.0040541454218328,0.633973240852356,0.019768990576267242,0.03277772665023804,0.0005732108256779611,0.12463684380054474,0.007827763445675373,0.13099339604377747,0.003469221293926239
IL_1236220,0.005752203986048698,0.04355676472187042,0.005144050344824791,0.9523701667785645,0.0010767478961497545,0.0011801156215369701,0.00034760634298436344,0.006871580146253109,0.016215289011597633,0.34173357486724854,0.0007335040136240423
IL_1246958,0.008731230162084103,0.006020704284310341,0.0038188595790416002,0.007965381257236004,0.054016247391700745,0.8585168719291687,0.0005315170274116099,0.006287303753197193,0.9109451770782471,0.030386975035071373,0.028269203379750252
IL_1248470,0.0013608866138383746,0.40500766038894653,0.0009978109737858176,0.006120266392827034,0.0015962648903951049,0.004901650361716747,0.0051115998066961765,0.9771559238433838,0.005948392674326897,0.004224185831844807,0.00480262516066432
IL_1266003,0.0005429304437711835,0.0005044917343184352,0.003658862551674247,0.004945744294673204,0.00025594004546292126,0.0073487479239702225,0.0028028294909745455,0.9938370585441589,0.14137187600135803,0.00042204491910524666,0.003972003702074289
IL_1298091,0.004849803633987904,0.9917969703674316,0.0005180644220672548,0.08049994707107544,0.0003188471309840679,0.009896764531731606,0.0027095037512481213,0.12097592651844025,0.011894207447767258,0.0025419355370104313,0.013361722230911255
IL_1418346,0.012616096064448357,0.37172842025756836,0.0021065601613372564,0.9346064925193787,0.00045574165415018797,0.005155096761882305,0.0016063145594671369,0.007774045690894127,0.011579982005059719,0.34195423126220703,0.0011142062721773982
IL_1420891,0.0016303081065416336,8.541953866370022e-05,0.00386643479578197,0.0004967220011167228,0.0031539613846689463,0.0020681500900536776,0.000618552730884403,0.0072677298448979855,0.9997846484184265,0.0002810291189234704,0.0026841647922992706
IL_1431089,0.0008895809878595173,0.03427146002650261,0.06484101712703705,0.9646399021148682,0.010548443533480167,0.0046413615345954895,8.660347521072254e-05,0.009742975234985352,0.13038025796413422,0.012632523663341999,0.0019476235611364245
IL_1450991,0.008299577981233597,0.015529324300587177,0.0007921608630567789,0.014205768704414368,0.0006810195627622306,0.0009238757775165141,0.001754283788613975,0.0005079131806269288,0.0020311824046075344,0.9982149600982666,0.0010579267982393503
IL_1497560,0.08824288100004196,0.7128972411155701,0.004454871639609337,0.8409488797187805,0.004295880440622568,0.005959955509752035,0.0001416973682353273,0.05434137210249901,0.07012815028429031,0.0058035170659422874,0.01237578596919775
IL_1502550,0.030616547912359238,0.026241371408104897,0.610354483127594,0.7054060101509094,0.6702300906181335,0.0010476934257894754,0.0013037427561357617,0.01664045825600624,0.036606427282094955,0.0032116265501827,0.016303785145282745
IL_1515580,0.0004162089026067406,0.0006324152927845716,0.00890151783823967,0.0023815040476620197,0.002041744301095605,0.0009490199736319482,0.0006148111424408853,0.0010864638024941087,0.0006400820566341281,0.9999508857727051,0.0016051579732447863
IL_1562660,0.01632828451693058,0.7993535995483398,0.0010808762162923813,0.157263845205307,0.00043369887862354517,0.08797023445367813,0.0013262181309983134,0.06827396154403687,0.4238876700401306,0.009760896675288677,0.011240818537771702
IL_1574123,0.013311751186847687,0.01753208041191101,0.0021792298648506403,0.07539613544940948,0.0020015027839690447,0.0005288890679366887,0.00035445188404992223,0.9612895846366882,0.21009890735149384,0.010320819914340973,0.001605944475159049
IL_1619785,0.00029657993582077324,6.931351526873186e-05,0.004760510288178921,0.03253502771258354,0.00044013463775627315,0.00046439582365565,0.00260846596211195,0.10823163390159607,0.9937963485717773,0.0001452597789466381,0.0021809765603393316
IL_1633612,0.01504662074148655,0.21027326583862305,0.0007695261738263071,0.6423118114471436,0.004409876652061939,0.000813053164165467,0.0008381974184885621,0.00013424364442471415,0.0009162534843198955,0.7085582613945007,0.0002254331047879532
IL_1641818,0.033752989023923874,0.026834260672330856,0.05119559168815613,0.009525774046778679,9.002008300740272e-05,0.0015466433251276612,0.00033567799255251884,0.9956652522087097,0.004246496129781008,0.01870604045689106,0.0009688137215562165
IL_1643221,0.07365544140338898,0.961893618106842,0.041624538600444794,0.08388455957174301,0.010302988812327385,0.2104669064283371,0.00031763777951709926,0.23128989338874817,0.0300811305642128,0.08014870434999466,0.02101512812077999
IL_1664752,0.0831722691655159,0.6475961208343506,0.0033596581779420376,0.1082490086555481,0.0197046659886837,0.001525062951259315,0.0004527973069343716,0.014907043427228928,0.016459371894598007,0.8027597069740295,0.006100296508520842
IL_1681515,0.03121711127460003,0.12486868351697922,0.004006021656095982,0.38996097445487976,0.0006253121537156403,0.05718336999416351,0.0006829323247075081,0.000424931786255911,0.0009284357656724751,0.8592786192893982,0.00213350891135633
IL_1688338,0.002849083160981536,0.7018312215805054,0.004954288713634014,0.07556423544883728,0.005791519768536091,0.005332061089575291,0.0012031329097226262,0.3218775987625122,0.10608797520399094,0.31656908988952637,0.002976134419441223
IL_1706933,0.0005092564970254898,0.199076846241951,0.00042460038093850017,0.08255558460950851,0.00020730453252326697,0.0002673816052265465,0.003346572397276759,0.3746221363544464,0.027035899460315704,0.5882980823516846,0.009627899155020714
IL_1860067,0.006502365693449974,0.9471442103385925,0.0005002113757655025,0.16931895911693573,0.002100053709000349,0.007542710285633802,0.00037406993214972317,0.5933711528778076,0.030047010630369186,0.0020596401300281286,0.013288402929902077
IL_1884002,0.027881160378456116,0.6534571051597595,0.0037030812818557024,0.9131298661231995,0.005026939790695906,0.0047464449889957905,5.1174913096474484e-05,0.0314733162522316,0.02040889672935009,0.00888338778167963,0.002861207351088524
IL_1897663,0.008491314947605133,0.06861808151006699,0.0005377174820750952,0.8308317065238953,0.0002548200136516243,0.000892783107701689,0.014416396617889404,0.001988890813663602,0.0007819183520041406,0.6034752130508423,0.003091513877734542
IL_1901178,0.16580486297607422,0.2827959954738617,6.143638893263415e-05,0.7540255784988403,0.0004507663252297789,0.00725058326497674,0.0007809254457242787,0.006868697237223387,0.004251965321600437,0.16346627473831177,0.0007743388414382935
IL_1935222,0.2797013521194458,0.9512112140655518,0.00037451949901878834,0.09494500607252121,0.00102530128788203,0.0020270273089408875,0.0005237571895122528,0.007735007908195257,0.007658620364964008,0.05691952258348465,0.07928833365440369
IL_1968737,0.000533421291038394,0.0002011437463806942,0.025510752573609352,0.002180778421461582,0.003910818602889776,0.05688456818461418,0.008903996087610722,0.0024989377707242966,0.00564987538382411,0.0010918930638581514,0.998838484287262
IL_1976391,0.0007778783910907805,5.303596844896674e-05,0.0017509068129584193,0.0005554863018915057,0.00023097333905752748,0.002644159132614732,0.00037431324017234147,0.9981955885887146,0.056635431945323944,0.0001971308811334893,0.001161982654593885
IL_2021485,0.013643674552440643,0.5199878215789795,0.006008874159306288,0.9262251257896423,0.0026259541045874357,0.00273898895829916,0.0011710569960996509,0.04982754960656166,0.012007067911326885,0.03546034172177315,0.0006863441085442901
IL_2031231,0.0014718299498781562,0.9996850490570068,0.002094502095133066,0.0034269012976437807,0.0010639587417244911,0.0007326834602281451,0.0006134607829153538,0.0012226338731124997,0.06504262238740921,0.0007898822077549994,0.0020336301531642675
IL_2042306,0.001711827120743692,0.0002289168769493699,0.003684115828946233,0.005044155288487673,0.0027656250167638063,0.0005409927689470351,0.0034639860969036818,0.030463989824056625,0.9991918206214905,0.000379695906303823,0.002702117897570133
IL_2057670,0.0029857957269996405,0.3659229576587677,0.03612580895423889,0.020773835480213165,0.0020667817443609238,0.0011054249480366707,0.0005298512987792492,0.0003873038513120264,0.01579437218606472,0.9539591073989868,0.0007598349475301802
IL_2058271,0.018804550170898438,0.10435574501752853,0.07514715194702148,0.99354088306427,0.006789565086364746,0.0058856927789747715,0.00022642378462478518,0.0038193550426512957,0.005074049346148968,0.027482884004712105,0.0001565105194458738
IL_2068901,0.0012099365703761578,0.9978169202804565,0.008446505293250084,0.016789047047495842,0.002827976830303669,0.0013940810458734632,0.00035481719532981515,0.0025407869834452868,0.01944758929312229,0.0012872337829321623,0.015059070661664009
IL_2076993,0.029543157666921616,0.31379255652427673,0.0007079779170453548,0.1878095269203186,0.0009664954268373549,0.003172200173139572,0.0016394664999097586,0.010415398515760899,0.0029703828040510416,0.8493264317512512,0.0011395420879125595
IL_2078226,0.001227214583195746,0.0019431564724072814,0.008922407403588295,0.9992431402206421,0.0010438980534672737,0.001995536731556058,0.000892018317244947,0.0013825452188029885,0.024652881547808647,0.0008883015834726393,0.0002743348595686257
IL_2081710,0.00547833414748311,0.000678043405059725,0.04831584915518761,0.002795005217194557,0.0003271691966801882,0.0011633913964033127,0.0014341131318360567,0.818804919719696,0.8884821534156799,3.813098737737164e-05,0.008048374205827713
IL_2085556,0.002938950899988413,0.9942339062690735,0.0034865341149270535,0.19041097164154053,0.0005066837184131145,0.007501018233597279,0.00042214314453303814,0.0014766368549317122,0.010107433423399925,0.003618374466896057,0.0028933726716786623
IL_2090864,0.09217119961977005,0.9387136697769165,0.002491036430001259,0.32584595680236816,0.0009825980523601174,0.004139558877795935,0.00021701966761611402,0.03960259631276131,0.03081684000790119,0.05128248780965805,0.00489204004406929
IL_2144290,0.00029953866032883525,1.8467972040525638e-05,0.0022276793606579304,0.0020492421463131905,0.0008894852362573147,0.001550511922687292,0.0007068348932079971,0.00937207043170929,0.9996334314346313,0.00023211802181322128,0.0014588867779821157
IL_2157015,0.007756299339234829,0.9995443224906921,0.0009015584364533424,0.00947803258895874,0.0014504097634926438,0.0025546045508235693,0.0038272857200354338,0.00888478197157383,0.006713099777698517,0.013472495600581169,0.002431366126984358
IL_2190574,0.0018867348553612828,0.9982885718345642,0.10503741353750229,0.002728639403358102,0.00391053082421422,0.00021853293583262712,0.0004346265341155231,0.0013734421227127314,0.011951190419495106,0.006716038100421429,0.0014476217329502106
IL_2207792,0.0007449348922818899,0.0009720362722873688,0.01242119912058115,0.00026715328567661345,0.00030991685343906283,0.0035767864901572466,0.001359551097266376,0.9867536425590515,0.34263700246810913,0.0012647724943235517,0.009643994271755219
IL_2254004,0.008798141963779926,0.8122386932373047,0.01251641009002924,0.4037184715270996,0.10125068575143814,0.010199162177741528,0.0018049473874270916,0.060702987015247345,0.04629601910710335,0.03228136524558067,0.007436966523528099
IL_2274232,0.013156376779079437,0.9727839827537537,0.0010137221543118358,0.35114941000938416,0.010101781226694584,0.0036776543129235506,0.0009540461469441652,0.09827806800603867,0.003313550027087331,0.004783180542290211,0.018011759966611862
IL_2283965,0.0018690420547500253,0.0020678371656686068,0.0009510705713182688,0.011015720665454865,0.0007372040417976677,0.00048257640446536243,0.0011167895281687379,0.0009101203177124262,0.0008072819910012186,0.9998310804367065,0.0005044912686571479
IL_2330498,0.057331886142492294,0.017354493960738182,0.002969802590087056,0.9950920343399048,0.00036759182694368064,0.001505488296970725,0.00022011763940099627,0.005780520383268595,0.057310640811920166,0.007632086984813213,0.00013283493171911687
IL_2354191,0.003191665280610323,0.00043156833271496,0.0033774615731090307,0.005344480276107788,0.007364469114691019,0.000580460880883038,0.0012057527201250196,0.08010315150022507,0.996253252029419,0.00010155775817111135,0.0006580696790479124
IL_2424578,0.002905965317040682,8.772029832471162e-05,0.004681547172367573,0.005221004597842693,0.0021880215499550104,0.005704171024262905,0.00041373612475581467,0.05979081988334656,0.9974709749221802,0.00012697775673586875,0.0005203369655646384
IL_2440740,0.00857924111187458,0.00021356904471758753,0.0035579297691583633,0.007330959662795067,0.0010281100403517485,0.0019100869540125132,0.00020369404228404164,0.009008228778839111,0.9996283054351807,0.00045174581464380026,0.0031480046454817057
IL_2451306,0.029835356399416924,0.07809565216302872,0.0006292908801697195,0.04507635161280632,0.0004211810592096299,0.19084790349006653,0.0012513840338215232,0.9856394529342651,0.024836622178554535,0.0021871074568480253,0.00552621902897954
IL_2508459,0.00029959320090711117,0.00029550064937211573,0.0010927811963483691,0.2324315756559372,0.0002886323200073093,0.0005533869843930006,0.0011981386924162507,0.9955713152885437,0.018388083204627037,0.00015399011317640543,0.0005095599917694926
IL_2512501,0.046130482107400894,0.0020641132723540068,0.0009009891073219478,0.9669937491416931,0.0001567239232826978,0.0008627129718661308,0.0003257692151237279,0.37584033608436584,0.0054648928344249725,0.0010190206812694669,0.00018802065460477024
IL_2520283,0.003409632481634617,0.9941746592521667,0.0011642383178696036,0.05174243822693825,0.0035141054540872574,0.003429480129852891,0.00039499864215031266,0.005690939724445343,0.06342852115631104,0.030985284596681595,0.0022005809005349874
IL_2532113,0.003842773614451289,0.998955249786377,0.014469670131802559,0.021697884425520897,0.0003915032430086285,0.007941152900457382,0.0013750316575169563,0.012477032840251923,0.014689147472381592,0.0185419749468565,0.003576200222596526
IL_2541202,0.008201583288609982,0.9552275538444519,0.004534568637609482,0.03143942356109619,0.001045574084855616,0.033240411430597305,0.13595065474510193,0.02967754751443863,0.11189723759889603,0.025934254750609398,0.014494681730866432
IL_2542731,0.0037456252612173557,0.02857298217713833,0.004540564958006144,0.06792403757572174,0.00024070758081506938,0.0024125459603965282,0.0008177204872481525,0.33560407161712646,0.9415143132209778,0.002425092039629817,0.001785243395715952
IL_2564178,0.006933500990271568,0.9988527297973633,0.005961226765066385,0.01791006326675415,0.0016424364876002073,0.0005911604384891689,0.000805193092674017,0.005734548904001713,0.0050428989343345165,0.014141188003122807,0.0032628977205604315
IL_2579528,0.008044857531785965,0.001546207582578063,0.0009438309934921563,0.9684973955154419,0.00025920223561115563,0.0026131172198802233,0.00011127077596029267,0.7305917143821716,0.0015618919860571623,0.0032064144033938646,9.468753705732524e-05
IL_2580737,0.003687898628413677,0.9998371601104736,0.031153270974755287,0.007453993894159794,0.006214942783117294,0.0038184132426977158,0.001077821827493608,0.003271758556365967,0.005014836322516203,0.00174414471257478,0.003630369668826461
IL_2620364,0.0016671925550326705,0.007704314775764942,0.00042474266956560314,0.03209536522626877,0.0004166771250311285,0.009923105128109455,0.00011608549539232627,0.9440195560455322,0.2979077398777008,0.003171393647789955,0.002221139147877693
IL_2631882,0.03253589943051338,0.9987020492553711,0.000399337790440768,0.015402937307953835,0.0005651412648148835,0.0007683621370233595,0.0020708367228507996,0.019432594999670982,0.0021965266205370426,0.05090561881661415,0.007369347847998142
IL_2632245,0.01272866316139698,0.014770792797207832,0.0019372717943042517,0.5290030241012573,0.024642812088131905,0.0003709901648107916,0.0001801071484806016,0.04450303316116333,0.003970548044890165,0.799460232257843,0.0007640098338015378
IL_2667257,0.0017854959005489945,0.8636336326599121,0.00626920722424984,0.05525919795036316,0.12017036974430084,0.023957720026373863,0.0017699894960969687,0.009141121059656143,0.019618142396211624,0.00140177714638412,0.022545330226421356
IL_2673683,0.009407753124833107,0.9987087249755859,0.00015963800251483917,0.03884969651699066,0.0013240037951618433,0.0003712970938067883,0.0014466667780652642,0.0013691885396838188,0.0028865477070212364,0.01256813108921051,0.0005646386416628957
IL_2695389,0.008670659735798836,0.9992895126342773,0.0006720642559230328,0.06150173395872116,0.0031685414724051952,0.002315249526873231,0.0004648705944418907,0.004713892936706543,0.0005266256630420685,0.0033575035631656647,0.0017593203810974956
IL_2697064,0.047006767243146896,0.08739321678876877,0.0024181101471185684,0.9605117440223694,0.0008260860340669751,0.00177318649366498,0.0007559576188214123,0.02345295064151287,0.014129413291811943,0.2550731301307678,0.0013673707144334912
IL_2701771,0.002860886277630925,0.9927733540534973,0.0121730025857687,0.01858060248196125,0.0012302463874220848,0.01094852201640606,0.009095393121242523,0.007612620480358601,0.0039365156553685665,0.06905944645404816,0.00918360985815525
IL_2713699,0.012042297050356865,0.010343399830162525,0.007491567637771368,0.9980046153068542,0.007480984553694725,0.008106518536806107,0.00012111775868106633,0.018347175791859627,0.026072075590491295,0.0028699710965156555,0.000447816273663193
IL_2726821,0.06512264162302017,0.987245500087738,0.0008858251385390759,0.010759055614471436,0.015682436525821686,0.008997920900583267,0.0005311171407811344,0.0014601696748286486,0.0177707988768816,0.007245992310345173,0.0011035726638510823
IL_2729600,0.4439278542995453,0.0138048455119133,0.0021307221613824368,0.9792184233665466,0.001344293006695807,0.011698758229613304,0.0008808441343717277,0.0016788672655820847,0.00993318296968937,0.01386171206831932,0.000535839528311044
IL_2741580,0.3857780396938324,0.31534039974212646,0.0016951123252511024,0.4915878176689148,0.0003668323333840817,0.04262780398130417,0.0021311063319444656,0.020240213721990585,0.0007019679760560393,0.05119612440466881,0.000561846827622503
IL_2778741,0.8949814438819885,0.07950638234615326,0.0012897378765046597,0.5965789556503296,0.003212891984730959,0.01585381105542183,0.00015162491763476282,0.004592226352542639,0.005957388319075108,0.03650234267115593,0.0026861107908189297
IL_2784674,0.022001713514328003,0.049862708896398544,0.00028928383835591376,0.3303022086620331,0.0011014542542397976,0.0032816692255437374,0.000356090982677415,0.0012470399960875511,0.001522811595350504,0.9718669056892395,0.00025580025976523757
IL_2788623,0.00613066740334034,0.9749990105628967,0.061661530286073685,0.02390217036008835,0.003647166769951582,0.015355043113231659,0.008752943947911263,0.026302801445126534,0.056322794407606125,0.053502317517995834,0.01066640019416809
IL_2824067,0.01623513177037239,0.666753351688385,0.018721530213952065,0.38486427068710327,0.0035353770945221186,0.09768189489841461,0.0007091001607477665,0.10268691927194595,0.00240033189766109,0.03938939794898033,0.0005922127747908235
IL_2840498,0.029359741136431694,0.024171361699700356,0.0008647700888104737,0.01911972649395466,0.06086194887757301,0.009405042976140976,0.0012806430459022522,0.9111044406890869,0.03530173748731613,0.014290743507444859,0.005755688063800335
IL_2844654,0.0009552453993819654,0.0026156699750572443,0.00280669960193336,0.02282603830099106,0.003136119106784463,0.002721601165831089,0.010112839750945568,0.14656679332256317,0.9790803790092468,0.0005195806734263897,0.0016701030544936657
IL_2849392,0.1519092321395874,0.9832484722137451,0.0016373066464439034,0.00765686621889472,0.0008428763831034303,0.00617483863607049,0.00805608369410038,0.0005891526816412807,0.0009462355519644916,0.02109035849571228,0.008057965897023678
IL_2851462,0.008655193261802197,0.8833838105201721,0.1702950894832611,0.008125757798552513,0.0004511390288826078,0.004879264160990715,0.006571962032467127,0.019839506596326828,0.022725459188222885,0.008568694815039635,0.043036721646785736
IL_2921273,0.006575720850378275,0.0006688779103569686,0.020303698256611824,0.9383624792098999,0.0007658595568500459,0.0019140016520395875,0.00019945300300605595,0.2740066349506378,0.05578618124127388,0.0005350793362595141,6.186786049511284e-05
IL_2936438,0.0038161613047122955,0.9994753003120422,0.002351305913180113,0.02317793294787407,0.0030603588093072176,0.004804519470781088,0.0004194923094473779,0.0037388517521321774,0.0065634348429739475,0.00677185133099556,0.006631939671933651
IL_2947403,0.23977571725845337,0.3929160237312317,0.00504929106682539,0.03399914130568504,0.2720797061920166,0.07796716690063477,0.00038350580143742263,0.04501316323876381,0.012480862438678741,0.008417919278144836,0.0014976469101384282
IL_2978149,0.00037287772283889353,2.1925723558524624e-05,0.0011947026941925287,0.0021065231412649155,0.0009794286452233791,0.0015522378962486982,0.01156277023255825,0.8372877836227417,0.7658623456954956,7.150037708925083e-05,0.002673593582585454
IL_2996774,0.012725895270705223,0.06138443946838379,0.0005061356350779533,0.23026271164417267,0.023946823552250862,0.0019333049422129989,0.00029325400828383863,0.0030258032493293285,0.005013247020542622,0.9635276794433594,0.0007626906735822558
IL_3007459,0.02682490460574627,0.08726491779088974,0.003124197944998741,0.9879804253578186,0.00043735213694162667,0.0011919394601136446,0.0013358548749238253,0.006657395511865616,0.0019382410682737827,0.00646995147690177,0.00025746875326149166
IL_3061357,0.013370707631111145,0.7061161994934082,0.0020960604306310415,0.6931460499763489,0.004636563826352358,0.02952805534005165,0.0002532688667997718,0.0045556724071502686,0.050489820539951324,0.018993312492966652,0.0006846768665127456
IL_3076877,0.003681166097521782,0.9906169772148132,0.007334281224757433,0.004244230221956968,0.00301442202180624,0.05729950964450836,0.0012218817137181759,0.0022778366692364216,0.0035347456578165293,0.1444343477487564,0.006385049782693386
IL_3084993,0.001039159600622952,0.6375408172607422,0.000585188448894769,0.6030362248420715,0.0072330208495259285,0.015611198730766773,0.00030147048528306186,0.013720615766942501,0.08160698413848877,0.0009487487841397524,0.0014943619025871158
IL_3109240,0.00830262340605259,0.9935035109519958,0.0014507613377645612,0.04107748344540596,0.0006161336204968393,0.0002341467625228688,0.0012090817326679826,0.17009718716144562,0.013342788442969322,0.008912015706300735,0.0090390145778656
IL_3124812,0.0020014846231788397,0.9845942258834839,0.0032002513762563467,0.4358797073364258,0.0008809264400042593,0.00036232746788300574,0.000120708325994201,0.0026831438299268484,0.003249967936426401,0.0034580754581838846,0.0018843702273443341
IL_3127619,0.00260841753333807,0.9984593391418457,0.0008415682823397219,0.07212600111961365,0.0013858434977009892,0.0006489138468168676,0.00021677231416106224,0.01632636971771717,0.00672866590321064,0.001486711553297937,0.002815254032611847
IL_3149454,0.007378334645181894,0.9980701804161072,0.0038064410910010338,0.0374302938580513,0.008210139349102974,0.004628164693713188,0.00035103410482406616,0.012036086991429329,0.040398117154836655,0.008854307234287262,0.008128710091114044
IL_3153787,0.003284189384430647,0.0004150383174419403,0.0020080646499991417,0.009986544959247112,0.0009489608346484601,0.04640105366706848,0.000316651479806751,0.04269241914153099,0.9974460601806641,0.0011617843993008137,0.0009754564380273223
IL_3156984,0.0036715723108500242,0.0013535396428778768,0.001279199030250311,0.9209721684455872,0.00046909519005566835,0.000741702679079026,0.00029848815756849945,0.16666164994239807,0.32802918553352356,0.006905649323016405,0.00012160727055743337
IL_3200972,0.003441502107307315,0.0009440787835046649,0.001416460727341473,0.005658848211169243,0.0004945768159814179,0.0001832989219110459,0.0009781455155462027,0.011495549231767654,0.9996852874755859,0.0007020118064247072,0.0008592198137193918
IL_3206011,0.0026155044324696064,0.001224768697284162,0.005966705270111561,0.026743542402982712,0.004967953078448772,0.003172972472384572,0.0007586425635963678,0.04158354923129082,0.9988065958023071,0.003885399317368865,0.011815525591373444
IL_3245297,0.0033187365625053644,0.010486568324267864,0.0035675379913300276,0.13856254518032074,0.002185739576816559,0.006892711855471134,0.0012487408239394426,0.00153156160376966,0.008380397222936153,0.9979056119918823,0.0011649893131107092
IL_3275405,0.0037078233435750008,0.007810898590832949,0.010458757169544697,0.9993278980255127,0.003397600259631872,0.003654757048934698,0.00048594543477520347,0.00015638102195225656,0.002225946169346571,0.0010620072716847062,0.00043094102875329554
IL_3278464,0.2094147801399231,0.19066011905670166,0.006040249019861221,0.8858166933059692,0.0027449815534055233,0.0010518042836338282,0.0013678291579708457,0.0022694298531860113,0.0010757158743217587,0.1597166359424591,0.0025025703944265842
IL_3286203,0.01600874960422516,0.02785642258822918,0.0027899316046386957,0.02391568012535572,0.0013538766652345657,0.0029063329566270113,0.00018022807489614934,0.005371597595512867,0.004541961941868067,0.9977515339851379,0.002984489779919386
IL_3304841,0.00847049243748188,0.09439808130264282,0.00035840741475112736,0.3076213300228119,0.0002151403168682009,0.0008313340949825943,0.0007456131861545146,0.00027823037817142904,0.0005024090060032904,0.9636867642402649,0.00033218154567293823
IL_3328321,0.001337164081633091,0.0027228076942265034,0.00142730213701725,0.027142953127622604,0.0006341291009448469,0.0011107476893812418,0.0005754404119215906,0.0002446369326207787,0.0004022924695163965,0.999675989151001,0.0004979930236004293
IL_3355205,0.012292781844735146,0.042988572269678116,0.001070505240932107,0.9609997272491455,0.0007845224463380873,0.013690334744751453,0.00033788790460675955,0.029050186276435852,0.013986209407448769,0.19141224026679993,0.0020705468486994505
IL_3383918,0.008681606501340866,0.9871075749397278,0.002005246700718999,0.021937916055321693,0.0011938546085730195,0.00043643880053423345,0.0005926037556491792,0.0032129622995853424,0.0005480711115524173,0.147857666015625,0.003658636473119259
IL_3405674,0.005026942119002342,0.0054278625175356865,0.0006206982070580125,0.5754778385162354,7.649384497199208e-05,0.001098934095352888,0.00045385127305053174,0.0012902828166261315,0.00021006706811022013,0.9830850958824158,0.0012549901148304343
IL_3416109,0.0006801513372920454,0.002739538438618183,0.0013341467129066586,0.9980828762054443,0.0005726950475946069,0.0009498536237515509,0.0003709604497998953,0.005928753409534693,0.002220426918938756,0.013904687017202377,0.00016657715605106205
IL_3417042,0.01273446436971426,0.06415382027626038,0.0023228994105011225,0.9910445213317871,0.001761759864166379,0.02341955155134201,3.431391451158561e-05,0.03135532885789871,0.014389794319868088,0.06633993983268738,0.000261542183579877
IL_3475314,0.008248008787631989,0.009196135215461254,0.001670381287112832,0.9991432428359985,0.00042599134030751884,0.0010094994213432074,0.0002200811286456883,0.0012173894792795181,0.00029683479806408286,0.006453050300478935,0.00013936271716374904
IL_3502631,0.003480583196505904,0.9971081614494324,0.0031241371762007475,0.03362422436475754,0.000519841443747282,0.0016106157563626766,0.0005449516465887427,0.1275620311498642,0.0031478474847972393,0.017280811443924904,0.017600150778889656
IL_3512099,0.003956771455705166,0.988455057144165,0.009535541757941246,0.09651581197977066,0.0016792149981483817,0.06165321171283722,0.00018403463764116168,0.013603747822344303,0.009800623171031475,0.00606872932985425,0.0037206835113465786
IL_3516247,0.0041829925030469894,0.9996187686920166,0.00224265456199646,0.035337869077920914,0.0010936976177617908,0.004752767737954855,0.00046771130291745067,0.019110601395368576,0.007017016410827637,0.005449654534459114,0.006694702431559563
IL_3525336,0.0024439517874270678,0.0029515812639147043,0.022737620398402214,0.8430494070053101,0.0024717305786907673,0.009557846002280712,0.0010992430616170168,0.15330778062343597,0.8126154541969299,0.010792918503284454,0.008090128190815449
IL_3584159,0.3235643804073334,0.002079136436805129,9.617740579415113e-05,0.8140159845352173,0.0005549681955017149,0.0030527941416949034,0.0025841565802693367,0.09732314199209213,0.012453306466341019,0.0039690094999969006,0.000264589034486562
IL_3592184,0.006037855986505747,0.1797615885734558,0.00029151010676287115,0.010310519486665726,0.005579920019954443,0.02995140664279461,0.0090553667396307,0.01951863244175911,0.06039690226316452,0.9705272912979126,0.0005094390362501144
IL_3662013,0.01046157069504261,0.9797964692115784,0.008456767536699772,0.10951696336269379,0.00952387135475874,0.00453006150200963,0.0006112497067078948,0.06356204301118851,0.09308658540248871,0.07925768941640854,0.027441417798399925
IL_3682737,0.0009398596594110131,1.2616291314770933e-05,0.0035959696397185326,0.0001609544560778886,0.04458290711045265,0.0007814152049832046,0.0008941609994508326,0.1177954226732254,0.9614431858062744,4.0745173464529216e-05,0.0011168209603056312
IL_3708176,0.011130732484161854,0.9573757648468018,0.00013970919826533645,0.6993892788887024,0.0002965655003208667,0.005878326017409563,0.00036097390693612397,0.003484730375930667,0.0027187399100512266,0.01700233295559883,0.0008065873407758772
IL_3731984,0.026845071464776993,0.010954166762530804,0.1358177661895752,0.6631158590316772,0.0004516082408372313,0.0837835893034935,0.07007022947072983,0.4165753722190857,0.008337595500051975,0.0006395140662789345,0.0005279718898236752
IL_3743750,0.013210756704211235,0.41158419847488403,0.012903529219329357,0.9630299210548401,0.0006376012461259961,0.007734941318631172,0.0003274665796197951,0.0274544395506382,0.008924338966608047,0.0022958957124501467,0.0007426996598951519
IL_3769258,0.6558855175971985,0.006362919230014086,0.001296419883146882,0.7401643395423889,0.00017525193106848747,0.03420989215373993,0.00035864548408426344,0.013226175680756569,0.0055608912371098995,0.13753950595855713,0.00019936439639423043
IL_3770691,0.000999073265120387,0.019565289840102196,0.0036181595642119646,0.002470338949933648,0.08948539197444916,0.38886499404907227,0.027088172733783722,0.10335426032543182,0.024458499625325203,0.004981068894267082,0.10559017211198807
IL_3795536,0.020357534289360046,0.05084658041596413,0.0009487944189459085,0.9872354865074158,0.0018895684042945504,0.009397867135703564,0.00047428382094949484,0.00466955965384841,0.0717381089925766,0.002425343496724963,0.0007070238934829831
IL_3825170,0.0022367918863892555,0.9997630715370178,0.01301776897162199,0.003608741331845522,0.0011415102053433657,0.004163216333836317,0.0026340531185269356,0.0073430524207651615,0.0021156580187380314,0.0024917947594076395,0.003027534345164895
IL_3849919,0.007227085530757904,0.6261463761329651,0.041075147688388824,0.07703767716884613,0.007189699448645115,0.09090325981378555,0.000787702389061451,0.11055366694927216,0.6921464204788208,0.004720268305391073,0.011435107327997684
IL_3863962,0.006319704465568066,0.047554515302181244,0.00516761839389801,0.3837137818336487,0.0006253675674088299,0.006714117247611284,0.0006113624549470842,0.0023764658253639936,0.0023773477878421545,0.9520627856254578,0.0003309566236566752
IL_3890738,0.02930746227502823,0.18359783291816711,0.00019629846792668104,0.23233191668987274,0.00014098684187047184,0.008448634296655655,0.002555206185206771,0.25940796732902527,0.00269882008433342,0.7977038025856018,0.002433512592688203
IL_3916806,0.013396428897976875,0.26778244972229004,0.0033469588961452246,0.892909049987793,0.01023839134722948,0.010705346241593361,0.0016969336429610848,0.10644182562828064,0.15023347735404968,0.034862127155065536,0.007494380231946707
IL_3918658,0.015822162851691246,0.7029862403869629,0.0032079508528113365,0.058117251843214035,0.00394673366099596,0.0005385545664466918,0.0015892969677224755,0.00437227264046669,0.12092705070972443,0.7584104537963867,0.0009839353151619434
IL_3925046,0.0012605914380401373,0.008614378981292248,0.0004120542434975505,0.006918840575963259,0.0003792567295022309,0.00022763815650250763,0.0016533037414774299,0.0025707189925014973,0.001470820396207273,0.9992833733558655,0.0011241940082982183
IL_3944678,0.007405551616102457,0.011047090403735638,0.0053085279650986195,0.9971572160720825,0.0004067464033141732,0.030364293605089188,0.0006427096668630838,0.007608151528984308,0.008712097071111202,0.005260901991277933,0.0012623618822544813
IL_3989231,0.010727908462285995,0.0021537041757255793,0.000692279078066349,0.6228829026222229,0.00023518671514466405,0.0005748379626311362,0.0013126839185133576,0.20495063066482544,0.8097423911094666,0.0006688833818770945,0.00032768299570307136
IL_4014940,0.0011790050193667412,0.9976074695587158,0.012020459398627281,0.030915051698684692,0.026650842279195786,0.003134050639346242,0.0009914529509842396,0.0035361230839043856,0.016116667538881302,0.0010068455012515187,0.009391344152390957
IL_4030473,0.00454147020354867,0.9981105327606201,0.010102716274559498,0.029517220333218575,0.002386582549661398,0.028477810323238373,0.0028911009430885315,0.003426626091822982,0.00615932559594512,0.01090862788259983,0.025413846597075462
IL_4032940,0.013738063164055347,0.995653510093689,0.0026983695570379496,0.009294605813920498,0.002659412333741784,0.0006602542125619948,0.0016983682289719582,0.001427644630894065,0.007130652200430632,0.058943070471286774,0.0034656377974897623
IL_4048093,0.017079008743166924,0.8311306834220886,0.0009288148139603436,0.30523058772087097,0.0022781824227422476,0.002576082246378064,0.00017399381613358855,0.013019080273807049,0.012475334107875824,0.23095926642417908,0.00036848161835223436
IL_4102420,0.01237983163446188,0.47458115220069885,0.011495019309222698,0.10914324969053268,0.0007191943004727364,0.008286381140351295,0.0002451690670568496,0.8019324541091919,0.005750281736254692,0.4641725420951843,0.012273125350475311
IL_4113222,0.004741868004202843,0.25612154603004456,0.0018290883162990212,0.9252476692199707,0.0004592339100781828,0.00025395292323082685,6.743759877281263e-05,0.005909219849854708,0.001190899289213121,0.11789678037166595,0.001111088553443551
IL_4121028,0.0046984171494841576,0.6684683561325073,0.01974228210747242,0.8015397191047668,0.0028950488194823265,0.005137412343174219,0.001019981224089861,0.008627159520983696,0.017781956121325493,0.003553869668394327,0.0016325683100149035
IL_4137970,0.002444992307573557,0.03727242723107338,0.024651139974594116,0.894522488117218,0.002489763079211116,0.005250601097941399,7.342716708080843e-05,0.02353891171514988,0.0016193443443626165,0.6122576594352722,0.008208590559661388
IL_4183780,0.0024440668057650328,0.9987334609031677,0.01238473504781723,0.010651576332747936,0.001732781296595931,0.006279395893216133,0.0028295789379626513,0.03621726110577583,0.0009327217703685164,0.006548568140715361,0.005463511683046818
IL_4205103,0.003819861216470599,0.9972889423370361,0.004327304661273956,0.022999275475740433,0.0031594231259077787,0.0022130757570266724,0.0007508303388021886,0.0056521473452448845,0.03018830344080925,0.014126629568636417,0.010148678906261921
IL_4212360,0.9964196681976318,0.008015572093427181,0.0007607659208588302,0.0290047787129879,0.0011509888572618365,0.0011624951148405671,0.0022201586980372667,0.004530730191618204,0.08520283550024033,0.008898800238966942,0.0025860832538455725
IL_4217178,0.0006760222604498267,0.9950953722000122,0.0009237164631485939,0.03818543627858162,0.0012162767816334963,0.0008441652753390372,0.00046365405432879925,0.045589376240968704,0.031937532126903534,0.000251327408477664,0.010167411528527737
IL_4273134,0.009192300029098988,0.9774601459503174,0.00036195735447108746,0.10552509129047394,0.0010539231589064002,0.0015587771777063608,0.0020509620662778616,0.004511668346822262,0.010172408074140549,0.15929242968559265,0.007275220472365618
IL_4304678,0.04959026724100113,0.9190256595611572,0.018237808719277382,0.18190866708755493,0.0017919291276484728,0.013818914070725441,0.006599055603146553,0.27174538373947144,0.045357733964920044,0.33385729789733887,0.06458405405282974
IL_4365221,0.0013609831221401691,0.9999059438705444,0.0006847392069175839,0.004143025726079941,0.004105329979211092,0.0038593763019889593,0.0003956909931730479,0.0005197842256166041,0.0004078543570358306,0.0029263687320053577,0.001980880741029978
IL_4377002,0.4073065519332886,0.14494727551937103,0.008659162558615208,0.5244927406311035,0.0021778657101094723,0.002302674576640129,0.0005983941373415291,0.09261000901460648,0.009917709976434708,0.6208984851837158,0.010840469039976597
IL_4378654,0.011962722055613995,0.9965511560440063,0.03161732107400894,0.0449255034327507,0.0017022613901644945,0.028851279988884926,0.0005921470001339912,0.008019069209694862,0.010403222404420376,0.007663306780159473,0.01313666719943285
IL_4383984,0.06778724491596222,0.9893718361854553,0.006155409850180149,0.015622084029018879,0.0009447829215787351,0.044651445001363754,0.0029390263371169567,0.005066568497568369,0.003117523854598403,0.1415882706642151,0.00937186274677515
IL_4392618,0.014086772687733173,0.7483636140823364,0.000279580126516521,0.2492845356464386,0.0005824743420816958,0.00027162060723640025,0.0010918134357780218,0.006512877997010946,0.0018905786564573646,0.6872979998588562,0.0020382001530379057
IL_4393410,0.004150344990193844,0.9983166456222534,0.0006521949544548988,0.07345687597990036,0.0031756008975207806,0.0010196820367127657,0.0009882653830572963,0.006670940667390823,0.0015563226770609617,0.003114980412647128,0.005822879262268543
IL_4404293,0.00372632616199553,0.005423572845757008,0.005303288344293833,0.03326122835278511,0.004571511410176754,0.0018427628092467785,0.0040667993016541,0.0004977624048478901,0.0010995990596711636,0.9986750483512878,0.0020996250677853823
IL_4407167,0.0023382941726595163,0.15735357999801636,0.0004751737287733704,0.00496883038431406,0.0012034286046400666,0.001057107700034976,0.0007740116561762989,9.901686280500144e-05,0.00010825665231095627,0.9907582998275757,0.002179063856601715
IL_4418818,0.002227092394605279,0.247040793299675,0.0009375637746416032,0.1698864847421646,0.007260278332978487,0.015677226707339287,0.0023006717674434185,0.3720827102661133,0.009333638474345207,0.0025317061226814985,0.10353703796863556
IL_4429583,0.0016734239179641008,0.0112169049680233,0.0008626792696304619,0.9710811972618103,0.0008455204661004245,0.0023031148593872786,4.304182584746741e-05,0.1527978777885437,0.07799380272626877,0.012608400546014309,0.0005899578682146966
IL_4447995,0.017228787764906883,0.4370660185813904,0.0077819498255848885,0.9244132041931152,0.002648992231115699,0.003879225580021739,0.0012038924032822251,0.09076981246471405,0.03859221562743187,0.023219462484121323,0.004579673521220684
IL_4474915,0.04467314854264259,0.04506313055753708,0.0017173404339700937,0.9055356383323669,0.0008139799465425313,0.0029824841767549515,0.0002457998343743384,0.0033792611211538315,0.00048091617645695806,0.25607064366340637,0.0011799290077760816
IL_4556052,0.005119503475725651,0.06433665752410889,0.00024857278913259506,0.384136825799942,0.00037906027864664793,0.000905879307538271,0.0015994316199794412,0.0011141282739117742,0.00036092090886086226,0.9738928079605103,0.0008620506268925965
IL_4629710,0.0017521255649626255,0.999916672706604,0.0006514724809676409,0.007383525837212801,0.004011379089206457,0.002114721108227968,0.0003020988660864532,0.0016703765140846372,0.003428864059969783,0.00279801432043314,0.00389402755536139
IL_4631015,0.0006220081704668701,0.003314139088615775,0.035934317857027054,0.9953325390815735,0.00013559342187363654,0.00038702425081282854,0.004025562666356564,0.005240101367235184,0.08056067675352097,0.00013948223204351962,0.0012388817267492414
IL_4632594,0.0027447137981653214,0.00046710448805242777,0.004642055369913578,0.004457359202206135,0.0008583262679167092,0.0010380794992670417,0.0011659330921247602,0.04790978133678436,0.9987006187438965,0.0005729953409172595,0.0009694619220681489
IL_4640947,0.0029980752151459455,0.45333394408226013,0.00029888085555285215,0.01648131012916565,0.008027470670640469,0.004457477945834398,0.0003677807399071753,0.0029959408566355705,0.027065949514508247,0.9063622951507568,0.0033966333139687777
IL_4652828,0.025634143501520157,0.9973748922348022,0.0015451264334842563,0.013207810930907726,0.010488398373126984,0.01355781126767397,0.00016046164091676474,0.0013029451947659254,0.017665328457951546,0.024325482547283173,0.002218249486759305
IL_4673376,0.0008659843006171286,0.0037745616864413023,0.004901526961475611,0.0028820428997278214,0.005739134270697832,0.011281987652182579,0.001178511418402195,0.1170920580625534,0.9956592917442322,0.00042507785838097334,0.007271281443536282
IL_4698973,0.004683333449065685,0.9991100430488586,0.010457918047904968,0.01898978464305401,0.002353499410673976,0.0012748489389196038,0.0006544002681039274,0.0019900647457689047,0.030316974967718124,0.0037070028483867645,0.0027076774276793003
IL_4703518,0.01643555983901024,0.9906657934188843,0.009299801662564278,0.05349987745285034,0.0025803176686167717,0.09893179684877396,0.0009229133138433099,0.003215281292796135,0.009150528348982334,0.004021534696221352,0.015624525025486946
IL_4708155,0.00912223570048809,0.43177932500839233,0.004978238604962826,0.01856692135334015,0.0026096089277416468,0.06702709943056107,0.0007695008534938097,0.033400360494852066,0.9342002272605896,0.052855875343084335,0.02823038585484028
IL_4733323,0.014844223856925964,0.6606543064117432,0.0036505942698568106,0.5529963970184326,0.0018871508073061705,0.012938139028847218,0.0005382220260798931,0.07867911458015442,0.027229521423578262,0.4931328594684601,0.0013026499655097723
IL_4738780,0.001154814613983035,0.9976919889450073,0.001130611402913928,0.03228839859366417,0.001818204647861421,0.0045687914825975895,0.004377325531095266,0.002224354073405266,0.021903403103351593,0.004685890860855579,0.010477590374648571
IL_4747648,0.0024298550561070442,0.9995670914649963,0.0002726826351135969,0.029106512665748596,0.00039971902151592076,0.00199997634626925,0.000410244072554633,0.0021258986089378595,0.0013354039983823895,0.006496426183730364,0.03842798247933388
IL_4761308,0.00867417361587286,0.9961966276168823,0.0014335764572024345,0.04308069497346878,0.00872382428497076,0.0010583013063296676,0.00022333032393362373,0.0488382913172245,0.024434136226773262,0.01400281023234129,0.0157900582998991
IL_4787245,0.008961389772593975,0.09658067673444748,0.0018888795748353004,0.012214223854243755,0.002084733685478568,0.000279395462712273,0.002902424894273281,0.03443928062915802,0.006583605892956257,0.9936436414718628,0.0018459863495081663
IL_4796202,0.0029211919754743576,0.9997993111610413,0.0017719849711284041,0.0132406335324049,0.00098890729714185,0.0063253846019506454,0.0016195594798773527,0.005035587586462498,0.0015852797077968717,0.0039941081777215,0.017861364409327507
IL_4805993,0.0035504268016666174,0.9976673126220703,0.007995101623237133,0.010155214928090572,0.025918789207935333,0.02630891464650631,0.001027628662995994,0.006098339334130287,0.0482800267636776,0.0032000900246202946,0.010421592742204666
IL_4840188,0.0023681451566517353,0.9975851774215698,0.002804718678817153,0.08594943583011627,0.004028088878840208,0.0017378083430230618,0.0003866514307446778,0.014966137707233429,0.01137591153383255,0.008489010855555534,0.0029955790378153324
IL_4848599,0.0022171956952661276,0.9999587535858154,0.002681794110685587,0.004041406325995922,0.001835284405387938,0.00039685185765847564,0.0012248177081346512,0.0027961311861872673,0.0009005578467622399,0.002302674576640129,0.0024388188030570745
IL_4848977,0.004607607610523701,0.9987093210220337,0.0002833355392795056,0.10786590725183487,0.0005881220567971468,0.0018257673364132643,0.004865916445851326,0.002402900019660592,0.008661426603794098,0.004206857644021511,0.032183725386857986
IL_4907451,0.00809803418815136,0.04582507535815239,0.011962857097387314,0.9191573858261108,0.0012487306958064437,0.00034600860089994967,0.0022277175448834896,0.004841383080929518,0.014601482078433037,0.8125296235084534,0.0004957187920808792
IL_4912944,0.0006598041509278119,0.0029980610124766827,0.0297516081482172,0.004367724526673555,0.0021816648077219725,0.004110313951969147,0.00044282717863097787,0.0075255814008414745,0.002201600931584835,0.9998600482940674,0.0011598372366279364
IL_4926820,0.0008388442220166326,0.000496871885843575,0.0018216964090242982,0.015426921658217907,0.0005129338824190199,0.04299134016036987,0.00027436832897365093,0.12037546932697296,0.9943549633026123,0.001138968043960631,0.009982760064303875
IL_4928787,0.004359719343483448,0.9973022937774658,0.005650748498737812,0.08891650289297104,0.0043362039141356945,0.0033581163734197617,0.0007119959918782115,0.022730490192770958,0.010541816242039204,0.006016209255903959,0.010489655658602715
IL_4936385,0.2101784348487854,0.00838694628328085,0.0018747671274468303,0.9806070327758789,0.0001318082504440099,0.0007475334568880498,0.0004786756180692464,0.01142371166497469,0.0012228889390826225,0.0013668551109731197,0.00010431056580273435
IL_4942231,0.04570214822888374,0.6400315165519714,0.000659382960293442,0.5960662364959717,0.0009558384190313518,0.000757260131649673,0.0004581121902447194,0.0010817492147907615,0.0013154196785762906,0.08798389881849289,0.01248275674879551
IL_4953244,0.007192973978817463,0.9800702929496765,0.008334185928106308,0.02317591942846775,0.0027470081113278866,0.0047254846431314945,0.000705419690348208,0.02295871451497078,0.005265495739877224,0.2333211898803711,0.009202037937939167
IL_4955020,0.47687390446662903,0.34145525097846985,7.134876068448648e-05,0.20999035239219666,0.0009460183209739625,0.0008547018514946103,4.7417019231943414e-05,0.00011350528802722692,0.0001635070948395878,0.3965529501438141,0.0013417975278571248
IL_4964046,0.04359076917171478,0.6374278664588928,0.01198867429047823,0.41966044902801514,0.003117888467386365,0.00798598863184452,0.000187845595064573,0.0011540778214111924,0.0005369418067857623,0.18234854936599731,0.001142457127571106
IL_4983934,0.001599127077497542,0.40959247946739197,0.00182923988904804,0.0092152189463377,0.0005050413892604411,0.00594757217913866,0.0006241043447516859,0.00010833905980689451,0.0018626978853717446,0.9777858853340149,0.0008515635272487998
IL_4994761,0.003251763293519616,0.9999101161956787,0.003392174607142806,0.013087297789752483,0.0003102449991274625,0.0004581185057759285,0.0009045518818311393,0.00048601420712657273,0.0009075354319065809,0.0024436169769614935,0.004862066823989153
IL_5016487,0.009440106339752674,0.08358235657215118,0.003991849720478058,0.944439709186554,0.0016268650069832802,0.0003825283201877028,0.0003538527525961399,0.0022634195629507303,0.001026659389026463,0.275839626789093,0.0005466908332891762
IL_5018680,0.008880054578185081,0.57296222448349,0.0027515969704836607,0.55096435546875,0.01049811765551567,0.0015803484711796045,0.00331615237519145,0.013995345681905746,0.18421213328838348,0.03283929452300072,0.0029832827858626842
IL_5117306,0.0031505150254815817,0.9999568462371826,0.00474751740694046,0.008571178652346134,0.0008219825103878975,0.0014718137681484222,0.0006915596895851195,0.0010174356866627932,0.001971230376511812,0.0039449348114430904,0.0023765109945088625
IL_5136565,0.006227182224392891,0.06484495103359222,0.00025753036607056856,0.134330615401268,0.0006445106118917465,0.0007994095794856548,0.0007611854816786945,0.0014318334870040417,0.0004950255970470607,0.9897631406784058,0.0011443899711593986
IL_5150961,0.022718366235494614,0.5821442604064941,0.0006617034086957574,0.14118768274784088,0.009361814707517624,0.0003191460855305195,0.0017507750308141112,0.0277329720556736,0.011919940821826458,0.6107886433601379,0.002076700096949935
IL_5152620,0.04103968292474747,0.004661789629608393,0.0012178267352283,0.9984612464904785,0.00611969456076622,0.008172308094799519,0.001355215790681541,0.00048444574349559844,0.004426879342645407,0.00269211083650589,0.0012229494750499725
IL_5171099,0.002498804358765483,0.999937891960144,0.0020980210974812508,0.0017516944790259004,0.0007760910666547716,0.0003922515024896711,0.0006374147487804294,0.0018798134988173842,0.001955720828846097,0.002148434054106474,0.0012487289495766163
IL_5172506,0.0007873117574490607,0.0015395632945001125,0.004027933813631535,0.11330575495958328,0.002503484720364213,0.0005269346875138581,0.002233162522315979,0.7563923001289368,0.8062364459037781,0.00041798860183916986,0.011117692105472088
IL_5188190,0.010590685531497002,0.14389976859092712,0.0008589799399487674,0.39153924584388733,0.0030714732129126787,0.003101874142885208,0.005133996717631817,0.04347943514585495,0.0072342087514698505,0.9582840800285339,0.011175206862390041
IL_5192693,0.0017676750430837274,0.07629171758890152,0.0019722972065210342,0.9690996408462524,0.0006825354066677392,0.001161115593276918,0.0015926986234262586,0.013250512070953846,0.023535342887043953,0.040379710495471954,0.00017339180340059102
IL_5195971,0.004376963712275028,0.9998064637184143,0.0008089580805972219,0.021257072687149048,0.0008251399267464876,0.0005819984944537282,0.0009846704779192805,0.001120713073760271,0.001014654990285635,0.009351816028356552,0.0057740784250199795
IL_5199215,0.00018078574794344604,0.00015575956786051393,0.006809431128203869,0.0018279055366292596,0.0028104549273848534,0.00011440098023740575,0.002349642338231206,0.9985284805297852,0.02947051450610161,3.3081207220675424e-05,0.0027339409571141005
IL_5202722,0.0021920539438724518,0.037922702729701996,0.014704498462378979,0.9063116908073425,0.00308407936245203,0.002097609918564558,0.0003391761565580964,0.23489201068878174,0.3128015697002411,0.0010526437545195222,0.005398265551775694
IL_5227274,0.002394595183432102,0.5204271078109741,0.0031462409533560276,0.9495524168014526,0.002708832500502467,0.0003100844332948327,3.7269142922014e-05,0.010553251951932907,0.012762167491018772,0.014415169134736061,0.006111709866672754
IL_5227787,0.015530306845903397,0.8184323906898499,0.0008255481370724738,0.580736517906189,0.00033413106575608253,0.02848725952208042,0.00026676637935452163,0.00746347289532423,0.0017729061655700207,0.2055939882993698,0.004254409112036228
IL_5242598,0.022090323269367218,0.994856595993042,0.003962992690503597,0.0036505889147520065,8.564619929529727e-05,0.18111641705036163,0.0033393565099686384,0.009940759278833866,0.0015247181290760636,0.012202073819935322,0.0025444102939218283
IL_5308378,0.0029604490846395493,0.003208375070244074,0.0006625843816436827,0.5976819396018982,0.0020340299233794212,0.017602838575839996,0.0038861078210175037,0.010188130661845207,0.962129533290863,0.0027359621599316597,0.004360377788543701
IL_5330356,0.5209053158760071,0.7964733839035034,0.0019074368756264448,0.3409210443496704,0.002663061022758484,0.006478652823716402,0.0001831678964663297,0.001442401553504169,0.002647467190399766,0.05368998274207115,0.006581529509276152
IL_5334240,0.014949556440114975,0.0870257094502449,0.4498969614505768,0.03798796981573105,0.008951240219175816,0.2785792946815491,0.003000586060807109,0.007992567494511604,0.8785942792892456,0.004031076095998287,0.0010360516607761383
IL_5360549,0.3234705924987793,0.0034140811767429113,0.0023103170096874237,0.026927325874567032,0.0018593735294416547,0.002038111910223961,0.0002676953445188701,0.0005692013655789196,0.00029743340564891696,0.9843130111694336,0.0003330659819766879
IL_5383665,0.0028441983740776777,0.13179881870746613,0.0014821570366621017,0.9912996888160706,0.00042751769069582224,0.0021134435664862394,5.01793620060198e-05,0.0034754914231598377,0.0035738120786845684,0.011063747107982635,0.0007951799780130386
IL_5417792,0.01290086843073368,0.006162260193377733,0.08791980892419815,0.022512195631861687,0.0027559588197618723,0.00014314679719973356,0.005896471906453371,0.22912248969078064,0.9550571441650391,0.022883005440235138,0.00761223491281271
IL_5419157,0.002883268054574728,0.5049872398376465,0.0011878591030836105,0.21289698779582977,0.0011339400662109256,0.0033554029650986195,0.003290605964139104,0.4178181290626526,0.2825261056423187,0.005091801751405001,0.004526824224740267
IL_5461503,0.007049669045954943,0.9871687889099121,0.0007948209531605244,0.2670315206050873,0.004068079870194197,0.0020092278718948364,0.0029204338788986206,0.004843198228627443,0.05443224310874939,0.023071065545082092,0.0011827355483546853
IL_5484022,0.002793483668938279,0.9994914531707764,0.0003114030696451664,0.02903842367231846,0.002514264080673456,0.0013707346515730023,0.0013279394479468465,0.00174918572884053,0.001016920548863709,0.020346947014331818,0.001534360577352345
IL_5489843,0.006331705488264561,0.9981928467750549,0.0004467833787202835,0.04122433438897133,0.0004573778132908046,0.016692254692316055,0.00023579879780299962,0.00022922264179214835,0.0017165860626846552,0.007373988628387451,0.008612037636339664
IL_5493219,0.00230746204033494,0.0060523333959281445,0.00782863050699234,0.08435069024562836,0.004612546414136887,0.0010218356037512422,0.0004758690483868122,0.0003505327913444489,0.002061117673292756,0.9988811612129211,0.00041224242886528373
IL_5512024,0.001572869485244155,0.364673376083374,0.001911823870614171,0.8621379137039185,0.0009295076597481966,0.004433003254234791,0.00019707169849425554,0.01599024422466755,0.1059236228466034,0.029978573322296143,0.0034863087348639965
IL_5545711,0.039730437099933624,0.0236051008105278,0.002774542663246393,0.6848353147506714,0.0002446548896841705,0.00039944687159731984,0.00036817576619796455,0.7221882343292236,0.20575596392154694,0.004987451713532209,0.0004957388737238944
IL_5552679,0.0028411599341779947,0.23913154006004333,0.0018868481274694204,0.027489615604281425,0.005126344971358776,0.002446140628308058,0.005331762600690126,0.011364885605871677,0.07020511478185654,0.9609893560409546,0.04395386204123497
IL_5562172,0.00236987741664052,0.9996235370635986,0.00012183337094029412,0.015393247827887535,0.0007613261695951223,0.0005186558701097965,0.001627406571060419,0.0016903331270441413,0.000631501607131213,0.012101338244974613,0.011364655569195747
IL_5584877,0.2449641227722168,0.006299885455518961,0.006560326088219881,0.24839001893997192,0.8419477343559265,0.16469360888004303,0.0011943893041461706,0.008919999934732914,0.02114221639931202,0.005611600819975138,0.006994389928877354
IL_5603161,0.0026913865003734827,0.9866260886192322,0.0024378038942813873,0.08711946755647659,0.01647362858057022,0.0019230153411626816,0.0006316993967629969,0.04884806275367737,0.06766603142023087,0.0037182271480560303,0.028173627331852913
IL_5609972,0.02174397185444832,0.9160795211791992,0.0031091978307813406,0.08738317340612411,0.0002861856482923031,0.0007664735894650221,0.0005104578449390829,0.38831573724746704,0.0014484450221061707,0.01965484768152237,0.002867248607799411
IL_5632066,0.0018877085531130433,0.004323095083236694,0.006405948661267757,0.7335535287857056,0.0019024197245016694,0.004113353788852692,0.003934968262910843,0.004691208712756634,0.551453709602356,0.0006647833506576717,0.5198044776916504
IL_5671982,0.2693880498409271,0.953324019908905,0.0001422181085217744,0.2162201851606369,0.001605535508133471,0.010626636445522308,0.0006086969515308738,0.0017602259758859873,0.002935736207291484,0.18770582973957062,0.005282365716993809
IL_5695938,0.2678956687450409,0.8626484870910645,0.0012842182768508792,0.2458616942167282,0.001217986224219203,0.12248514592647552,0.02841026335954666,0.04904612898826599,0.0060362135991454124,0.07074372470378876,0.00035719515290111303
IL_5698172,0.0031790367793291807,0.6720796823501587,0.005461219232529402,0.14644311368465424,0.002532052807509899,0.034893546253442764,0.0036076544784009457,0.7796972393989563,0.09263874590396881,0.010077867656946182,0.0027966522611677647
IL_5712655,0.06882213056087494,0.2295876145362854,0.002437870018184185,0.5933762192726135,0.022074546664953232,0.0014200168661773205,0.00019385572522878647,0.053279951214790344,0.11154096573591232,0.2180275022983551,0.0010531051084399223
IL_5746899,0.011686800979077816,0.9922913908958435,0.0005520204431377351,0.03547549620270729,0.0011539607075974345,0.0015357608208432794,0.00044832075946033,0.0017474397318437696,0.0035236109979450703,0.10189279168844223,0.0021736142225563526
IL_5770284,0.0018816307419911027,7.720888970652595e-05,0.0002629962400533259,0.0005885375430807471,0.0006009798380546272,0.00069220713339746,0.0006976606673561037,0.2815916836261749,0.9888761639595032,8.107565372483805e-05,0.0029376097954809666
IL_5841112,0.0008029313175939023,0.00012552111002150923,0.0007877976750023663,0.003840797347947955,0.0006821663700975478,0.0008324612863361835,0.00015954533591866493,0.0035452935844659805,0.9999107122421265,0.0010949292918667197,0.001209832145832479
IL_5873278,0.040596816688776016,0.8396722674369812,0.02498311921954155,0.09904801100492477,0.00023943516134750098,0.017418034374713898,0.011385943740606308,0.026137666776776314,0.022090235725045204,0.0037026696372777224,0.0013139847433194518
IL_5886154,0.8885042667388916,0.005857741925865412,0.001236734795384109,0.10814095288515091,0.0027083843015134335,0.012124567292630672,0.0001941233640536666,0.22218967974185944,0.045311883091926575,0.0004972371971234679,0.0011116829700767994
IL_5891440,0.002630113624036312,0.01860078237950802,0.01718960888683796,0.8661222457885742,0.004137088544666767,0.0014718488091602921,0.0007521846564486623,0.0013309047790244222,0.005849599838256836,0.6186147928237915,0.0002449994208291173
IL_5907718,0.005057888571172953,0.08226867020130157,0.0146785918623209,0.9958845973014832,0.0013370055239647627,0.0004955846234224737,0.00031023111660033464,0.0015582310734316707,0.0013082281220704317,0.0034090750850737095,0.0003265973355155438
IL_5913331,0.008590491488575935,0.9701260328292847,0.017606796696782112,0.013391148298978806,0.00274481438100338,0.01422524731606245,0.0003684338298626244,0.005038835573941469,0.014599518850445747,0.3585512042045593,0.008315518498420715
IL_5917748,0.010305012576282024,0.9686263203620911,0.004359560087323189,0.5049284100532532,0.001092874794267118,0.011729422956705093,0.00026389898266643286,0.01462739147245884,0.010026738978922367,0.016249174252152443,0.004223562311381102
IL_5924119,0.0011060312390327454,9.806657180888578e-05,0.0013769534416496754,0.0012242327211424708,0.0003906919446308166,0.0007098205387592316,0.00020518603560049087,0.04262981936335564,0.9989093542098999,0.0006351924384944141,0.0014299408067017794
IL_5926691,0.0007610814063809812,0.000511628168169409,0.003504409221932292,0.00437429454177618,0.0010457021417096257,0.0019487007521092892,0.0013443500502035022,0.030303247272968292,0.9994820952415466,0.001072532613761723,0.007001236081123352
IL_5932158,0.002665759762749076,0.0022741821594536304,0.00893725361675024,0.0023455668706446886,0.0033945776522159576,0.0019523025257512927,0.0007947799749672413,0.0666455402970314,0.011819595471024513,0.9981333613395691,0.013403589837253094
IL_5978307,0.004614782519638538,0.0002521511632949114,0.001863421406596899,0.00257924129255116,0.00309164309874177,0.0007553999312222004,0.00028505254886113107,0.006614349316805601,0.9998524188995361,0.0010366326896473765,0.0007726343465037644
IL_6000978,0.10700059682130814,0.9181249141693115,0.0012878518318757415,0.062459688633680344,0.004210616461932659,0.007096847984939814,0.0013036211021244526,0.011503718793392181,0.010423899628221989,0.41469812393188477,0.0010089667048305273
IL_6012528,0.26608705520629883,0.24448560178279877,0.004186573438346386,0.10011722147464752,0.00232878141105175,0.0038587364833801985,0.00012031290680170059,0.005312802270054817,0.0055460152216255665,0.8739888668060303,0.010563015006482601
IL_6031916,0.00142801518086344,0.9561640620231628,0.012012612074613571,0.018153296783566475,0.0006090683746151626,0.5826861262321472,0.0006518655573017895,0.03597428277134895,0.017836321145296097,0.021732883527874947,0.019594229757785797
IL_6046824,0.21647413074970245,0.9147179126739502,0.0034448744263499975,0.01994301937520504,0.0005146057810634375,0.013888285495340824,0.0004684845625888556,0.0016531777800992131,0.6030451655387878,0.0357973575592041,0.0028599246870726347
IL_6051806,0.002070772461593151,0.8154803514480591,0.015848767012357712,0.004545255098491907,0.0008140035788528621,0.009115975350141525,0.0017719647148624063,0.7058303356170654,0.04940221458673477,0.00040594281745143235,0.024549324065446854
IL_6066131,0.009673824533820152,0.9990326166152954,0.0030994596891105175,0.01745428889989853,0.0018191031413152814,0.0005252968985587358,0.0006704265251755714,0.0027805573772639036,0.04878680780529976,0.005421135108917952,0.006306022871285677
IL_6070882,0.011122175492346287,0.9947646856307983,0.0007695936365053058,0.1511840671300888,0.0017532886704429984,0.0038970098830759525,0.0012648784322664142,0.017293360084295273,0.0031596978660672903,0.023964321240782738,0.008066377602517605
IL_6075447,0.015806637704372406,0.9995038509368896,0.0002708685933612287,0.0037804117891937494,0.0005196284619159997,0.0012687818380072713,0.001866576843895018,0.002445266814902425,0.0023624831810593605,0.010850009508430958,0.003584428457543254
IL_6099493,0.0035487080458551645,0.9984777569770813,0.007726788520812988,0.0741981640458107,0.0006357550737448037,0.0006038538413122296,0.00038287966162897646,0.047781944274902344,0.0017604822060093284,0.0010634135687723756,0.0021971024107187986
IL_6099858,0.002946597058326006,0.997654139995575,0.0028766528703272343,0.10995970666408539,0.002414544578641653,0.008663260377943516,0.0006768006714992225,0.008649990893900394,0.015249308198690414,0.0044968705624341965,0.01063191145658493
IL_6129083,0.011989776976406574,0.22441385686397552,0.0032306492794305086,0.23061327636241913,0.000774293439462781,0.04506022110581398,0.0010967483976855874,0.1446956843137741,0.1276724636554718,0.09855785220861435,0.5728079676628113
IL_6163594,0.16377675533294678,0.06772378832101822,0.0023160867858678102,0.9462255239486694,0.006982236169278622,0.0021098987199366093,9.209341806126758e-05,0.0006610513664782047,0.013306641019880772,0.08837732672691345,0.0007022831123322248
IL_6164735,0.027245040982961655,0.9656592011451721,0.0004207151650916785,0.20799937844276428,0.0006598667241632938,0.00068754015956074,0.002940051956102252,0.0055972556583583355,0.004548073746263981,0.18956460058689117,0.028068168088793755
IL_6191818,0.0028482365887612104,0.006225350312888622,0.0006180730415508151,0.7650078535079956,0.0001335514971287921,0.0019805808551609516,0.0004675227391999215,0.07055673003196716,0.002825236413627863,0.8771072626113892,0.000929934554733336
IL_6197538,0.00329734873957932,0.3423827290534973,0.016329325735569,0.1838735044002533,0.0076304841786623,0.0011069155298173428,0.0004422713827807456,0.05197371914982796,0.021944958716630936,0.7884950637817383,0.0013626153813675046
IL_6214063,0.043740417808294296,0.9956211447715759,0.0005312658031471074,0.047213274985551834,0.003679227316752076,0.0014753795694559813,0.00024974680854938924,0.002656214637681842,0.0019595965277403593,0.0019520145142450929,0.0022961830254644156
IL_6247837,0.0015479627763852477,0.9922412633895874,0.003766715992242098,0.06476303935050964,0.0029393534641712904,0.057155463844537735,0.003957573790103197,0.016195576637983322,0.009364273399114609,0.03192228451371193,0.0006768470630049706
IL_6254530,0.0022072354331612587,0.0951690599322319,0.031654734164476395,0.19496014714241028,0.003579480806365609,0.0019225202267989516,0.010899350047111511,0.8331949710845947,0.28872552514076233,0.0006054449477232993,0.008808215148746967
IL_6298296,0.0006268342840485275,0.9449058771133423,0.0010844795033335686,0.005864026490598917,0.023057786747813225,0.028799481689929962,0.0020142807625234127,0.036635059863328934,0.14476770162582397,0.012258687987923622,0.08031017333269119
IL_6311333,0.00386078585870564,0.6689000725746155,0.0012335794745013118,0.015586836263537407,0.001467526308260858,0.33116599917411804,0.004646772518754005,0.2194506675004959,0.027096742764115334,0.0006617661565542221,0.28321218490600586
IL_6364048,0.006629210896790028,0.4915415048599243,0.0009204986854456365,0.03625950217247009,0.0019657660741358995,0.0031094783917069435,0.00085738132474944,0.03111942484974861,0.8663294911384583,0.004303858615458012,0.43787792325019836
IL_6375582,0.0036544534377753735,0.9991718530654907,0.0033295757602900267,0.02663394622504711,0.0018331557512283325,0.004799993708729744,0.004092270974069834,0.002948235021904111,0.001047084224410355,0.004790868144482374,0.002515054540708661
IL_6379178,0.004922910127788782,0.04293670505285263,0.001121782697737217,0.996094286441803,0.00378789147362113,0.010300373658537865,0.000507047341670841,0.015886861830949783,0.0015824942383915186,0.018100861459970474,0.011434530839323997
IL_6379354,0.9904727339744568,0.0016041449271142483,0.001703212852589786,0.007277331314980984,0.00022973922023084015,0.030940981581807137,0.0013819212326779962,0.31143397092819214,0.010745554231107235,0.0011731247650459409,0.0006529001984745264
IL_6430602,0.010403502732515335,0.9141871929168701,0.0019520713249221444,0.515597939491272,0.0015166915254667401,0.012235106900334358,0.00021485434263013303,0.008565199561417103,0.036876071244478226,0.061908408999443054,0.009704035706818104
IL_6444875,0.0020934916101396084,0.3631293773651123,0.007677803281694651,0.23507516086101532,0.011236320249736309,0.010936569422483444,0.0007587872096337378,0.6248315572738647,0.34427425265312195,0.013125940226018429,0.019477522000670433
IL_6483133,0.00018104691116604954,0.00012493396934587508,0.0011547942413017154,0.0026844979729503393,0.005212516989558935,0.0006766178412362933,0.00033599318703636527,0.018269306048750877,0.9992877840995789,3.4979861084138975e-05,0.0015272523742169142
IL_6492206,0.05229924991726875,0.929497480392456,0.00278301234357059,0.13099037110805511,0.001912898849695921,0.0028275535441935062,0.0005847109132446349,0.4887181222438812,0.11703342944383621,0.012112544849514961,0.015270231291651726
IL_6495967,0.16361582279205322,0.38097700476646423,0.00023582173162139952,0.13613028824329376,0.00047068059211596847,0.0006856625550426543,0.000611859664786607,0.08219994604587555,0.013413254171609879,0.42303231358528137,0.006384714040905237
IL_6516078,0.00449912715703249,0.9700474739074707,0.0009803308639675379,0.1834990233182907,0.0009738513035699725,0.0011786478571593761,0.00023990360205061734,0.0012784634018316865,0.001325480523519218,0.10400407016277313,0.015213576145470142
IL_6579859,0.0003884216130245477,0.00016700576816219836,0.005293022841215134,0.004959961865097284,0.0012897697743028402,0.028526199981570244,0.0007992659811861813,0.03497711196541786,0.9987194538116455,0.0003917526046279818,0.0021041107829660177
IL_6580455,0.006279086694121361,0.9993003606796265,0.00199721846729517,0.01871609129011631,0.017845964059233665,0.00036706251557916403,0.0003837261174339801,0.01287569385021925,0.003934526816010475,0.015352131798863411,0.04556778073310852
IL_6580650,0.0005216504796408117,0.00010556366760283709,0.0040787868201732635,0.014643419533967972,9.083478653337806e-05,0.0006986756343394518,0.0008004774572327733,0.3882254958152771,0.9590447545051575,0.00023671875533182174,0.002246747026219964
IL_6601787,0.17655010521411896,0.9518159627914429,0.006649897899478674,0.17976370453834534,0.0063448259606957436,0.0023169750347733498,0.00033313233871012926,0.06946109235286713,0.007446808274835348,0.1059979572892189,0.016250012442469597
IL_6603212,0.8634445071220398,0.0004910469288006425,0.0008073769859038293,0.004645387642085552,0.0001335062988800928,0.0019578963983803988,0.0023622955195605755,0.9510511755943298,0.007371810730546713,0.002252692822366953,0.00026419200003147125
IL_6607523,0.005602194461971521,0.9983766078948975,0.004200534429401159,0.0368347093462944,0.007674574386328459,0.0044069658033549786,0.002724224468693137,0.11197201162576675,0.016031403094530106,0.013371544890105724,0.02398465760052204
IL_6614720,0.008453520946204662,0.9681522846221924,0.0015024164458736777,0.45960533618927,0.00040926324436441064,0.008657844737172127,0.00011799524509115145,0.006048236042261124,0.02362540364265442,0.002907813061028719,0.03697989881038666
IL_6615378,0.0021480016876012087,0.9993646740913391,0.0005544584710150957,0.024112839251756668,0.008403114043176174,0.0003114755090791732,0.0008762763463892043,0.004654451739042997,0.005322964861989021,0.004314708523452282,0.008183322846889496
IL_6619207,0.00039897151873447,0.9995501637458801,0.0033212294802069664,0.004933673422783613,0.0016109516145661473,0.0004624997382052243,0.0023008522111922503,0.049698032438755035,0.003788215108215809,0.0005855690105818212,0.016269369050860405
IL_6671454,0.017773954197764397,0.0308784581720829,0.0011191879166290164,0.05880379676818848,0.0009543538908474147,0.001364490482956171,0.00038316738209687173,0.00030569499358534813,0.00036424718564376235,0.9957179427146912,0.0005248113884590566
IL_6691109,0.004927242640405893,0.22479334473609924,0.0029950449243187904,0.057740382850170135,0.005870220251381397,0.003384839743375778,0.00033974667894653976,0.001365671050734818,0.00407788809388876,0.972209632396698,0.039128147065639496
IL_6705688,0.00212214607745409,0.988423764705658,0.0011844761902466416,0.013811780139803886,0.0006254295585677028,0.0010163564002141356,5.260439502308145e-05,0.005026660859584808,0.003715942148119211,0.3338729441165924,0.00295064109377563
IL_6720101,0.007351158652454615,0.047826699912548065,0.00380403152666986,0.05893871188163757,0.003083091229200363,0.0009613906149752438,0.00027968731592409313,0.003985969349741936,0.0012980470201000571,0.9939380884170532,0.0025645860005170107
IL_6730800,0.04111003875732422,0.9906339645385742,0.0010637134546414018,0.0798383578658104,0.0002676973817870021,0.0018085833871737123,0.008020779117941856,0.011460847221314907,0.0024747445713728666,0.033376868814229965,0.005865082610398531
IL_6785749,0.004145251587033272,0.004601676017045975,0.0021032749209553003,0.999330997467041,0.0002998886920977384,0.0008049483876675367,0.00018582258780952543,0.0010574028128758073,0.0004933533491566777,0.014474492520093918,0.0003280324744991958
IL_6799756,0.006907144095748663,0.9995192289352417,0.00041685457108542323,0.04406879097223282,0.0010302684968337417,0.0012797535164281726,0.0012228854466229677,0.0032724461052566767,0.0018440289422869682,0.005005005281418562,0.005972653161734343
IL_6928115,0.053154587745666504,0.9234083294868469,0.0015350568573921919,0.06710582226514816,0.0009907707571983337,0.0012375566875562072,0.02035723440349102,0.0009365656296722591,0.012320255860686302,0.08005055040121078,0.004166940692812204
IL_6943589,0.0006678065983578563,0.11066985130310059,0.007564708590507507,0.0016542752273380756,0.0006314110360108316,0.00014035760250408202,0.0003865167673211545,0.0005225943168625236,0.0005196192651055753,0.9971537590026855,0.004132076166570187
IL_6964671,0.015485637821257114,0.2666148245334625,0.0030500032007694244,0.20460174977779388,0.0012657991610467434,0.0002519463887438178,0.0028839479200541973,0.12526275217533112,0.030554836615920067,0.4826161563396454,0.02101578749716282
IL_7115582,0.0030617264565080404,0.7381536960601807,0.01130017638206482,0.018371418118476868,0.004725481849163771,0.0011808510171249509,0.01772419922053814,0.49022015929222107,0.044896747916936874,0.001382337766699493,0.0011255152057856321
IL_7148487,0.03478224575519562,0.9986979961395264,0.018590625375509262,0.04547816142439842,0.0026936528738588095,0.0009423910523764789,0.0009503065957687795,0.005809032823890448,0.005793334916234016,0.013280284591019154,0.013278878293931484
IL_7214473,0.02009303867816925,0.08382845669984818,0.012791554443538189,0.9269933700561523,0.2805342376232147,0.006285963114351034,7.058324990794063e-05,0.06172124296426773,0.02705937810242176,0.023295670747756958,0.02859613485634327
IL_7218860,0.0018355018692091107,0.03904744237661362,0.00026766827795654535,0.009359537623822689,0.0007725990144535899,0.000501104281283915,0.0023047062568366528,0.9851958751678467,0.037631805986166,0.0021176261361688375,0.023624099791049957
IL_7220515,0.0019406316569074988,0.9965793490409851,0.0001157244187197648,0.0027678655460476875,0.0013158112997189164,0.00023615179816260934,0.0017865269910544157,0.0045603979378938675,0.0032556913793087006,0.07613348215818405,0.012730533257126808
IL_7336116,0.002267075004056096,7.732176163699478e-05,0.0013886422384530306,0.0033579471055418253,0.0015196921303868294,0.0021303428802639246,0.0006703415419906378,0.11730339378118515,0.9967255592346191,0.0005716457962989807,0.003347763791680336
IL_7352985,0.002035546349361539,0.21849972009658813,0.0020175587851554155,0.11861824244260788,0.0014800330391153693,0.010008230805397034,0.0011575453681871295,0.1581019014120102,0.6249227523803711,0.0027240030467510223,0.006196968257427216
IL_7359666,0.021294426172971725,0.9905276298522949,0.011061452329158783,0.23457646369934082,0.025234119966626167,0.006772967521101236,0.0003229705907870084,0.010726182721555233,0.0264095701277256,0.006135902367532253,0.013910159468650818
IL_7360646,0.00820428691804409,0.8546393513679504,0.017600949853658676,0.04425937309861183,0.006475050467997789,0.03234870731830597,0.00020473517361097038,0.8885695338249207,0.013529539108276367,0.01593908667564392,0.07403514534235
IL_7392612,0.003017233684659004,0.9964540004730225,0.004722336772829294,0.09714298695325851,0.012953237630426884,0.013743618503212929,0.0007508289418183267,0.07379497587680817,0.024975668638944626,0.0011739759938791394,0.005721684079617262
IL_7432503,0.0012502606259658933,3.910853047273122e-05,0.001641854178160429,0.0034373048692941666,0.0021608152892440557,0.0026222090236842632,0.0007389698876067996,0.012919645756483078,0.9995786547660828,0.0002323959197383374,0.0022571287117898464
IL_7433595,0.00647142855450511,0.9545713663101196,0.015170201659202576,0.017223911359906197,0.006267383694648743,0.008609493263065815,0.0011265160283073783,0.0028906858060508966,0.47517287731170654,0.005390198901295662,0.008705321699380875
IL_7436788,0.036379940807819366,0.9991820454597473,0.0011048911837860942,0.0066646370105445385,0.00033071188954636455,0.0032275121193379164,0.00033220910700038075,0.0008414431940764189,0.000465656747110188,0.01592829078435898,0.0049996268935501575
IL_7451087,0.7033208608627319,0.3390335440635681,0.009821088053286076,0.07798094302415848,0.0016307010082527995,0.0035054581239819527,0.003158807521685958,0.3681715130805969,0.13974691927433014,0.07568653672933578,0.003617802169173956
IL_7452804,0.0009773559868335724,0.001588005106896162,0.001568712294101715,0.9994156360626221,0.000283972971374169,0.0010310059878975153,0.00014575677050743252,0.024231979623436928,0.0023789519909769297,0.000698212708812207,0.0011118720285594463
IL_7462703,0.004748096689581871,0.897357165813446,0.007832827977836132,0.23268894851207733,0.06238566339015961,0.02288806438446045,0.0005106276948936284,0.016194185242056847,0.0950235053896904,0.00669698603451252,0.005173942074179649
IL_7464129,0.0006418012781068683,2.2601436285185628e-05,0.0015067015774548054,0.0010851537808775902,0.0011132732033729553,0.001803437597118318,0.0006970645627006888,0.005547149106860161,0.9998633861541748,0.00013653887435793877,0.0025544697418808937
IL_7475868,0.005201365333050489,0.9995744824409485,0.010006053373217583,0.03503178805112839,0.005214456003159285,0.0015476886183023453,0.0008193751564249396,0.04151471331715584,0.010292408987879753,0.0024765331763774157,0.006423642858862877
IL_7505442,0.10145111382007599,0.9477710723876953,0.0003357698442414403,0.47411325573921204,0.0005902975681237876,0.0011634102556854486,0.00022545052343048155,0.00240825186483562,0.0024402961134910583,0.03446850925683975,0.0018791337497532368
IL_7512996,0.018367169424891472,0.9775708913803101,0.0010963999666273594,0.3875122666358948,0.0034738120157271624,0.004169188905507326,0.0006687628920190036,0.00149047642480582,0.00665264530107379,0.03178740292787552,0.001537259784527123
IL_7557824,0.004531547427177429,0.007681077811866999,0.001071428065188229,0.398866206407547,0.00028187493444420397,0.0010924189118668437,0.0025739267002791166,0.017882943153381348,0.002931443275883794,0.9385662078857422,0.29622262716293335
IL_7559500,0.05648277699947357,0.011031239293515682,0.0010152183240279555,0.13487721979618073,0.0009450728539377451,0.0021100924350321293,0.003465087618678808,0.023428937420248985,0.9835651516914368,0.0023741798941046,0.0005490726907737553
IL_7580080,0.0004082861414644867,2.9342498237383552e-05,0.002716455142945051,0.0013626270228996873,0.0018013374647125602,0.0007894276641309261,0.009024218656122684,0.1832636594772339,0.9927501678466797,2.831402343872469e-05,0.0013014661381021142
IL_7604960,0.02434454672038555,0.995262622833252,0.016222340986132622,0.056379884481430054,0.0020916545763611794,0.008105908520519733,0.00031007526558823884,0.030943699181079865,0.02191050350666046,0.03426945582032204,0.015572386793792248
IL_7612830,0.006743357516825199,0.9990180730819702,0.012462903745472431,0.02177010476589203,0.0017041091341525316,0.005937037989497185,0.00010192312038270757,0.004663066007196903,0.022385433316230774,0.013873078860342503,0.007113253697752953
IL_7636226,0.26053768396377563,0.9350443482398987,0.0019051089184358716,0.11040773242712021,0.0009225225076079369,0.012208765372633934,0.00467679463326931,0.0099015599116683,0.04449307546019554,0.006586700677871704,0.0022242311388254166
IL_7640681,0.11965958774089813,0.9884406328201294,0.00148183258716017,0.01380093116313219,9.40432510105893e-05,0.0006876767729409039,0.005212074611335993,0.013777392916381359,0.0005208545480854809,0.011396780610084534,0.02641679160296917
IL_7667532,0.0016121553489938378,0.9999477863311768,0.0015650420682504773,0.01023049931973219,0.0018081855960190296,0.0010538502829149365,0.0002063673600787297,0.005443561356514692,0.004427211359143257,0.0023459407966583967,0.009573748335242271
IL_7720827,0.001933121820911765,0.019931064918637276,0.38701772689819336,0.015342921018600464,0.05299057811498642,0.0657058134675026,0.00035059815854765475,0.13373713195323944,0.008292430080473423,0.6670519709587097,0.01122943963855505
IL_7744265,0.002609482267871499,0.9997515082359314,0.003694576444104314,0.005999553948640823,0.0049170879647135735,0.004771951120346785,0.0027614093851298094,0.010000607930123806,0.005687007214874029,0.004467423539608717,0.0109288040548563
IL_7750228,0.0038368257228285074,0.9081074595451355,0.0007718994747847319,0.6451661586761475,0.0013943113153800368,0.0019369905348867178,0.0021267354022711515,0.02301781438291073,0.01802232675254345,0.0027946794871240854,0.009389808401465416
IL_7772384,0.00466518010944128,0.014764348976314068,0.0002903091663029045,0.1442442685365677,0.00021502278104890138,0.0007411184487864375,0.0006614096346311271,0.0018466198816895485,0.0008319636690430343,0.996084451675415,0.0004819291934836656
IL_7777526,0.029584944248199463,0.2959350347518921,0.012412545271217823,0.05779146030545235,0.00013986554404255003,0.006798787508159876,0.0039329854771494865,0.7787455320358276,0.05508847534656525,0.061485834419727325,0.0034999677445739508
IL_7780812,0.010482006706297398,0.9098793268203735,0.0009236609912477434,0.619051992893219,0.006336204241961241,0.009836499579250813,0.0009143779752776027,0.015598613768815994,0.014528491534292698,0.006277310661971569,0.008097689598798752
IL_7814962,0.011949140578508377,0.991161584854126,0.18397101759910583,0.013831865042448044,0.0012757988879457116,0.01911594346165657,0.005185096524655819,0.0005280267214402556,0.006262215320020914,0.006693535950034857,0.0048517826944589615
IL_7839360,0.0024299973156303167,0.00388238113373518,0.005048555321991444,0.023711279034614563,0.0013774997787550092,0.0005389988073147833,0.014152818359434605,0.012564605101943016,0.1427406519651413,0.00959702581167221,0.9894456267356873
IL_7845741,0.007568740751594305,0.9993270635604858,0.005989890079945326,0.013148040510714054,0.00249971984885633,0.003608381375670433,0.0010455806041136384,0.025330688804388046,0.012256170623004436,0.0040347995236516,0.012364239431917667
IL_7858220,0.0017947287997230887,0.9997852444648743,0.015198037959635258,0.009643087163567543,0.001353310770355165,0.00475536473095417,0.0003113725106231868,0.013405910693109035,0.005117111839354038,0.002385644940659404,0.0032503448892384768
IL_7877903,0.05076855793595314,0.0017686833161860704,0.0030625504441559315,0.36997613310813904,0.0001768297515809536,0.004999721888452768,0.0013784439070150256,0.050182558596134186,0.8730231523513794,0.002328461268916726,0.0007286174804903567
IL_7896836,0.013620156794786453,0.9334743022918701,0.004614473786205053,0.43515515327453613,0.0004409218090586364,0.004558153450489044,0.00015728922153357416,0.010109523311257362,0.0037005010526627302,0.12401020526885986,0.005675365217030048
IL_7914681,0.0018960193265229464,0.16269545257091522,0.002038550330325961,0.05485314875841141,0.003584930906072259,0.001342634204775095,0.0016627847217023373,0.01088671199977398,0.11832580715417862,0.8545087575912476,0.004365278407931328
IL_7917684,0.000574051751755178,0.00038984796265140176,0.0007904634694568813,0.3044481873512268,0.00012895780673716217,0.011710446327924728,0.00405509676784277,0.9298238754272461,0.04831111431121826,0.0019517934415489435,0.0011466459836810827
IL_7919145,0.004018888343125582,0.9878211617469788,0.010335709899663925,0.011387361213564873,0.002213670639321208,0.19660034775733948,0.000124889294966124,0.0011906854342669249,0.022423600777983665,0.04551113024353981,0.003276800736784935
IL_7944285,0.0022246302105486393,0.005148410797119141,0.0067407614551484585,0.9997333884239197,0.0003499184676911682,0.002143831690773368,0.00029045838164165616,0.001322753494605422,0.006929234601557255,0.00045137686538510025,0.00042848812881857157
IL_7945525,0.005306599661707878,0.031454745680093765,0.016375336796045303,0.8789885640144348,0.05989539623260498,0.09195335954427719,0.009839979000389576,0.069728322327137,0.010956212878227234,0.010835893452167511,0.018100038170814514
IL_7955621,0.003544001840054989,0.9860186576843262,0.006818353198468685,0.19306592643260956,0.003980772104114294,0.008113741874694824,0.0007290355861186981,0.0710078701376915,0.041742630302906036,0.0037389229983091354,0.02211114391684532
IL_7983237,0.0007323386380448937,0.00026323055499233305,0.0707242488861084,0.03525286540389061,0.002623336622491479,0.003782800631597638,0.0034495133440941572,0.0506683886051178,0.9858766794204712,0.00012084342597518116,0.04510081186890602
IL_7988157,0.005556099582463503,0.03877958655357361,0.02567164972424507,0.9553829431533813,0.005402916576713324,0.22160591185092926,0.00041147132287733257,0.012806454673409462,0.1675042361021042,0.0015627198154106736,0.02547462284564972
IL_8041132,0.0016502669313922524,0.06838445365428925,0.0035434123128652573,0.9953665733337402,0.0009263177053071558,0.002878740895539522,0.0001692139485385269,0.0029100454412400723,0.012855836190283298,0.002407174091786146,0.001950926030986011
IL_8073225,0.0010606165742501616,0.22847521305084229,0.0005163131281733513,0.02640211582183838,0.0006878511630930007,0.0008623094181530178,0.0007469124393537641,0.0008379358914680779,0.0014333156868815422,0.9751062393188477,0.009034783579409122
IL_8136561,0.005888834595680237,0.9686478972434998,0.0016725774621590972,0.027735985815525055,0.0006191395805217326,0.00396402832120657,0.000985431601293385,0.05895287171006203,0.002676264615729451,0.6438995003700256,0.007158971391618252
IL_8138997,0.03404312953352928,0.9854490160942078,0.0067000319249928,0.07809426635503769,0.16172407567501068,0.0257265642285347,7.963199459481984e-05,0.00729761179536581,0.006462268065661192,0.04910712689161301,0.003848374355584383
IL_8139746,0.008064775727689266,0.9620546698570251,0.0033717406913638115,0.36794817447662354,0.00041771793621592224,0.020266687497496605,0.00024193762510549277,0.06352394819259644,0.028101617470383644,0.02142482064664364,0.0023352757561951876
IL_8183381,0.003934002015739679,0.9887719750404358,0.0015706486301496625,0.15501567721366882,0.0010403417982161045,0.002626867266371846,0.0001540215453132987,0.0013009827816858888,0.014363664202392101,0.04411997273564339,0.007753320969641209
IL_8191336,0.010398863814771175,0.9990432858467102,0.0005136579857207835,0.037896279245615005,0.0015643649967387319,0.014089257456362247,0.0008534737280569971,0.023420484736561775,0.005482417065650225,0.00792156346142292,0.010972889140248299
IL_8258340,0.01583132892847061,0.016311747953295708,0.00019648742454592139,0.3513261079788208,0.0009178091422654688,0.0014547179453074932,0.0008896857034415007,0.0012345585273578763,0.0005311397253535688,0.979598879814148,0.0005392207531258464
IL_8288616,0.8013805747032166,0.011780107393860817,0.0005006886785849929,0.6624190211296082,0.0004014121659565717,0.0030504732858389616,0.00031658628722652793,0.07200378179550171,0.004331816919147968,0.0077586486004292965,0.000801873451564461
IL_8295267,0.05227581039071083,0.07835843414068222,0.0004497701011132449,0.9100306630134583,0.00028707433375529945,0.0005872641922906041,0.0003291351313237101,0.0004978363867849112,0.0024073710665106773,0.3360802233219147,0.0022163549438118935
IL_8342281,0.0007770382799208164,0.0049682315438985825,0.00909260381013155,0.00121995247900486,0.9242329597473145,0.011397500522434711,0.004552710801362991,0.14194847643375397,0.021078532561659813,0.0007517747581005096,0.009334259666502476
IL_8371338,0.018527647480368614,0.011486607603728771,0.0013318660203367472,0.0076986076310276985,0.0010583072435110807,0.0049917628057301044,0.0005160302389413118,0.000536376319359988,0.0007514087483286858,0.9984752535820007,0.0005050495965406299
IL_8415316,0.0008803114178590477,0.9984418749809265,0.0018610255792737007,0.019105074927210808,0.005106737837195396,0.0014433778123930097,0.007642730139195919,0.01791541464626789,0.01096666045486927,0.0013441381743177772,0.007759530562907457
IL_8416177,0.026243606582283974,0.01846982352435589,0.0011956264497712255,0.0494663268327713,0.01410976517945528,0.010661741718649864,0.003950521815568209,0.7392282485961914,0.4047338664531708,0.000976767623797059,0.008897160179913044
IL_8416753,0.00909463595598936,0.9922173023223877,0.00283639645203948,0.029832269996404648,9.679172944743186e-05,0.40835538506507874,0.0034893369302153587,0.030741000548005104,0.004999071825295687,0.037536751478910446,0.009100410155951977
IL_8449784,0.0012384859146550298,0.9977721571922302,0.002249887678772211,0.01587137021124363,0.0007923280354589224,0.00034826991031877697,0.001219135825522244,0.005987738259136677,0.08105083554983139,0.0005145157338120043,0.0016328583005815744
IL_8456893,0.04674471169710159,0.8317523002624512,0.0008775009191595018,0.025236980989575386,0.000728175975382328,0.0027942105662077665,0.001063012983649969,0.21137237548828125,0.010055567137897015,0.5222317576408386,0.005787614267319441
IL_8510989,0.005894079804420471,0.9812368750572205,0.001825303421355784,0.08101635426282883,0.0009549433016218245,0.0639815703034401,0.0012579107424244285,0.01586950197815895,0.0024668187834322453,0.23279276490211487,0.015089385211467743
IL_8524892,0.002299604704603553,0.971828043460846,0.0005265270010568202,0.22921451926231384,0.00028440484311431646,0.009403496980667114,4.9663311074255034e-05,0.036046940833330154,0.003362006274983287,0.003974891267716885,0.004048423375934362
IL_8562073,0.0014577688416466117,0.8638830780982971,0.01799488253891468,0.032182544469833374,0.000560653570573777,0.00012972629338037223,0.0007786081987433136,0.2065260261297226,0.19291651248931885,0.0005352961015887558,0.01905198208987713
IL_8576492,0.011810749769210815,0.023210778832435608,0.0005131840007379651,0.962230920791626,0.0009238735656253994,0.006421293597668409,0.00026239638100378215,0.003976055886596441,0.00180125015322119,0.45610085129737854,0.0007045536767691374
IL_8579370,0.003245155094191432,0.007848288863897324,0.0009546735091134906,0.9991389513015747,0.0001939570502145216,0.00036371403257362545,0.00035089507582597435,0.002532869577407837,0.0002677834127098322,0.011212864890694618,0.0007015563896857202
IL_8580922,0.019847050309181213,0.3036773204803467,0.01528554130345583,0.620925784111023,0.19228649139404297,0.004400850273668766,0.0030749414581805468,0.009512273594737053,0.08531573414802551,0.1182905063033104,0.0007199043757282197
IL_8587951,0.007604699581861496,0.0100899338722229,0.004452212247997522,0.9983285069465637,0.0010189629392698407,0.004828374367207289,9.958301234291866e-05,0.0009344923309981823,0.0012342252302914858,0.037180595099925995,0.0008625437039881945
IL_8698362,0.0017854167381301522,0.00032673997338861227,0.004212274681776762,0.0025396987330168486,0.0022941860370337963,0.000969117449130863,0.0002092432841891423,0.018171941861510277,0.9995971322059631,0.0007146427524276078,0.0015028027119114995
IL_8706018,0.0034104103688150644,0.9989903569221497,0.004570135846734047,0.02525424398481846,0.013460998423397541,0.0004886627430096269,0.0030595818534493446,0.0016434789868071675,0.0244759414345026,0.01650022715330124,0.004747898317873478
IL_8779223,0.03954693675041199,0.13487187027931213,0.0036346656270325184,0.07352113723754883,0.0014647215139120817,0.0018375769723206758,0.0006612060824409127,0.012048125267028809,0.008746620267629623,0.9843662977218628,0.004290183540433645
IL_8807227,0.0030811061151325703,0.9998623132705688,0.000995437614619732,0.0071755675598979,0.0005525555461645126,0.0022072154097259045,0.002563844434916973,0.0016127295093610883,0.0016861011972650886,0.00297235487960279,0.025460585951805115
IL_8864283,0.0016998815117403865,0.0008461184916086495,0.022289037704467773,0.0010579952504485846,0.0028136870823800564,0.008019437082111835,0.00023958677775226533,0.0036260776687413454,0.999756395816803,0.0013397799339145422,0.017986753955483437
IL_8869852,0.0030319488141685724,0.9998332262039185,0.00034148088889196515,0.006990691646933556,0.004359114915132523,0.0019526873948052526,0.0036446291487663984,0.0026599057018756866,0.0026332340203225613,0.006580656860023737,0.013496465981006622
IL_8892064,0.0021576047874987125,0.0048433635383844376,0.040536120533943176,0.03725063055753708,0.030652932822704315,0.0021015761885792017,0.0005925970035605133,0.01846022717654705,0.0035676416009664536,0.9980073571205139,0.0028146076947450638
IL_8894007,9.51417168835178e-05,0.0007859516772441566,0.0027226342353969812,0.001457218430005014,0.00031446974026039243,0.0015154103748500347,0.0023493547923862934,0.9971532821655273,0.08751314133405685,0.00017272746481467038,0.002953091636300087
IL_8908749,0.004235762637108564,0.02379000373184681,0.0013305606553331017,0.9913583993911743,0.00039388600271195173,0.0006301747052930295,0.0002196553541580215,0.0008979945559985936,0.000923731888178736,0.21561095118522644,0.0006245574913918972
IL_8914785,0.0036171474494040012,0.009680468589067459,0.0013939415803179145,0.998489499092102,0.0008998888079077005,0.0032188273034989834,0.0003050844243261963,0.00037046323996037245,0.0006818166584707797,0.011812240816652775,0.00011538282706169412
IL_8947300,0.0054511409252882,0.9982323050498962,0.028319939970970154,0.022079864516854286,0.05776730179786682,0.003658888628706336,0.00019467256788630038,0.012679536826908588,0.03161637485027313,0.0029462676029652357,0.0077647375874221325
IL_8974391,0.07427734136581421,0.11939381808042526,0.005089111626148224,0.9738658666610718,0.0003418761771172285,0.008516290225088596,0.00036025571171194315,0.0035488479770720005,0.0015194779261946678,0.027036162093281746,0.000393427413655445
IL_9036064,0.003456174861639738,0.6709960699081421,0.00012963070184923708,0.8269826173782349,0.000764171127229929,0.0018034110544249415,0.0001970384328160435,0.004037922248244286,0.013928322121500969,0.004721241071820259,0.06355300545692444
IL_9058117,0.19471058249473572,0.6016153693199158,0.021393457427620888,0.8795050382614136,0.006942410953342915,0.01925293728709221,0.00045656654401682317,0.025181913748383522,0.03886990249156952,0.15542201697826385,0.00756709324195981
IL_9061839,0.09191376715898514,0.542608380317688,0.009255945682525635,0.07095374166965485,0.0035705650225281715,0.00541706895455718,0.003476951504126191,0.014618960209190845,0.005735122133046389,0.7410483956336975,0.0020586750470101833
IL_9079153,0.042419418692588806,0.9878506064414978,0.014303074218332767,0.062262147665023804,0.0026741542387753725,0.0314980186522007,0.001025504432618618,0.005732692312449217,0.012359477579593658,0.10730700194835663,0.009270028211176395
IL_9143254,0.0051307096146047115,0.00981734599918127,0.0008535623783245683,0.6124778389930725,0.0002208115329267457,0.0012475793482735753,0.0005142000154592097,0.000910905422642827,0.009599967859685421,0.9733487963676453,0.0008023928385227919
IL_9155981,0.33762267231941223,0.2376207709312439,0.001025217236019671,0.881166398525238,0.03454044833779335,0.006503400858491659,0.00036740946234203875,0.004736906383186579,0.009499512612819672,0.0189789067953825,0.0011555595556274056
IL_9157122,0.0976848155260086,0.09719182550907135,0.0017770597478374839,0.020436173304915428,0.002517346292734146,0.002213207306340337,0.0004162573313806206,0.004523406736552715,0.9313744902610779,0.3792661726474762,0.0004612801712937653
IL_9227624,0.0023963681887835264,0.6087861657142639,0.011430391110479832,0.03233623132109642,0.0017083844868466258,0.6337780952453613,0.0021435553207993507,0.05904773250222206,0.48433688282966614,0.005938155110925436,0.012737714685499668
IL_9237017,0.00116012676153332,0.0004261390131432563,0.010126477107405663,0.02122846059501171,0.029997646808624268,0.000821201188955456,0.00032041221857070923,0.00016036619490478188,0.0001067750999936834,0.9993333220481873,0.0006532079423777759
IL_9273684,0.0003100584144704044,0.06731366366147995,0.016042623668909073,0.7020593285560608,0.0010495349997654557,0.0015371470944955945,0.005288783926516771,0.3880460262298584,0.03558221086859703,0.0003741737164091319,0.0004074229800608009
IL_9311083,0.0023440320510417223,0.9754941463470459,0.0005773233133368194,0.021434329450130463,0.0012821197742596269,0.004381916485726833,0.004986304324120283,0.8532111048698425,0.014747516252100468,0.003726623486727476,0.004903899971395731
IL_9322263,0.0044302428141236305,0.0006311445031315088,0.0025073732249438763,0.0016367416828870773,0.0013022813946008682,0.0015489357756450772,0.00025293079670518637,0.004423961043357849,0.9999066591262817,0.0034260968677699566,0.002154638757929206
IL_9341332,0.000899778213351965,0.99481600522995,0.03202240169048309,0.0284295454621315,0.0008637728169560432,0.012490258552134037,0.002314656972885132,0.010387270711362362,0.043867722153663635,0.0006822313880547881,0.009390274994075298
IL_9345649,0.01076272502541542,0.9796949625015259,0.0033347064163535833,0.042813774198293686,0.006295826751738787,0.0044062440283596516,0.0025740074925124645,0.033558957278728485,0.07340776920318604,0.11503459513187408,0.00623331731185317
IL_9406058,0.0017562529537826777,0.002316144062206149,0.004075011238455772,0.9999085664749146,0.0004514754400588572,0.0010176789946854115,0.00023669008805882186,0.0008502390701323748,0.0008877169457264245,0.0007111639133654535,0.00018603460921440274
IL_9407964,0.005096630193293095,0.9906151294708252,0.0001552823669044301,0.07813650369644165,0.0017846792470663786,0.01527906022965908,0.0010130781447514892,0.0006951721734367311,0.002859939821064472,0.044107586145401,0.009236638434231281
IL_9409250,0.004226222168654203,0.0077636283822357655,0.0007940646610222757,0.04104156047105789,0.0005423570983111858,0.009006956592202187,0.0002969907654915005,0.002502010902389884,0.0030625490471720695,0.9988716244697571,0.002378158736974001
IL_9427286,0.01930226758122444,0.023243770003318787,0.0031642550602555275,0.5188835263252258,0.0003392627986613661,0.0009641135111451149,0.0100455516949296,0.043605461716651917,0.011300363577902317,0.9435006976127625,0.003999588545411825
IL_9436519,0.0004874014121014625,0.00018450322386343032,0.002385475905612111,0.008416375145316124,0.0020891278982162476,0.0010049279080703855,0.0011601521400734782,0.1438463181257248,0.9945592284202576,0.00013897748431190848,0.004152929410338402
IL_9503512,0.003296526148915291,0.9985290765762329,0.0006100184982642531,0.03249308094382286,0.0017637944547459483,0.001038457965478301,0.00035544217098504305,0.03269059583544731,0.0021989482920616865,0.021817747503519058,0.0038414925802499056
IL_9521484,0.07012169808149338,0.8643829226493835,0.0002168806386180222,0.050616681575775146,0.011274208314716816,0.002092988695949316,0.0009457586565986276,0.00030194627470336854,0.0014810179127380252,0.6574578285217285,0.000352737755747512
IL_9540224,0.002391410293057561,0.9991205334663391,0.00042706477688625455,0.015638180077075958,0.0030986375641077757,0.0005695036379620433,0.0007261047139763832,0.05025245621800423,0.004866119474172592,0.004285622853785753,0.007390277925878763
IL_9561518,0.0008042599074542522,0.0006791496998630464,0.0011706158984452486,0.00729915639385581,0.0002039935498032719,0.0002973460650537163,0.001135469414293766,0.00029642332810908556,0.000351711583789438,0.9999279975891113,0.0006973332492634654
IL_9572511,0.0024322487879544497,0.010972417891025543,0.0007532716845162213,0.9993484616279602,0.0010127138812094927,0.0075537976808846,0.00020878690702375025,0.0057306187227368355,0.006000358611345291,0.0015379866817966104,0.0014057657681405544
IL_9601760,0.4144187569618225,0.7618876695632935,0.0014803051017224789,0.34076881408691406,0.010042508132755756,0.011199988424777985,0.0032074707560241222,0.011064888909459114,0.08112102746963501,0.006319806445389986,0.003849372733384371
IL_9615893,0.004011135082691908,0.9992344379425049,0.003018199233338237,0.03917887806892395,0.0006100295577198267,0.0017494489438831806,0.0011998770060017705,0.0003558707539923489,0.0068455347791314125,0.003332200227305293,0.00031922399648465216
IL_9620950,0.053943339735269547,0.9788822531700134,0.01281262282282114,0.10936397314071655,0.001789253787137568,0.006634371355175972,0.0012823560973629355,0.05489318072795868,0.03375356271862984,0.053486794233322144,0.048340361565351486
IL_9623576,0.9951481223106384,0.0030846362933516502,0.0005955543601885438,0.007574964314699173,0.00023918940860312432,0.004669344983994961,0.0005708279786631465,0.2735191285610199,0.003094219136983156,0.005374746862798929,0.000559734646230936
IL_9647002,0.0010189760942012072,0.9989293217658997,0.001035420224070549,0.003657802240923047,0.005712693091481924,0.0035815376322716475,0.003994408063590527,0.014484584331512451,0.06518548727035522,0.00343009433709085,0.007648823782801628
IL_9655170,0.2762056887149811,0.8719544410705566,0.0022341571748256683,0.07754585891962051,0.0036839600652456284,0.0034514463040977716,0.00047450113925151527,0.0013155362103134394,0.0009137566084973514,0.28887036442756653,0.002507495926693082
IL_9669202,0.012844228185713291,0.7393767833709717,0.0005041811382398009,0.5895695090293884,0.0004334056284278631,0.0037164860405027866,0.00015774265921209008,0.002070304471999407,0.0040320162661373615,0.5417414903640747,0.000993258785456419
IL_9675212,0.032403744757175446,0.8109336495399475,0.024812642484903336,0.6301992535591125,0.0037440687883645296,0.00046846672194078565,0.000550897209905088,0.05984920263290405,0.111155666410923,0.008192894980311394,0.002861808752641082
IL_9675469,0.009328498505055904,0.0381685309112072,0.014118782244622707,0.9920483231544495,0.001866274164058268,0.002642866689711809,0.0008692021365277469,0.013725119642913342,0.018238525837659836,0.13519929349422455,0.0019019716419279575
IL_9692632,0.13114461302757263,0.7916078567504883,0.0031817499548196793,0.23869436979293823,0.0006178380572237074,0.0010972729651257396,0.006035061087459326,0.004240683279931545,0.005029954947531223,0.6335244178771973,0.003983211703598499
IL_9693077,9.603700164007023e-05,2.0059287635376677e-05,0.0012305434793233871,0.000813476275652647,0.0025209554005414248,0.028854401782155037,0.05437614396214485,0.001368984580039978,0.920825183391571,0.00018692240701057017,0.8080297708511353
IL_9695113,0.02275528572499752,0.9839897155761719,0.014538920484483242,0.14718052744865417,0.0010304487077519298,0.0018683306407183409,0.002034248784184456,0.018108408898115158,0.004223838914185762,0.10111317783594131,0.00469357380643487
IL_9696386,0.0016284496523439884,0.014759667217731476,0.0076204994693398476,0.996231734752655,0.03745037317276001,0.0026153093203902245,0.00013968482380732894,0.0029878972563892603,0.058756012469530106,0.00022310068015940487,0.0006257381173782051
IL_9697828,0.0032466514967381954,0.010632643476128578,0.0016342501621693373,0.9938898086547852,0.00032249829382635653,0.0016480254707857966,5.2587591198971495e-05,0.0006582349305972457,0.0006333900964818895,0.13313814997673035,0.012727883644402027
IL_9702105,0.1386430412530899,0.18702436983585358,0.000640019541606307,0.9015780091285706,0.005117631517350674,0.07852581888437271,0.0058255852200090885,0.028774864971637726,0.026824919506907463,0.06733281165361404,0.0008164112805388868
IL_9713310,0.004314839374274015,0.09961701184511185,0.0016484045190736651,0.9882240295410156,0.00024410802870988846,0.001320726121775806,0.0006115512805990875,0.0023228353820741177,0.0012397351674735546,0.046862632036209106,0.00011269330570939928
IL_9722277,0.0009604453225620091,5.3805506468052045e-05,0.005956210661679506,0.04557722061872482,0.0008975651580840349,0.04408005252480507,0.00025429067318327725,0.018115563318133354,0.9966939687728882,0.0005524362786673009,0.001009465311653912
IL_9728655,0.0674012079834938,0.3380332589149475,0.00043061826727353036,0.7467207312583923,0.00023790483828634024,0.00779874250292778,0.0003006748156622052,0.16305020451545715,0.004026231821626425,0.574882447719574,0.001522605656646192
IL_9747613,0.0040075210854411125,0.06998524814844131,0.00340668810531497,0.9726940393447876,0.0024588059168308973,0.00372065301053226,0.000786699412856251,0.060824573040008545,0.042490120977163315,0.031131843104958534,0.0012447875924408436
IL_9776207,0.0004332063253968954,4.8192774556810036e-05,0.0014868914149701595,0.0012536365538835526,0.010646658018231392,0.004631390795111656,0.0006490638479590416,0.018065329641103745,0.9989950060844421,9.695024346001446e-05,0.006475998088717461
IL_9785286,0.0019942892249673605,0.0012904456816613674,0.004743828438222408,0.0026332163251936436,0.018113454803824425,0.004477935377508402,0.000988640240393579,0.011865531094372272,0.9995967745780945,0.0002754403103608638,0.0014724207576364279
IL_9794109,0.0023752532433718443,0.0005748755065724254,0.00713548855856061,0.053795263171195984,0.0015797459054738283,0.004280443303287029,0.0005182407330721617,0.04256415739655495,0.9973100423812866,0.0005603746976703405,0.0014513112837448716
IL_9810905,0.013985302299261093,0.9967791438102722,0.0005060266121290624,0.00882729422301054,0.0009533913689665496,0.005980769172310829,0.004911642987281084,0.01297428086400032,0.00215170974843204,0.03504657372832298,0.0012204847298562527
IL_9831983,0.0018604685319587588,0.9989892840385437,0.0013652164489030838,0.01571333035826683,0.004650834482163191,0.002642551204189658,8.158838318195194e-05,0.030062461271882057,0.0037527598906308413,0.0024351475294679403,0.0017359225312247872
IL_9896495,0.012884533032774925,0.32500964403152466,0.0006938186706975102,0.021657176315784454,0.0002645186323206872,0.09432121366262436,0.0003483570762909949,0.2549430727958679,0.007168331649154425,0.9434242844581604,0.011231891810894012
IL_9908692,0.0012551993131637573,0.9997641444206238,0.0013480117777362466,0.005350254941731691,0.0008924055728130043,0.001135067199356854,0.00021434483642224222,0.0006100371247157454,0.0010793457040563226,0.011299660429358482,0.0044742487370967865
IL_9914512,0.019553791731595993,0.037987396121025085,0.002019898034632206,0.8398070931434631,0.0006681621307507157,0.004031491465866566,0.0002780386421363801,0.001160169835202396,0.00035958405351266265,0.6357151865959167,0.0003253688046243042
IL_9931816,0.0030838255770504475,0.0005325967213138938,0.0004755711415782571,0.14197956025600433,0.00029953723424114287,0.000953424081671983,0.0008359186467714608,0.17808546125888824,0.9611034393310547,0.0006293356418609619,0.0005525394808501005
IL_9962396,0.1558634489774704,0.1397446095943451,0.004332378040999174,0.9171110987663269,0.0023533133789896965,0.0033560600131750107,0.0001833095884649083,0.10558424890041351,0.04826613515615463,0.07276652753353119,0.00033311170409433544
