lesion_id,AKIEC,BCC,BEN_OTH,BKL,DF,INF,MAL_OTH,MEL,NV,SCCKA,VASC
IL_0006205,0.0010088076815009117,0.6862861514091492,0.00020714607671834528,0.0004333009128458798,0.0004256627580616623,0.0010735444957390428,0.001958251465111971,0.00021298600768204778,0.00014212443784344941,0.9517681002616882,0.00020702106121461838
IL_0025400,0.9998482465744019,0.00014042922703083605,0.0004338831058703363,0.0034168697893619537,0.0004583038971759379,0.005688873119652271,0.0008752061985433102,3.72048671124503e-05,0.003352860687300563,0.00022831765818409622,1.8349155652686022e-05
IL_0039001,0.0006841677823103964,0.0016274374211207032,0.01097626332193613,0.00032456175540573895,0.011641055345535278,0.15395978093147278,0.004635179881006479,8.63075110828504e-05,0.9878774881362915,0.0037248004227876663,0.008959305472671986
IL_0046799,0.00010565479897195473,7.873968570493162e-05,0.00011892658221768215,2.3228487407322973e-05,0.0005031626205891371,0.00027905896422453225,0.001614256645552814,0.00014475123316515237,5.173641329747625e-05,0.9999954700469971,0.00011859036021633074
IL_0054262,0.0017022272804751992,0.0017183830495923758,0.0003824958694167435,5.9301950386725366e-05,0.7902852296829224,0.08743779361248016,0.0001256074319826439,0.007622270379215479,0.005349628161638975,7.833050403860398e-06,4.6128188841976225e-06
IL_0056788,0.9940587282180786,0.007261733058840036,9.874342504190281e-05,0.00035032903542742133,0.00014831569569651037,0.0034454604610800743,0.000908460293430835,0.0002359089849051088,0.00020842134836129844,0.00456158397719264,0.00020344695076346397
IL_0093956,0.04820141941308975,0.5336694121360779,0.07250530272722244,0.014831962995231152,0.004107160959392786,0.428758829832077,0.01097883190959692,0.0018838188843801618,0.00017440308874938637,0.0026184204034507275,0.005426125135272741
IL_0103904,0.4876870810985565,0.9814023375511169,0.0014980349224060774,0.00026197941042482853,0.00030498843989335,0.004723838530480862,0.00030354876071214676,0.0050551919266581535,0.00023972206690814346,0.0036132363602519035,0.00028425874188542366
IL_0118369,0.006755738519132137,1.6138888895511627e-05,0.00018740943050943315,0.00019405582861509174,9.593796130502596e-05,6.328264134936035e-05,0.0028347850311547518,5.7710669352672994e-05,0.9999924898147583,0.002027283888310194,8.499360410496593e-05
IL_0151990,0.014453984797000885,0.0010396437719464302,0.00022995354083832353,0.0001344368065474555,0.0003898137656506151,0.00041581629193387926,0.0036127285566180944,0.7692148089408875,0.3150539994239807,0.0001741735904943198,0.0007651846972294152
IL_0171236,5.919015620747814e-06,0.45459288358688354,0.004133326467126608,2.784855132631492e-05,0.04942569509148598,0.00010410825052531436,0.0012354772770777345,9.020333891385235e-06,7.2365828600595705e-06,0.0011994941160082817,3.997770545538515e-05
IL_0183960,3.192793155903928e-05,0.9927706122398376,0.0029771095141768456,4.856225859839469e-05,0.0014315703883767128,0.0005549203488044441,0.003412598976865411,0.00207735737785697,0.0007657333044335246,5.404408511822112e-06,0.0034986890386790037
IL_0207706,0.00021161117183510214,0.0002825187402777374,0.001265276107005775,0.0003948213125113398,0.0006922906031832099,0.0008040613611228764,0.021134216338396072,0.4137943983078003,0.9090871214866638,0.00703831622377038,0.00032178210676647723
IL_0207891,0.0008742431527934968,0.05158214271068573,0.0004163406847510487,0.0042427415028214455,0.007269729394465685,0.003411859506741166,0.0024035160895437002,0.0004561913083307445,0.00019854963466059417,0.9532473087310791,0.00021050537179689854
IL_0225203,0.0001581405522301793,0.13395635783672333,0.001092331949621439,0.9811274409294128,0.000560868764296174,0.0004955949843861163,0.005732387769967318,0.0016044878866523504,0.008078102953732014,0.00041789462557062507,0.0011840430088341236
IL_0227635,0.8158875107765198,5.4311632993631065e-05,0.00035418046172708273,0.3376114070415497,0.00012523251643870026,0.001468931557610631,0.00029573202482424676,8.537882240489125e-05,3.778572863666341e-05,1.002176486508688e-05,4.999721568310633e-06
IL_0259815,0.00046737902448512614,0.011532291769981384,0.003733555320650339,0.9456373453140259,0.00021508308418560773,0.0007877181633375585,0.020635327324271202,0.03056211769580841,0.0302064660936594,0.0017599795246496797,0.0013116378104314208
IL_0260810,0.00038565509021282196,0.3073289096355438,0.001398031716234982,0.0010228538885712624,0.0006362915737554431,0.0007602130062878132,0.035372477024793625,0.0008280815090984106,0.44400718808174133,0.8034194111824036,0.0048828632570803165
IL_0262469,0.004041183739900589,0.07872030884027481,0.0018426856258884072,0.9759992361068726,0.0014346555108204484,0.003360999748110771,0.0027249320410192013,0.001580103300511837,0.0002964962332043797,0.010196120478212833,0.0028699368704110384
IL_0267598,0.009223652072250843,0.05816427990794182,0.0028646676801145077,0.33346787095069885,0.0012380701955407858,0.004079627804458141,0.03340756520628929,0.023314282298088074,0.8113328218460083,0.019036980345845222,0.001113977050408721
IL_0312376,0.018421782180666924,0.9963670969009399,0.00015136822185013443,0.0007140664965845644,5.978539047646336e-05,0.00040070083923637867,0.004518113099038601,0.001030367217026651,0.0003091262769885361,0.001996852457523346,0.00033279042690992355
IL_0331012,6.94549162290059e-05,0.9999959468841553,0.00039722389192320406,4.936584082315676e-05,0.001262933132238686,0.0012589840916916728,0.001827123574912548,0.009334690868854523,1.5786325093358755e-05,9.06005225260742e-05,0.000922133622225374
IL_0344325,0.0004208693571854383,0.9889892935752869,0.002793699037283659,0.0023435838520526886,0.019327133893966675,0.8662269115447998,0.0026544779539108276,0.0015162021154537797,0.0012402795255184174,0.00018870584608521312,0.00015632377471774817
IL_0403731,0.998754620552063,0.0013381120515987277,4.841410554945469e-05,0.0009754550410434604,7.689646008657292e-05,0.0005239152815192938,0.0011391903972253203,9.345055877929553e-05,2.7107689675176516e-05,0.00956541858613491,1.6497499018441886e-05
IL_0404181,0.0032017924822866917,0.9957133531570435,0.00020767407841049135,0.056234993040561676,0.0007822262123227119,0.0006646863766945899,0.001638696063309908,0.0005311716231517494,0.0003988020762335509,0.007155846804380417,0.0005621148739010096
IL_0465184,0.0018559395102784038,0.9999855756759644,0.00048618196160532534,0.005435375962406397,0.0026502697728574276,0.0016895649023354053,0.007560127414762974,0.002041249768808484,3.7272198824211955e-05,0.0024017365649342537,0.0028346988838166
IL_0492696,0.00040125721716322005,0.000604877423029393,0.0021148056257516146,0.014242255128920078,0.0032067056745290756,0.0007099463837221265,0.0011583962477743626,0.06093135103583336,0.9907388687133789,0.001486616674810648,0.0019663770217448473
IL_0560781,0.007884523831307888,0.00014420512889046222,0.0033815791830420494,0.00027067496557720006,0.15899941325187683,0.0015980182215571404,0.0010013502324,0.9488641619682312,0.2026139795780182,0.0014377930201590061,0.00019407097715884447
IL_0575017,2.6334524591220543e-05,1.340329447430122e-07,1.0524682693358045e-05,0.009691857732832432,9.973151463782415e-06,3.630529317888431e-05,0.00012720230733975768,3.143549838569015e-05,0.998943030834198,2.4341246898984537e-05,2.722396129684057e-05
IL_0578791,0.0028054136782884598,0.05175797641277313,0.0035671363584697247,0.9559810757637024,0.003503513289615512,0.12723655998706818,0.010634214617311954,0.01548334863036871,0.010301661677658558,0.0037322822026908398,0.0011327405227348208
IL_0611781,8.555120075470768e-06,0.9999836683273315,3.433017809584271e-06,1.8665436130049784e-07,1.1401155461499002e-05,5.556126052397303e-05,2.048655915132258e-05,9.397018584422767e-05,1.9039891867578262e-06,1.7168911654152907e-05,1.2655435739361565e-06
IL_0649132,0.00037831172812730074,0.29770636558532715,0.010878970846533775,0.9727353453636169,0.0010447456734254956,0.0012696086196228862,0.0033725504763424397,0.0007074090535752475,0.0016907580429688096,0.0022252185735851526,0.006173285655677319
IL_0704269,9.399484952155035e-06,0.9380038976669312,0.002499205060303211,0.048674874007701874,0.00026761365006677806,0.0012217748444527388,0.004191289655864239,0.00010614882921800017,0.0352814756333828,0.004965443629771471,0.00012177819735370576
IL_0718371,5.412885366240516e-05,4.542603164736647e-06,0.00036193698178976774,5.3812032092537265e-06,0.00022480398183688521,0.00018782158440444618,0.0012454499956220388,9.33338887989521e-05,0.00017756185843609273,0.9999970197677612,5.246512228040956e-05
IL_0721442,0.018622733652591705,0.0009602421778254211,8.412052557105199e-05,0.12696009874343872,0.00040660161175765097,0.011188987642526627,0.001149228191934526,4.7334520786534995e-05,8.96616438694764e-06,0.599790632724762,0.0002698686730582267
IL_0754056,0.06813326478004456,0.6963363885879517,0.001125102979131043,0.019497482106089592,0.0005276096635498106,0.008695791475474834,0.0030413249041885138,0.012613357976078987,7.584449485875666e-05,0.07160964608192444,0.0010030479170382023
IL_0808321,0.004410425201058388,0.001848904648795724,0.21181023120880127,0.03999864682555199,0.11850272864103317,0.0016756090335547924,0.015978580340743065,0.029307924211025238,0.9893825054168701,0.0036507463082671165,0.0007396895671263337
IL_0854378,0.044012218713760376,0.0555809810757637,0.0012652442092075944,0.000919559330213815,0.0006563583738170564,0.0391981415450573,0.0036524313036352396,0.008668836206197739,0.01155120600014925,0.9117013812065125,0.003437317907810211
IL_0895462,0.009603074751794338,0.9309399724006653,0.0010520622599869967,0.5868433117866516,0.002942019375041127,0.0003930476668756455,0.004829258657991886,0.00026467026327736676,5.5530748795717955e-05,0.0008976429817266762,0.0014670792734250426
IL_0928130,0.0002118889824487269,0.028101367875933647,1.1980944236711366e-06,4.2432704503880814e-05,0.00032390272826887667,0.000259180465945974,0.025797324255108833,0.9844639897346497,1.0364716217736714e-05,8.514244655088987e-06,0.0007378229056484997
IL_0977585,1.930652251758147e-05,0.0009541051113046706,0.0005239889142103493,0.0002971267094835639,0.0025191872846335173,0.0004905339446850121,0.0015899220015853643,0.000694180082064122,0.0004347208305262029,0.9993657469749451,0.00019307008187752217
IL_0977986,0.0003507609944790602,0.9992603659629822,0.0001488607667852193,0.0007571128662675619,0.00017255461716558784,0.0008048425079323351,0.0005485796136781573,5.2436156693147495e-05,0.10122263431549072,0.003761166473850608,0.0005752904107794166
IL_0996202,3.653466046671383e-05,1.647677663640934e-06,0.0001114413098548539,1.685578354226891e-05,2.764530472632032e-05,3.966709755331976e-06,0.018159400671720505,2.4870012111932738e-06,1.0,4.74266053061001e-05,6.681314062007004e-06
IL_1009731,0.0011935316724702716,0.969941258430481,0.00012426979083102196,0.0001360249298159033,0.00015915937547106296,0.0007024893420748413,0.0008512446656823158,5.923474964220077e-05,1.6346044503734447e-05,0.045608583837747574,2.7313491955283098e-05
IL_1011664,0.01331300288438797,0.0010864508803933859,0.0063083721324801445,0.8803713917732239,0.0002268284879392013,0.0030813899356871843,0.0028980039060115814,0.07359079271554947,3.819831908913329e-05,8.104504377115518e-05,0.00017409205611329526
IL_1020124,0.0033728403504937887,0.9399787187576294,0.006151528563350439,0.005296606104820967,0.012557590380311012,0.024723563343286514,0.021270958706736565,0.011546251364052296,0.0001435764424968511,0.10376469790935516,0.16149947047233582
IL_1024284,0.007371196988970041,3.9528662455268204e-05,7.1759063757781405e-06,1.520689465905889e-06,8.27389976620907e-06,3.336989175295457e-05,0.0003311583132017404,3.51089947798755e-05,2.5465469661867246e-06,0.9998428821563721,2.166842705264571e-06
IL_1024365,0.002558209700509906,0.7100993990898132,0.0004640184051822871,0.725090742111206,0.001684454153291881,0.003354448126628995,0.001565747894346714,0.00034843749017454684,6.12902658758685e-05,0.00527338357642293,0.0002697269374039024
IL_1080907,0.540579617023468,0.06687922030687332,0.0005976212560199201,0.0002733096480369568,0.010146576911211014,0.000801693182438612,0.002707522828131914,0.00074861163739115,0.0007119359797798097,0.2811567187309265,3.079256566707045e-05
IL_1159502,2.406930252618622e-05,1.0,0.0018302344251424074,0.00011333299335092306,3.547791129676625e-05,0.000346256245393306,0.0008213843102566898,0.0001626690645935014,3.782964768106467e-06,4.886034730589017e-05,0.001923445612192154
IL_1183203,0.45616278052330017,0.266602098941803,0.0003170389973092824,0.001254297443665564,0.000686782761476934,0.00408509885892272,0.021806750446558,6.290347664617002e-05,0.00010985729022650048,0.004794613923877478,0.004336888901889324
IL_1236220,1.6962776498985477e-05,2.183606056860299e-06,0.0005731854471378028,0.4823838472366333,0.00019945965323131531,0.00015124311903491616,0.003748323768377304,0.0001136084902100265,8.22008769318927e-06,0.9658507704734802,2.4360615498153493e-05
IL_1246958,0.07177948951721191,0.24671664834022522,0.005674977786839008,0.0006284158444032073,0.07888905704021454,0.032747022807598114,0.008104831911623478,0.008060763590037823,0.004431040491908789,0.0035252103116363287,0.13846455514431
IL_1248470,2.8876940632471815e-05,0.46174538135528564,0.013254283927381039,0.0008394835167564452,0.0023378392215818167,0.0200329776853323,0.01284164097160101,0.18950709700584412,0.03291460871696472,0.0005714562139473855,0.00020112571655772626
IL_1266003,0.0004076786572113633,0.019736768677830696,6.652383308392018e-05,0.00048379070358350873,0.0056806146167218685,0.005890747532248497,0.004413204733282328,0.9878254532814026,0.0010286052711308002,0.020648954436182976,0.03453633561730385
IL_1298091,0.0031985752284526825,0.9999768733978271,0.0004329832154326141,0.002366929082199931,0.0011768663534894586,0.0019390629604458809,0.0035895188339054585,0.0010208241874352098,0.0006535355350933969,0.0025403895415365696,0.007202825043350458
IL_1418346,0.1728527694940567,0.2594318985939026,0.0007832279079593718,0.004161597695201635,0.0011669675586745143,0.0015530850505456328,0.0023965907748788595,0.0011861585080623627,0.00022502057254314423,0.4035562574863434,0.0004419240867719054
IL_1420891,0.00012407288886606693,4.821626134798862e-06,3.290870154160075e-06,5.344328656065045e-06,3.991443372797221e-05,1.8942409951705486e-05,0.002435981761664152,0.000583833025302738,0.9996306896209717,0.0002177565183956176,0.13003069162368774
IL_1431089,0.0008264726493507624,0.03224168345332146,0.0009812008356675506,0.0013270577182993293,0.011505567468702793,0.0035327239893376827,0.006227539852261543,0.00022278036340139806,0.07169049233198166,0.9596947431564331,0.0021016020327806473
IL_1450991,6.139539618743584e-05,0.04091652110219002,8.01722053438425e-05,0.0005298169562593102,0.0008697891025803983,0.0009545466164126992,0.0027085014153271914,0.0004944630200043321,2.6217803679173812e-05,0.9972056746482849,0.00034509244142100215
IL_1497560,0.00939207524061203,0.662196159362793,0.0026376331225037575,0.9496217370033264,0.005621736869215965,0.0020282892510294914,0.005332753993570805,0.002255971310660243,0.002060610568150878,0.002226090058684349,0.00718122161924839
IL_1502550,0.0007173314807005227,0.9987367987632751,0.0007974370382726192,0.0028354539535939693,0.09823063760995865,0.030059944838285446,0.0036254662554711103,8.99169608601369e-05,0.0007200926775112748,0.001068602898158133,0.0016697627725079656
IL_1515580,0.0005537093966268003,9.95800583041273e-05,0.0010887105017900467,3.815826858044602e-05,0.001139374915510416,0.0014432129682973027,0.002495480002835393,0.00023370135750155896,8.935197547543794e-05,0.9990724325180054,0.0002369373250985518
IL_1562660,0.007327764295041561,0.9197555184364319,0.0003282495599705726,0.020523790270090103,0.00047673462540842593,0.0035058478824794292,0.01455730851739645,0.05170963332056999,0.01809615083038807,0.035949379205703735,0.009587874636054039
IL_1574123,0.00012523979239631444,0.0007176329963840544,0.0006876109982840717,0.9534308910369873,0.00012309185694903135,5.617205169983208e-05,8.409533620579168e-05,0.06522392481565475,0.00022690313926432282,5.088303441880271e-05,0.0008363158558495343
IL_1619785,0.0023303639609366655,0.001237755874171853,0.0035353752318769693,0.0010978688951581717,0.002036593621596694,0.0002900211839005351,0.022206611931324005,0.004011744633316994,0.9999555349349976,0.007620217744261026,0.0013871579430997372
IL_1633612,2.604799192340579e-05,0.0007215194636955857,0.00033376525971107185,0.00010313437087461352,0.0007340553565882146,0.0017343153012916446,0.0008853415492922068,0.0002489479957148433,3.261783058405854e-05,0.9999122619628906,6.965090142330155e-05
IL_1641818,0.0238677728921175,0.12338139116764069,0.002055868273600936,0.3464651107788086,0.0015633688308298588,0.007051902357488871,0.02250131219625473,0.17453213036060333,0.00315321353264153,0.0007510804571211338,0.004786425270140171
IL_1643221,0.9961613416671753,0.00034502745256759226,0.00034854942350648344,0.06858564913272858,0.001261519268155098,0.0018408317118883133,0.0006098278681747615,0.0002063221181742847,0.0006396646494977176,0.0005253504496067762,4.741657448903425e-06
IL_1664752,0.005996281746774912,0.07327384501695633,0.012918319553136826,0.09389932453632355,0.007468380033969879,0.001635816995985806,0.022373870015144348,0.002017721999436617,0.01105650793761015,0.7484179139137268,0.0017666135681793094
IL_1681515,5.445025090011768e-05,8.955336852523033e-06,0.00026718637673184276,0.0002560366992838681,0.0048307389952242374,0.0007387329242192209,0.0006209745770320296,6.215680332388729e-05,7.539978241766221e-07,0.9993301630020142,6.10000142842182e-06
IL_1688338,0.005256576929241419,0.7698031663894653,0.00708019221201539,0.05529145896434784,0.5218774676322937,0.006552691571414471,0.027907494455575943,0.0028411895036697388,0.02219528891146183,0.0028190838638693094,0.0036004388239234686
IL_1706933,0.0009573304560035467,0.015624739229679108,0.00022076985624153167,0.0008492221240885556,0.006437712348997593,0.1642572283744812,0.09871526062488556,0.0020356769673526287,0.014890211634337902,0.9236903190612793,0.0379302017390728
IL_1860067,0.0033138273283839226,0.9999978542327881,0.0006063111359253526,0.0006484946934506297,0.0005736057064495981,0.0005324000376276672,0.0029576877132058144,0.002176759298890829,7.429561810567975e-05,0.00017789789126254618,0.001910974271595478
IL_1884002,0.6461666822433472,0.004674016498029232,0.0009456239640712738,0.07529933750629425,0.0021973461844027042,0.008336314931511879,0.002412099391222,0.00020620273426175117,0.0003261592355556786,0.020111221820116043,0.0001555762573843822
IL_1897663,1.244337539674234e-07,1.3555744544646586e-06,1.4457588804361876e-05,1.4765994819754269e-05,2.3066813810146414e-05,7.319248106796294e-05,9.393811342306435e-05,2.0719662643386982e-05,3.691244046422071e-06,0.9999964237213135,3.0164334020810202e-05
IL_1901178,0.9993740916252136,0.0001941076188813895,0.00022913106658961624,0.0012800522381439805,0.00045886673615314066,0.010990772396326065,0.0007931760628707707,0.00013352258247323334,0.0001390204270137474,0.0004502160008996725,3.5821205528918654e-05
IL_1935222,0.00575035298243165,0.5535020232200623,0.007656601723283529,0.9349115490913391,0.0032686966005712748,0.001702105742879212,0.006711843889206648,0.0003952721308451146,0.000662085076328367,0.0036895174998790026,0.1339702010154724
IL_1968737,5.003033220418729e-05,2.4893124646041542e-06,9.99999993922529e-09,6.806565215811133e-05,3.134634971502237e-05,8.088273716566619e-06,0.0014166987966746092,4.071499461133499e-06,1.8267281802764046e-06,1.619134854990989e-05,0.9999836683273315
IL_1976391,1.1048802662116941e-05,4.498946964304196e-06,0.0006223604432307184,0.2633838653564453,8.504452125634998e-05,4.500183422351256e-05,0.00028821901651099324,0.23228266835212708,0.039524201303720474,0.00036855871439911425,0.00018519394507165998
IL_2021485,0.17707860469818115,0.07777979224920273,0.0007580908131785691,0.000247651623794809,0.00024347392900381237,0.003205251647159457,0.010090944357216358,0.004399097990244627,0.00038524155388586223,0.8845604658126831,0.00032113728229887784
IL_2031231,4.307657036406454e-06,1.0,1.2338749911577906e-05,2.0707278963527642e-05,2.4646727979416028e-05,0.0001400558539899066,0.00037485919892787933,2.3964018964761635e-06,1.7051357872333028e-06,0.00017097887757699937,0.00047833763528615236
IL_2042306,0.00017785381351131946,0.0002036128717008978,0.001266035600565374,6.579703040188178e-05,0.00017633540846873075,0.0001780448656063527,0.003956632222980261,0.00011277124576736242,0.9999960660934448,0.0009159570327028632,0.00019696986419148743
IL_2057670,1.0578942237771116e-05,0.00030065904138609767,0.0058004530146718025,0.00010784409823827446,0.008155616000294685,7.424830255331472e-05,0.004975025076419115,0.002029471332207322,0.004793189931660891,0.9991838335990906,0.00028097929316572845
IL_2058271,0.014765533618628979,0.08979325741529465,0.008747455663979053,0.021052062511444092,0.03252333775162697,0.0056638410314917564,0.016699299216270447,0.2455431967973709,0.16048747301101685,0.014204894192516804,0.00018109714437741786
IL_2068901,1.2091955795767717e-05,7.584926061099395e-05,0.0003305013233330101,0.9998788833618164,5.8896621339954436e-05,3.963654671679251e-05,6.345946167130023e-05,0.0013880811166018248,5.253140989225358e-05,4.417782292875927e-06,0.000426584854722023
IL_2076993,0.6881735324859619,0.13635464012622833,0.0006852973601780832,0.0026141079142689705,0.000197882458451204,0.003444158937782049,0.0020582147408276796,0.00014645264309365302,0.0001512575545348227,0.10205592960119247,0.0005166922346688807
IL_2078226,2.1716112314607017e-05,0.0753704383969307,0.00040789126069284976,6.669527647318318e-05,0.17638544738292694,0.00010981329978676513,0.014136954210698605,0.019777890294790268,0.0004347030189819634,0.8955304026603699,8.202539902413264e-05
IL_2081710,0.0028676167130470276,0.00970443431288004,0.0009638282936066389,0.0002197931898990646,0.0016808687942102551,0.0002598993305582553,0.0016802777536213398,0.41513073444366455,0.8620336651802063,0.000869629206135869,0.00018777682271320373
IL_2085556,0.03250585496425629,0.5678044557571411,0.0009566211374476552,0.01489909179508686,0.0010741634760051966,0.0005202555912546813,0.001374532119370997,0.00010972390737151727,7.711543003097177e-05,0.018673211336135864,8.774046727921814e-05
IL_2090864,0.38728052377700806,0.08597465604543686,0.002558440901339054,0.7295109033584595,0.005912682972848415,0.0026513340417295694,0.006579313427209854,0.004153349902480841,0.0007812250405550003,0.004991746041923761,0.0020754514262080193
IL_2144290,3.5072537230007583e-06,1.4098455380917585e-07,2.0275763290555915e-06,9.99999993922529e-09,5.84951635573816e-07,4.765543621942925e-07,0.0002911992487497628,1.5212581274681725e-06,1.0,0.00011511138291098177,5.402192982728593e-06
IL_2157015,0.8896646499633789,0.8611893057823181,9.618465264793485e-05,0.0003383919538464397,0.0003603400255087763,0.00037917541339993477,0.0007790408562868834,0.00012792166671715677,6.9514685492322315e-06,7.847521919757128e-05,6.575535280717304e-06
IL_2190574,4.2628031224012375e-05,1.0,2.9474347229552222e-06,8.341609714079823e-07,8.456112482235767e-06,2.643232437549159e-05,0.00035455753095448017,3.079869202338159e-06,3.6407702737051295e-06,1.418680403730832e-05,6.643635970249306e-06
IL_2207792,8.360575156984851e-05,0.00012653392332140356,0.0049266088753938675,4.1753126424737275e-05,0.00013038667384535074,0.0027309032157063484,0.0025104389060288668,0.00022941961651667953,0.9999909400939941,0.0014581992290914059,4.503720629145391e-05
IL_2254004,0.9671322107315063,0.47571489214897156,0.00022794026881456375,0.001438744948245585,0.00025695940712466836,0.0011014159535989165,0.00033050859929062426,0.002426705090329051,0.0008590013021603227,0.0003723085392266512,3.1264458812074736e-05
IL_2274232,0.0655808374285698,0.002013052348047495,0.001897364272736013,0.8099585771560669,0.3640289008617401,0.0006257175700739026,0.004030153620988131,0.0009696793858893216,0.17755712568759918,0.0011051101610064507,0.002663607010617852
IL_2283965,0.000795792497228831,3.370403646840714e-05,6.283512630034238e-05,0.00014060181274544448,6.518568261526525e-05,0.0005653152475133538,0.0018077717395499349,0.00044515859917737544,0.0001116330677177757,0.9999799728393555,0.0005057647940702736
IL_2330498,2.8577673219842836e-05,4.04559941671323e-05,0.0004961835220456123,5.2909173973603174e-05,0.0014936263905838132,0.00030822932603769004,0.0014503012644127011,0.0005612053209915757,0.0003082816256210208,0.999962568283081,8.006188727449626e-05
IL_2354191,0.0040108151733875275,0.0012982164043933153,0.004116851836442947,0.029352620244026184,0.005579046905040741,0.0007099900394678116,0.05335952341556549,0.017362140119075775,0.9973056316375732,0.022969434037804604,0.004521255847066641
IL_2424578,0.001422013621777296,2.8124379241489805e-05,0.00010320068395230919,4.7180757974274457e-05,9.025060717249289e-05,0.0001059269779943861,0.0005261103506200016,0.2732398211956024,0.996393620967865,0.00037029196391813457,0.0005338017363101244
IL_2440740,6.0540569393197075e-05,4.071693183504976e-06,3.540959733072668e-05,1.0198673550121384e-07,2.3059208160702838e-06,1.5679307807658915e-06,0.0003476245910860598,1.8596776499180123e-05,0.9999998807907104,8.734660514164716e-05,7.248579549923306e-06
IL_2451306,1.4302612726169173e-05,4.589904710883275e-05,0.05837952345609665,0.09937889128923416,0.010059493593871593,0.008966243825852871,0.0011858619982376695,0.00034236491774208844,0.22089020907878876,0.0007777998689562082,0.008738888427615166
IL_2508459,6.438385753426701e-05,0.00014619927969761193,0.0004742675810121,0.00016452129057142884,3.133042264380492e-05,0.00028329232009127736,0.0010880168993026018,0.9999653100967407,9.034788490680512e-07,0.0003856532566715032,4.3141601054230705e-05
IL_2512501,0.9976696372032166,0.00011683341290336102,0.0006404732121154666,0.008621777407824993,0.0001234938099514693,0.00031472014961764216,3.4327855246374384e-05,7.068744889693335e-05,3.314294372103177e-05,2.2797037672717124e-05,1.541376036584552e-06
IL_2520283,0.020226208493113518,0.9280641674995422,4.71194252895657e-05,0.00022620755771640688,0.00026524520944803953,0.0009397693211212754,0.0010170068126171827,0.0028586264234036207,0.00016835743736010045,0.012068460695445538,1.6835878341225907e-05
IL_2532113,7.174707570811734e-05,0.9999983310699463,0.0001503847452113405,0.00024496461264789104,0.0001374821295030415,0.00017653964459896088,0.0007609834428876638,9.468636562814936e-05,2.265345983687439e-06,0.0003036439884454012,0.0003828482876997441
IL_2541202,0.0018588477978482842,0.8429358005523682,0.010614384897053242,0.0002761389478109777,0.551024317741394,0.02154780738055706,0.010185553692281246,0.00011933110363315791,0.00020553241483867168,0.009421498514711857,0.0007471669814549387
IL_2542731,0.0002580762666184455,0.016217084601521492,0.0028922639321535826,0.0003436976985540241,3.807016400969587e-05,0.00036966183688491583,0.0025477975141257048,0.003743106499314308,0.9995187520980835,0.00024254206800833344,0.00022501777857542038
IL_2564178,5.867451909580268e-05,0.9999995231628418,1.6474592484883033e-05,2.9487055144272745e-06,4.9107584345620126e-06,5.4602605814579874e-05,0.00016051244165282696,8.800318937574048e-06,1.690544559096452e-05,2.19709563680226e-05,1.0409471542516258e-05
IL_2579528,0.08303552865982056,3.293569989182288e-06,0.0005525299930013716,0.9879347085952759,6.168217805679888e-05,8.087141759460792e-05,0.00027546973433345556,0.004325531888753176,8.832168532535434e-06,5.026221333537251e-05,4.0695664210943505e-05
IL_2580737,5.0034766900353134e-05,0.9998635053634644,6.250422302400693e-05,0.010373015888035297,0.0002675059949979186,0.00013420805044006556,0.0016772106755524874,8.593867823947221e-05,2.7949037757935002e-05,0.0006010182551108301,0.00047342677135020494
IL_2620364,0.529394268989563,0.0009599059703759849,0.013273724354803562,0.09353561699390411,0.0036141155287623405,0.017076127231121063,0.000774790532886982,0.005976711865514517,0.10762862861156464,0.00011123714648419991,0.00021303108951542526
IL_2631882,0.0002489874023012817,0.04580442234873772,0.002040269086137414,0.8856894969940186,0.002563167829066515,0.01373304333537817,0.01221594400703907,0.029785804450511932,0.0003151077835354954,0.018245665356516838,0.0005929791950620711
IL_2632245,0.0016136174090206623,0.8710730671882629,8.655129931867123e-05,0.0007264003506861627,0.002592421369627118,0.0041427225805819035,0.0016707415925338864,0.0008796413894742727,8.05282688816078e-05,0.8503333926200867,0.0010500506032258272
IL_2667257,0.007146445568650961,0.9910852313041687,0.0010729479836300015,0.20463956892490387,0.0016524838283658028,0.0018787652952596545,0.0050377738662064075,0.00042210528044961393,0.0007608087034896016,0.003758635139092803,0.00021527714852709323
IL_2673683,0.36463648080825806,0.6663811206817627,0.0001710158830974251,0.0005174095276743174,0.00012343811977189034,0.0036161248572170734,0.0024438146501779556,0.00048554185195825994,0.00012348731979727745,0.06480713933706284,0.0003857168776448816
IL_2695389,0.0004200112889520824,1.0,2.5534302039886825e-05,4.279718723410042e-06,4.463605728233233e-05,0.0009367236052639782,0.00010078817285830155,0.00034073746064677835,1.2169534784334246e-06,1.0483752703294158e-05,0.000727932492736727
IL_2697064,0.00845850259065628,0.012667888775467873,0.0005225542117841542,0.9758874177932739,0.004202728625386953,0.0006223456002771854,0.008806120604276657,0.0008957581012509763,0.0029863915406167507,0.07842234522104263,0.0065633757039904594
IL_2701771,0.001023069373331964,0.9554325342178345,0.05412232130765915,0.00454531516879797,0.008146611042320728,0.05688687041401863,0.015516768209636211,0.0038984629791229963,0.0003118763561360538,0.0065568313002586365,0.005996358580887318
IL_2713699,0.05369327589869499,0.9546169638633728,0.007615954149514437,0.20221762359142303,0.008311174809932709,0.0045378548093140125,0.016897857189178467,0.0003695770865306258,0.01644916459918022,0.0011180398287251592,0.0029385890811681747
IL_2726821,0.021997831761837006,0.9998770952224731,0.0008246828801929951,0.009570118971168995,0.006729481741786003,0.0009818297112360597,0.0054656704887747765,0.0001985865383176133,0.00022535982134286314,0.0019069549161940813,0.0002635150449350476
IL_2729600,0.5208523869514465,0.30612531304359436,0.00020357502216938883,0.005795694887638092,0.0008861180394887924,0.0022411164827644825,0.004004056565463543,0.0005921247065998614,0.00038683615275658667,0.04390377551317215,0.0003617500187829137
IL_2741580,0.996469259262085,0.0003385476302355528,0.0011292750714346766,0.012329572811722755,0.0009902352467179298,0.00015625836385879666,0.0004047713882755488,1.2528847946668975e-05,1.8692471712711267e-05,1.4002403077029157e-05,3.93102800444467e-06
IL_2778741,0.997133731842041,0.012061776593327522,0.0030462618451565504,0.0006338650127872825,0.0011294757714495063,0.1315239667892456,0.0011244617635384202,0.002658935496583581,0.00024667909019626677,0.00025429794914089143,1.601813710294664e-05
IL_2784674,3.07582990899391e-06,2.4514386609553185e-07,6.205535464687273e-05,4.270659246685682e-06,7.922736403997988e-05,9.878099808702245e-05,0.0005053766071796417,7.709109195275232e-05,4.134030405111844e-06,0.9999995231628418,1.5253843230311759e-05
IL_2788623,0.0010964025277644396,0.2611196041107178,0.0025223838165402412,0.0002080837730318308,0.07355840504169464,0.1568281352519989,0.001739108469337225,0.0015500359004363418,0.0001291633234359324,0.2684985399246216,9.752308687893674e-05
IL_2824067,2.4054366804193705e-05,0.2537350654602051,0.03084033913910389,0.01420876756310463,0.6042038798332214,0.0034406878985464573,0.00544563727453351,0.0001324223994743079,0.0035983144771307707,0.0006739492528140545,1.5011213690740988e-05
IL_2840498,0.005991477053612471,0.012888912111520767,0.0046662273816764355,0.04615230858325958,0.038723770529031754,0.0015548066003248096,0.008998864330351353,0.000935037387534976,0.1077897846698761,0.0009648353443481028,0.0019452642882242799
IL_2844654,4.16617258451879e-05,0.0004256608954165131,0.004866454284638166,0.0003524822532199323,0.00026049796724691987,0.0012213191948831081,0.0027115389239042997,0.9828572273254395,0.20858485996723175,0.0010960657382383943,0.00024047934857662767
IL_2849392,0.0014352328144013882,0.9936969876289368,0.0005237621953710914,0.002629961119964719,0.041219763457775116,0.0010497915791347623,0.09603891521692276,0.006215999834239483,4.853050268138759e-05,0.0047514368779957294,0.006092530209571123
IL_2851462,0.011152051389217377,0.03465971350669861,0.0008124014711938798,0.3051193356513977,0.00045432199840433896,0.0021093706600368023,0.004326942842453718,0.07425772398710251,7.805139466654509e-05,0.023739641532301903,0.004992399364709854
IL_2921273,0.0023690522648394108,0.7385652661323547,0.0011125082382932305,0.0001121777095249854,0.000315066339680925,0.06975025683641434,0.004176794551312923,0.5220016837120056,0.0021497972775250673,0.02599204145371914,4.194264693069272e-05
IL_2936438,0.0003853346570394933,0.9999170303344727,0.0009560573962517083,0.08432112634181976,0.005941863637417555,0.001318810391239822,0.0018948096549138427,0.00030753129976801574,9.24948399187997e-05,0.0007463311776518822,0.0007449746481142938
IL_2947403,0.9568677544593811,0.00013849198876414448,0.0019607720896601677,0.007052823435515165,0.025289462879300117,0.04835212975740433,0.0006304985145106912,0.0020089305471628904,0.019716810435056686,0.00021913992532063276,5.593365494860336e-05
IL_2978149,0.00015574813005514443,0.00016640506510157138,0.001438709325157106,9.324243728769943e-05,0.0006522543262690306,0.0017132195644080639,0.007008867803961039,0.1336066573858261,0.9966045618057251,0.003409131895750761,0.000401892903028056
IL_2996774,0.07519075274467468,0.7615894079208374,0.009076820686459541,0.2726548910140991,0.1678822636604309,0.005208542570471764,0.05709634721279144,0.010255801491439342,0.0003330796316731721,0.04323071241378784,0.002888344693928957
IL_3007459,0.00017236369603779167,0.00504476809874177,0.003114966908469796,0.6483515501022339,0.00047106167767196894,0.004343792330473661,0.010891878977417946,0.0009018676937557757,0.0016004195204004645,0.8142313361167908,0.00033625835203565657
IL_3061357,7.931792788440362e-05,0.9991580247879028,0.0016428721137344837,0.009732143022119999,0.0009069078951142728,0.00026492803590372205,0.00018294673645868897,0.004695574287325144,0.00010246387682855129,0.00022833158436696976,0.00020165224850643426
IL_3076877,2.998156560352072e-05,0.9996070265769958,0.0002663798222783953,0.00012146206427132711,0.0007773470715619624,0.01762699894607067,0.002101314254105091,5.174569014343433e-05,6.558556833624607e-06,0.00852054264396429,9.608152322471142e-05
IL_3084993,0.4295840561389923,0.9900991320610046,0.012720528058707714,0.011966131627559662,0.015605645254254341,0.09855742752552032,0.016186941415071487,0.014531740918755531,0.15092624723911285,0.04258685186505318,0.006289658136665821
IL_3109240,8.475856157019734e-05,0.7657676935195923,9.105518074647989e-06,2.096737443935126e-05,0.012046972289681435,0.0004472367581911385,0.00037384178722277284,0.011019052006304264,0.0017646023770794272,4.277727930457331e-05,0.0002685427316464484
IL_3124812,1.6357615095330402e-05,0.9965648055076599,0.00034273817436769605,0.021912088617682457,6.988896348048002e-05,0.00037359734415076673,0.0031901453621685505,0.0003369846090208739,1.377627813781146e-05,0.0037696014624089003,0.0007815601420588791
IL_3127619,0.0003114862192887813,0.0022294893860816956,0.0003462861059233546,0.9991542100906372,0.00048809158033691347,0.005252426955848932,0.0010487999534234405,0.0011745564406737685,0.0009875711984932423,0.00013617183140013367,0.00054778071353212
IL_3149454,0.14718328416347504,0.9999639987945557,0.00018901197472587228,0.00041107769357040524,0.00010527647100389004,0.0006916206330060959,0.0029000481590628624,8.517072274116799e-05,6.987839242356131e-06,2.712633431656286e-05,0.00019365600019227713
IL_3153787,0.00029853711021132767,0.07227950543165207,0.0012583559146150947,0.00021189302788116038,0.0014059639070183039,0.028187254443764687,0.0022099781781435013,0.040153153240680695,0.5047588348388672,0.035896360874176025,0.001283606281504035
IL_3156984,0.005080916453152895,0.003692277707159519,0.003844672814011574,0.04172693192958832,0.0036665969528257847,0.002291707554832101,0.02639991044998169,0.8844394087791443,0.037152402102947235,0.047036606818437576,0.0028336152900010347
IL_3200972,1.624966535018757e-05,9.023124584928155e-05,0.00011216669372515753,0.00038678987766616046,2.400954372205888e-06,6.149778528197203e-06,0.0012280341470614076,5.148569471202791e-05,0.9999797344207764,0.0014558779075741768,0.014068851247429848
IL_3206011,0.00015425271703861654,2.117578560500988e-06,3.0397806767723523e-05,5.3805455536348745e-05,3.411094439798035e-05,3.714125568876625e-06,0.0003547696687746793,2.1528347133425996e-05,0.9999997615814209,0.00011953016655752435,2.807603777910117e-05
IL_3245297,4.514522515819408e-06,9.177029824058991e-06,0.0007304403115995228,0.001116492785513401,0.010043570771813393,0.0028289274778217077,0.004399467259645462,0.00033093421370722353,0.00011959402036154643,0.9997934699058533,0.00011945474398089573
IL_3275405,0.0029317913576960564,0.0013436311855912209,0.003498815232887864,0.7122116088867188,0.005953625310212374,0.027161216363310814,0.010155843570828438,0.0019523639930412173,0.0017750679980963469,0.8769320249557495,0.0008870269521139562
IL_3278464,0.0028312141075730324,0.0012505619088187814,0.0001699764106888324,0.0004075290053151548,0.0006687408895231783,0.0006424136226996779,0.0024778235238045454,0.0001221505954163149,1.6159170627361163e-05,0.9910277724266052,3.562966958270408e-05
IL_3286203,0.0005410474259406328,0.0002731890126597136,1.0814578672579955e-05,2.4049163585004862e-06,0.00019474590953905135,0.0002941475249826908,0.0015087216161191463,3.0597027944168076e-05,0.00042629646486602724,0.9997314810752869,2.917906385846436e-05
IL_3304841,0.0024163739290088415,0.0025033820420503616,0.0002822064561769366,0.00033113747485913336,0.00159127963706851,0.0006138078751973808,0.005552707239985466,0.0018443677108734846,8.923693530960009e-05,0.999403715133667,0.00022776993864681572
IL_3328321,8.744858064346772e-07,3.688058495754376e-05,4.482464282773435e-05,3.073251718888059e-05,6.173401925479993e-05,0.0001721225999062881,0.00017867630231194198,6.523001502500847e-05,3.958920842705993e-06,0.9999862909317017,5.714741564588621e-05
IL_3355205,3.756845762836747e-05,0.019328439608216286,0.003918077331036329,0.002243462484329939,0.0009657347109168768,0.0011427553836256266,0.006434428505599499,0.001250789500772953,0.006429722998291254,0.8232468366622925,3.926391218556091e-05
IL_3383918,8.468714077025652e-05,0.8178548812866211,9.357932867715135e-05,5.271349436952733e-07,4.289831849746406e-06,2.307068461959716e-05,0.4531835615634918,0.0001488570705987513,1.5183798495854717e-05,9.518273145658895e-05,1.1487200936244335e-05
IL_3405674,0.00041979755042120814,3.729968375409953e-05,0.00027647297247312963,0.0001921618968481198,0.0005577320116572082,0.000685929786413908,0.002835108432918787,0.0009066184284165502,4.2699106415966526e-05,0.999875545501709,7.959403592394665e-05
IL_3416109,0.00011623990576481447,0.001024391851387918,0.0051077576354146,0.9988383650779724,0.0011812594020739198,0.0002601045707706362,0.010494883172214031,0.0004620242689270526,0.0037312752101570368,0.021344618871808052,0.0006185448146425188
IL_3417042,0.030144911259412766,4.701009311247617e-05,0.0011944376165047288,0.9985209107398987,0.001530796056613326,0.0009972938569262624,0.0032521174289286137,0.00030033159418962896,0.00042615467100404203,0.00038989048334769905,8.814256580080837e-05
IL_3475314,0.00035483413375914097,0.0001165476642199792,0.00012756367505062371,0.9990233182907104,0.00013007299276068807,7.859122706577182e-05,0.004436478950083256,0.0002584397152531892,5.984527888358571e-06,0.00859218928962946,5.597207200480625e-05
IL_3502631,0.0014503393322229385,0.5212367177009583,0.0013552956515923142,0.03978157788515091,0.0016803513281047344,0.001644787727855146,0.006305335555225611,0.005210853181779385,0.0004126576241105795,0.649372398853302,0.023604106158018112
IL_3512099,4.0857430576579645e-06,1.0,0.00018422986613586545,5.254437928670086e-05,0.00012318954395595938,0.001967374701052904,0.0007636473164893687,0.0002009637391893193,1.02733076801087e-06,1.9124968275718857e-06,0.00036967595224268734
IL_3516247,0.004495489411056042,0.9996637105941772,0.00046982127241790295,0.01770925521850586,0.0025679180398583412,0.00285093835555017,0.0027920750435441732,0.000576293095946312,0.0005814772448502481,0.005259842146188021,0.0021351103205233812
IL_3525336,0.00482137268409133,0.0214828010648489,0.07294198870658875,0.13743747770786285,0.03215176984667778,0.0016157574718818069,0.012085813097655773,0.05721608176827431,0.9917280673980713,0.004018254578113556,0.15521886944770813
IL_3584159,0.0990629643201828,0.0003583358193282038,0.003415493294596672,0.0025687243323773146,0.001528532593511045,0.038372334092855453,0.009881572797894478,0.0015276181511580944,0.9850841164588928,0.006527494173496962,7.5863441452384e-05
IL_3592184,1.799465280782897e-05,0.015799591317772865,0.00024610140826553106,0.0018600543262436986,0.0017832706216722727,0.003792365314438939,0.006691183429211378,0.0005979668349027634,0.0002498971007298678,0.9822553396224976,1.997045546886511e-05
IL_3662013,0.003225562861189246,0.6481178998947144,0.0013548254501074553,0.006267671938985586,0.002348713343963027,0.0016544595127925277,0.010904055088758469,0.0012169054243713617,0.0004929343122057617,0.8793752789497375,0.0007897944306023419
IL_3682737,8.138208067975938e-05,1.4717884369019885e-05,4.6663539251312613e-05,2.125478204106912e-05,5.768365372205153e-05,1.3638366908708122e-05,0.0013001369079574943,1.954798244696576e-05,0.9999995231628418,0.0005387707496993244,4.108603752683848e-05
IL_3708176,0.0008988630142994225,0.42663732171058655,0.000380869023501873,0.0006592167774215341,0.0027982883621007204,0.012743952684104443,0.0031333237420767546,0.0006841762224212289,0.0005012710462324321,0.9781631827354431,0.00027654520818032324
IL_3731984,0.0025811779778450727,0.30321580171585083,0.025095129385590553,0.011997776105999947,0.029336323961615562,0.36149895191192627,0.0530947782099247,0.5814042687416077,0.0506567656993866,0.025237498804926872,0.00490845600143075
IL_3743750,0.6197459101676941,0.3766232430934906,0.0005897720693610609,0.04912281408905983,0.011060232296586037,0.003556349780410528,0.0013936429750174284,0.0006167467217892408,0.0015107077779248357,0.0012917387066408992,0.00010760538134491071
IL_3769258,0.9664499759674072,2.8393165848683566e-05,0.000920751306694001,0.08831150829792023,0.0004929875722154975,0.0011981100542470813,3.634856329881586e-05,1.443875407858286e-05,9.544608474243432e-06,5.665579374181107e-05,8.209198313124944e-06
IL_3770691,0.0007052947185002267,0.908089280128479,0.000156313632032834,3.503992411424406e-05,0.0025910348631441593,0.0014322855276986957,0.00920693390071392,0.004123860504478216,0.00018387519230600446,0.5162582993507385,0.08145640790462494
IL_3795536,0.4529423415660858,0.0034130041021853685,0.00021671548893209547,0.8795846700668335,0.0005905280122533441,0.0011002037208527327,0.002733180532231927,0.0056582121178507805,0.00024839345132932067,0.01024500373750925,0.0014264569617807865
IL_3825170,9.943737495632377e-07,1.0,0.00018894711683969945,1.08733393062721e-05,0.00023096628137864172,0.0005013909540139139,0.002645687200129032,4.232314313412644e-05,3.1989980442403976e-08,5.844916017849755e-07,7.663132419111207e-05
IL_3849919,3.936326174880378e-05,1.0,0.001570806372910738,1.2614305887836963e-05,0.003431421471759677,0.005213468801230192,0.0007506100810132921,0.00013986714475322515,0.00019085737585555762,6.234599277377129e-05,0.0014418488135561347
IL_3863962,0.6383795738220215,0.025591550394892693,0.00013088044943287969,7.09260712028481e-05,4.9048205255530775e-05,0.0006557463202625513,0.0014033573679625988,0.0009073970722965896,1.3091627806716133e-05,0.6803373098373413,8.899958629626781e-05
IL_3890738,0.007564343046396971,0.3790815770626068,0.0024839562829583883,0.001697157509624958,0.002394089475274086,0.006070851814001799,0.008834785781800747,0.02297906018793583,0.0010530860163271427,0.9711031913757324,0.006947103422135115
IL_3916806,0.07475097477436066,0.6512684226036072,9.14070478756912e-05,0.0029036286287009716,0.0002868557348847389,0.007120876107364893,0.001476311357691884,0.0004459098563529551,0.0001374854036839679,0.017190156504511833,0.0017710557440295815
IL_3918658,7.75444641476497e-05,0.9146689176559448,3.6856461520073935e-05,0.00010524806566536427,0.0005641784518957138,0.00013673417561221868,0.0013831080868840218,1.88221220014384e-05,5.361128569347784e-05,0.8273884654045105,0.0001818007876863703
IL_3925046,7.1518584263685625e-06,0.00010173193732043728,0.0008478125091642141,8.499156137986574e-06,0.0009662933298386633,0.001171672367490828,0.0014378896448761225,9.197722101816908e-05,5.703178612748161e-05,0.9999688863754272,1.3118798960931599e-05
IL_3944678,0.00011356450704624876,0.10154014825820923,0.06823451071977615,0.3970165252685547,0.0011748116230592132,0.000312479940475896,0.0019015409052371979,2.9346332667046227e-05,0.5688794255256653,7.372557593043894e-05,0.004571570083498955
IL_3989231,0.010760724544525146,0.0013254161458462477,0.004918648395687342,0.003825484775006771,0.0009607396204955876,0.0006560307811014354,0.0023209599312394857,0.904732882976532,0.44196468591690063,0.0034605427645146847,0.0002583177702035755
IL_4014940,0.0004109966102987528,1.0,0.0003307878796476871,0.00014750417903997004,0.007116167806088924,0.0002684375212993473,0.013500606641173363,0.00013579215737991035,2.4342512006114703e-06,6.0185524489497766e-05,0.00016334255633410066
IL_4030473,0.0003859020653180778,1.0,0.0003019894356839359,2.5540559363435023e-05,0.00035068023134954274,0.0010267806937918067,0.0005798882921226323,4.4520980736706406e-05,2.4795651825115783e-06,6.734711496392265e-05,0.00025104073574766517
IL_4032940,0.0074488022364676,0.4594866931438446,0.00037633816828019917,0.019014906138181686,0.0005748562980443239,0.0015966364881023765,0.003568463260307908,0.002097455319017172,0.00013125852274242789,0.36343327164649963,0.0013014228316023946
IL_4048093,0.16899429261684418,0.00031192690948955715,0.0008395511540584266,0.0001997557992581278,0.001278184587135911,0.00024433527141809464,0.00461460929363966,0.00019621540559455752,0.00026280799647793174,0.9878595471382141,1.7731546904542483e-05
IL_4102420,0.010530626401305199,0.9377585053443909,0.0017146243480965495,0.004784896969795227,0.0011845134431496263,0.004914412274956703,0.003754750359803438,0.12813307344913483,0.0006259671645238996,0.11425498127937317,0.0036903033033013344
IL_4113222,1.5595673175994307e-05,0.0001276839175261557,0.0021176019217818975,0.9981156587600708,0.00042857311200350523,0.0011369333369657397,0.0029579533729702234,0.003476697253063321,4.953598545398563e-05,0.0015984768979251385,0.0001838308380683884
IL_4121028,0.00010276024841004983,0.7163807153701782,0.00028927475796081126,0.8685426115989685,0.00032853384618647397,0.0002653456467669457,0.008175786584615707,0.00011247203656239435,2.9544920835178345e-05,0.0005094990483485162,0.0008543875301256776
IL_4137970,9.392155334353447e-06,0.01073095016181469,0.004601291846483946,0.9926738142967224,0.0011745044030249119,6.0843962273793295e-05,0.015508109703660011,0.0005059870309196413,0.00036488284240476787,0.0033382789697498083,0.000504232884850353
IL_4183780,0.00024527640198357403,0.9979508519172668,0.03772488981485367,0.00016111123841255903,0.060549717396497726,0.001684934482909739,0.0025229284074157476,0.00014095887308940291,0.00010018955799750984,2.5346567781525664e-05,8.287294622277841e-05
IL_4205103,0.00013728941848967224,1.0,8.368041017092764e-05,5.7785899116424844e-05,5.675767897628248e-05,0.00043955203727819026,0.0005834428011439741,0.0001525853294879198,4.341885414760327e-06,0.0002046721347142011,0.00014889155863784254
IL_4212360,0.008021913468837738,0.9870662093162537,0.002862656721845269,0.06344964355230331,0.008129912428557873,0.008876483887434006,0.008058266714215279,0.003464899957180023,0.0014453282346948981,0.0013166111893951893,0.000538848340511322
IL_4217178,0.001815935829654336,0.9999973773956299,0.0005057743983343244,0.0008790146675892174,0.0002870091993827373,0.00240695639513433,0.0006523372721858323,0.00039978016866371036,6.0558642871910706e-05,0.0003137504099868238,0.00039837483200244606
IL_4273134,0.1738533079624176,0.024294689297676086,0.0007821859326213598,0.0006593874422833323,0.0005252074915915728,0.0016717971302568913,0.01152682863175869,0.029113834723830223,0.0003875400288961828,0.7229993343353271,0.0025925252120941877
IL_4304678,0.0006934840930625796,0.00035403412766754627,0.0005468722083605826,9.282477549277246e-06,4.957208875566721e-05,0.000534765247721225,0.0024282222148030996,0.00010367581126047298,0.00012182222417322919,0.9990671277046204,4.519958747550845e-05
IL_4365221,0.0005125392344780266,0.9999997615814209,0.0010075685568153858,0.0015155019937083125,0.0012965346686542034,0.0031934527214616537,0.0008163708844222128,0.00039388128789141774,7.757751882309094e-05,0.0058938865549862385,0.008398081175982952
IL_4377002,0.0013780148001387715,0.006813627667725086,0.0017883979016914964,0.046922966837882996,0.00011169727804372087,0.005868753418326378,0.0002607886854093522,0.0034666904248297215,0.00025167581043206155,0.018218740820884705,0.0012195493327453732
IL_4378654,0.0002626334025990218,0.9999998807907104,0.0005424806731753051,0.0005934530054219067,0.0005405556876212358,0.0007254110532812774,0.0018186434172093868,0.000107027284684591,0.00015569868264719844,0.0006194488378241658,0.003417493309825659
IL_4383984,0.0008542238501831889,0.6154676675796509,0.0004907196271233261,0.7555802464485168,0.0004567380528897047,0.005138553213328123,0.0015609442489221692,0.0009797010570764542,5.681075435859384e-06,0.0007440165500156581,0.0010318151907995343
IL_4392618,0.002035695593804121,0.0017683852929621935,0.0002899481914937496,0.00043130802805535495,0.003469006856903434,0.0018767794826999307,0.005870745982974768,0.0007506597321480513,0.002528832061216235,0.9997856020927429,0.001989032607525587
IL_4393410,0.021107859909534454,0.7172399759292603,0.0005618931027129292,0.001219565630890429,8.796682232059538e-05,0.17202499508857727,0.005626323167234659,0.0023675335105508566,1.528189932287205e-05,0.03847380355000496,2.3054697521729395e-05
IL_4404293,8.629170042695478e-05,1.5824669389985502e-05,0.0002287722163600847,1.077709953278827e-06,0.00010416463919682428,0.00021417488460429013,0.0008261855691671371,0.0008362894877791405,2.5281678972532973e-05,0.9999737739562988,9.027347005030606e-06
IL_4407167,5.09878077536996e-07,1.6969737615113445e-08,4.0154725866159424e-05,1.626583525649039e-06,0.00013969933206681162,2.91986289084889e-05,0.0001486844412283972,8.50025171530433e-05,1.2336457757555763e-06,0.9999985694885254,9.69093798630638e-06
IL_4418818,0.0011550351046025753,0.9999874830245972,0.0016513372538611293,0.0028600036166608334,0.0014730406692251563,0.0015657524345442653,0.0016598079819232225,0.000462202267954126,3.762076448765583e-05,0.0006394427618943155,0.0034541403874754906
IL_4429583,2.760347160801757e-05,1.3135648259776644e-05,0.002231094753369689,0.0011105694575235248,0.0005102880531921983,0.0002635398996062577,0.010169916786253452,0.15422199666500092,0.9879030585289001,0.005736303050071001,0.0004337987338658422
IL_4447995,0.009474797174334526,0.6888704299926758,0.0022181724198162556,0.016880454495549202,0.005496276542544365,0.01931779459118843,0.014037666842341423,0.0031104704830795527,0.8564841747283936,0.022946501150727272,0.0030269785784184933
IL_4474915,1.028476526698796e-05,3.5911414215661353e-06,4.5157841668697074e-05,1.6192336261156015e-05,0.00020383353694342077,0.0011195504339411855,0.05583570897579193,7.43003620300442e-05,1.1954604815400671e-05,0.9999221563339233,1.3761648915533442e-05
IL_4556052,1.3419871436326503e-07,3.15294329311655e-07,0.00039279108750633895,2.8427934921637643e-06,0.0009662307566031814,0.00031572303851135075,0.00025243329582735896,0.003933183383196592,1.321342006121995e-05,0.9999995231628418,4.423338032211177e-05
IL_4629710,7.347430801019073e-05,0.9995575547218323,0.005981761496514082,0.039669618010520935,0.001165233552455902,0.0032908297143876553,0.00342939211986959,0.0006798772374168038,4.116907439311035e-05,6.858578854007646e-05,0.000106386149127502
IL_4631015,9.137968299910426e-05,0.0008822305244393647,0.0038270787335932255,0.9928503036499023,0.00033222141792066395,9.371899795951322e-05,0.003440544009208679,0.026186997070908546,0.007786777801811695,0.0012414685916155577,0.011246002279222012
IL_4632594,0.00019243618589825928,0.00018428819021210074,0.04013027995824814,0.00012613192666321993,0.001398753491230309,7.037986506475136e-05,0.012720953673124313,3.0102120945230126e-05,0.9999991655349731,0.00013428858073893934,0.0001109553559217602
IL_4640947,0.00819189939647913,0.9887867569923401,0.004263787996023893,0.001925760181620717,0.0021268243435770273,0.15185700356960297,0.004141871351748705,0.0010271334322169423,0.0003063187177758664,0.0670085996389389,0.0006184660596773028
IL_4652828,0.04673965647816658,0.7778950929641724,0.0004714520473498851,0.015323339961469173,0.008390882052481174,0.0008519745897501707,0.021026737987995148,0.0019560055807232857,0.009581591933965683,0.5119993686676025,0.006378799676895142
IL_4673376,0.00019450114632491022,1.603045529918745e-05,0.0001678909466136247,8.251881808973849e-06,6.0016278439434245e-05,0.00021150791144464165,0.0009657834307290614,0.002453327877447009,0.9999816417694092,0.00013471604324877262,4.611565236700699e-05
IL_4698973,8.055569196585566e-05,1.0,0.000705994083546102,5.097414759802632e-05,0.0004121595120523125,0.0014751898124814034,0.00036064436426386237,0.00012482726015150547,7.231761856019148e-07,6.974708230700344e-05,0.00025452475529164076
IL_4703518,0.00021361303515732288,1.0,0.0032238264102488756,0.00031848650542087853,0.0006816659588366747,0.003558851545676589,0.00674227112904191,0.0001264790480490774,0.0001058319685398601,6.275405030464754e-05,0.002915110904723406
IL_4708155,0.0007836164440959692,0.1360042244195938,0.000784154690336436,0.0008650920353829861,0.0014432341558858752,0.0002452988410368562,0.0006012508529238403,0.00023527978919446468,0.9948689937591553,0.0001384076167596504,0.002068684436380863
IL_4733323,0.0001975169579964131,0.002103555016219616,0.0007660197443328798,0.0011735169682651758,0.005741542670875788,0.001184077002108097,0.007185616064816713,0.0003693358157761395,0.0012239086208865047,0.998798131942749,0.00037218822399154305
IL_4738780,0.00014625756011810154,0.9999982118606567,0.0005124630406498909,0.00018845897284336388,0.008651060983538628,0.0042507825419306755,0.004680069629102945,0.00024151470279321074,8.383795830013696e-06,0.0003498140722513199,0.0019879075698554516
IL_4747648,0.00044390640687197447,0.9999271631240845,8.9013330580201e-05,0.00022849666129332036,6.953635602258146e-05,0.0005391211016103625,0.0006596023449674249,5.806590343127027e-05,6.625856622122228e-05,0.00046088435919955373,0.0028306583408266306
IL_4761308,0.08903619647026062,0.7845228910446167,0.0005150138167664409,0.0698494017124176,0.0022487167734652758,0.006212963722646236,0.0026350929401814938,0.00017694311100058258,0.00021429498156066984,0.02585424855351448,0.000257067964412272
IL_4787245,3.856315515804454e-07,3.012311026395764e-06,8.394959877477959e-05,5.715571091968741e-07,0.00022295437520369887,0.00034931686241179705,0.0005236591678112745,9.170109842671081e-05,0.00010652602941263467,0.9999969005584717,5.524051812244579e-05
IL_4796202,0.0016201763646677136,0.9999938011169434,0.0018809124594554305,0.0006273150793276727,0.002322055399417877,0.0004363181651569903,0.0012856562389060855,0.00043126344098709524,0.0009105917415581644,0.0006729387678205967,0.002268027514219284
IL_4805993,3.5827695683110505e-05,0.9999971389770508,0.00019960194185841829,2.6636811526259407e-05,0.010188047774136066,0.0036111546214669943,0.0007846711669117212,0.00025027478113770485,5.39288066647714e-06,0.0006984526407904923,5.1478331442922354e-05
IL_4840188,1.440161099708348e-06,0.9993676543235779,2.0535304429358803e-05,2.3208126549434382e-06,4.9942937039304525e-06,1.1509350770211313e-05,0.0004064326349180192,0.004186712671071291,1.7626327917241724e-06,0.00019671779591590166,1.8780201571644284e-05
IL_4848599,0.0003788018075283617,1.0,5.189682724449085e-06,5.3408093663165346e-05,9.969246457330883e-05,3.640340582933277e-05,0.0003599199990276247,9.97571896732552e-06,6.956694846849132e-07,0.0002890561008825898,5.8044759498443455e-05
IL_4848977,1.895860259537585e-05,0.9999983310699463,1.795986645447556e-05,2.0776134988409467e-05,6.941876199562103e-05,0.0009004689636640251,0.0011527988826856017,5.535863965633325e-05,6.849023975519231e-06,0.0006428462802432477,0.00010202980774920434
IL_4907451,0.0007014410221017897,4.7818619350437075e-05,0.0002796512853819877,0.00011335818999214098,0.00032893026946112514,0.0013020160840824246,0.006376971956342459,0.0003582012723200023,0.00014874171756673604,0.9999673366546631,0.00011168779019499198
IL_4912944,1.047537625709083e-05,0.00012089379015378654,0.0007064348901621997,7.126302079996094e-05,0.003767160000279546,0.00858298595994711,0.0006568572134710848,0.003297582268714905,4.7267221816582605e-05,0.999806821346283,0.0003829099587164819
IL_4926820,0.00371044734492898,0.0006220448995009065,0.00172934599686414,0.003797943005338311,0.0008590029319748282,0.00019578312640078366,0.0021397245582193136,0.03856532648205757,0.9963986873626709,0.002633168827742338,0.0017097961390390992
IL_4928787,1.712485754978843e-05,1.0,5.563532613450661e-05,0.00011153284140164033,0.0007025335798971355,0.0004786682839039713,0.00015276003978215158,2.128151390934363e-05,7.119149358914001e-07,1.6486144886584952e-05,7.458360778400674e-05
IL_4936385,0.001537442789413035,9.219033381668851e-05,0.0007155941566452384,0.9989921450614929,0.0002465833676978946,0.00022566516418009996,0.00022693147184327245,0.16015625,2.1228042896836996e-05,0.00041839820914901793,0.0016650994075462222
IL_4942231,0.28935542702674866,0.002282996429130435,0.004943752195686102,0.002100651152431965,0.0020835716277360916,0.0030770718585699797,0.006362925283610821,0.0021413308568298817,0.004021970089524984,0.9945133924484253,0.0014776150928810239
IL_4953244,9.99999993922529e-09,1.0,6.164701335364953e-05,1.5560688382265653e-07,1.8992224795510992e-05,5.322117885953048e-06,0.0016955423634499311,0.00024308841966558248,9.99999993922529e-09,0.0004105464613530785,9.912125278788153e-06
IL_4955020,0.35044413805007935,0.009228477254509926,0.0004436140588950366,0.0005237881559878588,0.0015435669338330626,0.004243365954607725,0.00264852587133646,0.0007181221735663712,0.0002175236732000485,0.983849287033081,0.0036260790657252073
IL_4964046,0.000867412134539336,2.5973673473345116e-05,0.0006626247777603567,0.0007989175501279533,0.0007842645281925797,0.0006517308647744358,0.004012320190668106,0.0009333925554528832,7.394405110972002e-05,0.99936443567276,7.711035868851468e-05
IL_4983934,0.000994524802081287,0.3199949860572815,0.0006591373239643872,0.00014292463310994208,0.0004960222286172211,0.004273060243576765,0.006768593564629555,0.0006385758169926703,0.00010862953786272556,0.9885286688804626,0.0005112423677928746
IL_4994761,0.1772983819246292,0.8495224118232727,0.00018139283929485828,0.0004310079966671765,0.0003788736939895898,0.013890335336327553,0.0012470614165067673,0.020125435665249825,0.07415986806154251,0.0023812016006559134,9.851496724877506e-05
IL_5016487,9.372470231028274e-06,0.00551146874204278,0.00016478568431921303,0.0012882211012765765,0.0003067336801905185,0.000751617131754756,0.004020350519567728,0.024883601814508438,4.107494078198215e-07,0.9934959411621094,7.042309880489483e-05
IL_5018680,0.0002311888092663139,0.9326282739639282,8.521329436916858e-05,6.056407073629089e-05,9.334617789136246e-05,0.001396735548041761,0.0011124112643301487,0.013818465173244476,2.4238192054326646e-05,0.2496568262577057,7.974293839652091e-05
IL_5117306,2.315501478733495e-05,1.0,0.0019156783819198608,7.782982720527798e-06,0.0006112200208008289,0.0021297207567840815,0.0010425259824842215,5.6380547903245315e-05,0.0002007992152357474,6.674397809547372e-06,0.0008479938842356205
IL_5136565,0.00012014334788545966,1.669893754296936e-05,5.8058318245457485e-05,7.500185802200576e-06,0.00022969761630520225,0.0003586082311812788,0.0009462851448915899,0.00012016890832455829,3.974957508035004e-05,0.9999912977218628,4.872633871855214e-05
IL_5150961,0.0002051699993899092,0.09199506789445877,0.00016496724856551737,0.0013511208817362785,0.0002831173478625715,0.0008337147883139551,0.005242759361863136,0.00040880023152567446,0.00017334104632027447,0.9724235534667969,0.00021299373474903405
IL_5152620,9.565943764755502e-05,0.012901307083666325,0.00017711645341478288,0.003653265768662095,0.05816962569952011,0.010017640888690948,0.0017748980317264795,0.003037997055798769,0.0005231781979091465,0.18919667601585388,0.016182241961359978
IL_5171099,6.21086928731529e-06,0.9999998807907104,1.0117015335708857e-05,1.617133239051327e-05,1.052113020705292e-05,0.00029766742954961956,0.0006771648768335581,3.739926341950195e-06,5.523498839465901e-05,0.0005494930665008724,0.00011324582737870514
IL_5172506,0.00625005504116416,0.0009074726840481162,0.11039198189973831,0.03913301229476929,0.00418658135458827,0.008229957893490791,0.016223201528191566,0.9766355752944946,0.04977412521839142,0.0072965133003890514,0.0032805122900754213
IL_5188190,0.0017332498682662845,0.027641167864203453,0.0006792884669266641,0.00014974699297454208,0.00039359848597086966,0.0003934233100153506,0.0014238294679671526,0.00016132876044139266,0.01390240527689457,0.8974412679672241,0.0009299664525315166
IL_5192693,1.2208429325255565e-05,1.604112912900746e-05,0.00019719083502423018,0.016361471265554428,0.0004507751145865768,0.00012262277596164495,0.006111078429967165,0.21860156953334808,9.549015885568224e-06,0.9216830730438232,1.9903491192962974e-05
IL_5195971,0.015109418891370296,1.0,0.0001891993306344375,0.0003990005934610963,0.0010660833213478327,0.0004923207452520728,0.000610566174145788,0.00018850262858904898,4.219973925501108e-05,0.00017545507580507547,0.0003778373938985169
IL_5199215,1.1035270290449262e-05,1.6451309420517646e-05,0.002170093357563019,0.00046771930647082627,0.0004727151826955378,4.131912282900885e-05,0.003145730821415782,0.6721131801605225,0.6820794939994812,0.0014640417648479342,2.8983433367102407e-05
IL_5202722,0.008062456734478474,0.006377385929226875,0.004923928529024124,0.9864000082015991,0.005776624660938978,0.0008064255816861987,0.0028810533694922924,0.007260543759912252,0.0008086354937404394,0.013653572648763657,0.003511176211759448
IL_5227274,0.002971012843772769,0.5224664807319641,0.0008339602500200272,0.9318050742149353,0.001469456939958036,0.000483946583699435,0.0032147038727998734,0.0007943650707602501,7.199635001597926e-05,0.009704791009426117,0.002923578955233097
IL_5227787,0.07186886668205261,0.42084410786628723,0.0005976847605779767,0.002743192482739687,0.001764081884175539,0.006070021074265242,0.01120512280613184,0.00076862215064466,0.0018395651131868362,0.7442291378974915,0.016470585018396378
IL_5242598,0.7428643107414246,0.3445886969566345,0.0007087752455845475,0.00022169163275975734,0.002728900173678994,0.023003187030553818,0.0005874715861864388,0.004991830792278051,5.473533383337781e-05,0.11117611825466156,6.394038064172491e-05
IL_5308378,0.001345551572740078,0.001350069884210825,0.005033192224800587,0.0019003810593858361,0.000454222405096516,9.819112892728299e-05,0.006595892366021872,0.003505771281197667,0.999758780002594,0.0017176667461171746,0.00011239184823352844
IL_5330356,0.5164393186569214,0.4942513704299927,0.0032003240194171667,0.0332782045006752,0.024983810260891914,0.007961208000779152,0.009387679398059845,0.0031210763845592737,0.0017968015745282173,0.4066215455532074,0.0021183195058256388
IL_5334240,3.609646228142083e-05,6.41384904156439e-05,0.0400664284825325,0.00022822601022198796,0.9609372019767761,9.777888044482097e-05,0.0838463082909584,0.000286166527075693,0.47452837228775024,0.0008312541176564991,0.004061942920088768
IL_5360549,0.04744333401322365,0.0010460404446348548,0.0008029768359847367,1.5283516404451802e-05,0.0002276114682899788,0.0009264215477742255,0.0004772331449203193,0.0004527358105406165,0.0009654477471485734,0.9947863817214966,3.248596112825908e-05
IL_5383665,0.03308101370930672,0.9834915995597839,0.0005363438394851983,0.007380116265267134,0.000564404355827719,0.006533635314553976,0.0018269314896315336,0.00021686183754354715,0.0005222564213909209,0.12605376541614532,0.0004740252916235477
IL_5417792,0.002690378110855818,0.000683162419591099,0.017455555498600006,6.494512490462512e-05,0.0006460715085268021,0.02154705673456192,0.0020171229261904955,0.08185746520757675,0.9795482158660889,0.16344860196113586,0.0012168190442025661
IL_5419157,0.045479316264390945,0.9622270464897156,0.0012969650560989976,0.01264908630400896,0.001939223613590002,0.004972868133336306,0.0023062429390847683,0.0133123267441988,0.0018353776540607214,0.02459310181438923,4.602488479577005e-05
IL_5461503,3.3970723052334506e-06,0.24984881281852722,2.3090693503036164e-05,4.860819444729714e-06,0.00016656142543070018,0.00024664096417836845,0.0016623716801404953,7.054966408759356e-05,0.0001557175419293344,0.9895715713500977,4.509166046773316e-06
IL_5484022,0.0014825380640104413,0.9922756552696228,0.0011844548862427473,0.044292423874139786,0.0003211130970157683,0.008704657666385174,0.0030456564854830503,0.0006125172367319465,0.000695845577865839,0.013358641415834427,0.0005138712585903704
IL_5489843,7.224317960208282e-05,0.9999990463256836,0.00012126602086937055,0.000537702115252614,3.536710937623866e-05,0.0004783025069627911,0.00018718263891059905,9.5526353106834e-05,3.1989742410587496e-07,1.7326652596239e-05,6.136852607596666e-05
IL_5493219,0.00022718975378666073,5.034184141550213e-05,0.00042047721217386425,5.721808338421397e-05,0.00018483423627912998,0.011543825268745422,0.0008320608176290989,0.00015882766456343234,0.00026499395607970655,0.9999054670333862,2.6521382096689194e-05
IL_5512024,0.002820317167788744,0.003568572225049138,0.0018548170337453485,0.0015997079899534583,0.007517694029957056,0.002221840899437666,0.001162501866929233,0.0004212683707010001,0.004055246710777283,0.9626074433326721,4.819493551622145e-05
IL_5545711,9.99999993922529e-09,5.223857897362905e-07,1.0604133422020823e-05,1.0,2.307305919657665e-07,8.564588682702379e-08,3.509475391183514e-06,4.126035037188558e-06,1.9813954921232835e-08,1.3591403558166348e-07,1.5460396753042005e-05
IL_5552679,1.1661966681231206e-07,9.99999993922529e-09,3.632908556028269e-05,5.570862882109395e-08,0.000500369758810848,0.00023941688414197415,9.912039968185127e-05,0.0007075857138261199,3.65514206350781e-05,0.9999959468841553,9.412817689735675e-07
IL_5562172,0.00011693014675984159,0.9999983310699463,0.00015379230899270624,4.597408769768663e-05,0.00035232590744271874,0.00022325899044517428,0.0016106173861771822,0.00043390560313127935,8.135532880260143e-06,0.002554473467171192,0.00036028886097483337
IL_5584877,0.9848899245262146,0.08066271990537643,0.0007049334817565978,0.00022317704861052334,0.0066726189106702805,0.0001980451779672876,0.00010292422666680068,0.00025972913135774434,3.119191751466133e-05,4.682955113821663e-05,2.4656005734868813e-06
IL_5603161,0.010794645175337791,0.9013603925704956,0.02677917294204235,0.713988721370697,0.01887630857527256,0.00457675289362669,0.02349185198545456,0.020384592935442924,0.004364724736660719,0.017199721187353134,0.010677666403353214
IL_5609972,0.0041687157936394215,0.8405458331108093,0.0012265333207324147,0.004344301763921976,0.00027323458925820887,0.0022732552606612444,0.010028992779552937,0.01094513013958931,6.758025847375393e-05,0.26377153396606445,0.004332480952143669
IL_5632066,2.1796031433041207e-05,0.00019320286810398102,0.0018988982774317265,0.0001779221638571471,3.39270127369673e-06,4.467970575205982e-05,0.00152720941696316,0.00029405864188447595,0.9426757097244263,0.0023252922110259533,0.8294714093208313
IL_5671982,0.8131210207939148,0.5411415696144104,0.0001270081556867808,0.09199541807174683,0.0001206973975058645,0.0029696517158299685,0.0013969190185889602,0.042581863701343536,0.0005388413555920124,0.0043262033723294735,0.00193225615657866
IL_5695938,0.0015414488734677434,0.9948529601097107,0.01718456670641899,0.006148063112050295,0.04073658958077431,0.012954194098711014,0.015324899926781654,0.019511984661221504,0.001416993560269475,0.003297096583992243,0.0012029301142320037
IL_5698172,0.028171299025416374,0.05380425602197647,0.000571299868170172,0.010714187286794186,0.0005026207654736936,0.07795499265193939,0.004232395440340042,0.7698890566825867,0.0014034429332241416,0.0006641863728873432,0.0009185347589664161
IL_5712655,0.049964018166065216,0.23259323835372925,0.000572968041524291,0.37236717343330383,0.0037573056761175394,0.012225816026329994,0.003762678010389209,0.0009148167446255684,0.001171191455796361,0.5443678498268127,0.0031943197827786207
IL_5746899,0.00037511196569539607,0.10532990843057632,0.0003294568741694093,0.00022554748284164816,0.0006055794074200094,0.00030037228134460747,0.0020446458365768194,0.02243504486978054,7.039180218271213e-06,0.972383439540863,9.47318912949413e-05
IL_5770284,0.00034709504689089954,9.31827089516446e-05,3.7778052501380444e-05,3.447759081609547e-05,3.158427352900617e-05,1.6016150766517967e-05,0.00015088602958712727,8.754482223594096e-06,0.9999990463256836,0.0003338887181598693,3.358974208822474e-05
IL_5841112,2.8368049242999405e-05,8.624931979284156e-06,0.00011958534742007032,1.329865085608617e-06,1.715689904813189e-05,3.354938144184416e-06,0.00046509355888701975,1.5610719117375993e-07,1.0,0.0002699893666431308,1.939157118613366e-05
IL_5873278,0.001337069901637733,0.9991264939308167,0.03930984437465668,0.03835701569914818,0.001891084248200059,0.03472314774990082,0.019516123458743095,0.0018133691046386957,0.00015562224143650383,0.0004444072546903044,0.005727212410420179
IL_5886154,0.9516692757606506,0.09009295701980591,0.000961083744186908,0.03936795890331268,0.0004403885395731777,0.0002460842952132225,0.009163840673863888,0.0003378687833901495,0.0006587404641322792,6.430273788282648e-05,0.002280185231938958
IL_5891440,9.134362335316837e-05,0.00011039526725653559,9.384311852045357e-05,0.0009783020941540599,7.683620060561225e-05,0.0010877646273002028,0.0020765855442732573,0.021100027486681938,1.3632684385811444e-05,0.9863318204879761,4.631503179552965e-05
IL_5907718,0.7427423596382141,0.0017971795750781894,8.91893869265914e-05,0.0023705402854830027,0.00015962384350132197,0.00313736405223608,0.0032937258947640657,0.00013833703997079283,0.000787565775681287,0.13293838500976562,0.0006931557436473668
IL_5913331,0.0019169353181496263,0.9752105474472046,0.0028196051716804504,0.02823926880955696,0.003300165757536888,0.0381757989525795,0.0004336410202085972,0.07159276306629181,3.855863542412408e-05,0.0008212818065658212,0.0008269798709079623
IL_5917748,4.953295865561813e-05,0.8301247358322144,0.005526939406991005,0.5538379549980164,0.0020114656072109938,0.0015121763572096825,0.008183264173567295,0.0006957255536690354,0.006393583491444588,0.00027776521164923906,5.285904626362026e-05
IL_5924119,0.0003033910761587322,0.0003838437842205167,0.0061461725272238255,0.0013527830597013235,0.008101746439933777,0.0002865495625883341,0.01279204897582531,0.011006208136677742,0.9998155236244202,0.0012078661238774657,0.003827056847512722
IL_5926691,0.01276600081473589,0.09578532725572586,0.029180128127336502,0.03090357594192028,0.1799066662788391,0.37267643213272095,0.034719742834568024,0.10007596015930176,0.8981856107711792,0.045334912836551666,0.0036327922716736794
IL_5932158,0.0001270471402676776,0.17376583814620972,2.3076516299624927e-05,0.0004941925290040672,0.0015910365618765354,0.46893396973609924,0.0002797611814457923,0.00026878787321038544,0.024615183472633362,0.3181978464126587,0.03135356679558754
IL_5978307,0.0019123043166473508,7.484616071451455e-05,0.0006827706238254905,0.00022204744163900614,0.00032755619031377137,0.0002637005236465484,0.0030969881918281317,0.0002753691514953971,0.9999758005142212,0.007736720144748688,0.00017255955026485026
IL_6000978,0.09399249404668808,0.9900696873664856,0.00030437318491749465,0.002379006240516901,0.001112529425881803,0.0037364442832767963,0.001423700712621212,0.002351040719076991,0.0018530895467847586,0.04033961892127991,0.0004688544722739607
IL_6012528,0.0002016099460888654,0.000246574665652588,0.00022561801597476006,0.00011504982103360817,0.0009944584453478456,0.0015392107889056206,0.006213852670043707,0.0014658482978120446,0.0011661257594823837,0.9999264478683472,0.001046559656970203
IL_6031916,0.002239877823740244,0.8220399022102356,0.00013710209168493748,0.00017576200480107218,0.0007033816073089838,0.9106191396713257,0.001241631805896759,0.0007511774892918766,7.54341226638644e-06,0.011473365128040314,6.892187229823321e-05
IL_6046824,0.0005889721214771271,0.9988076686859131,0.00887008011341095,0.00027906562900170684,0.0025813777465373278,0.00043866568012163043,0.006385739427059889,0.0031155371107161045,0.00014757340250071138,0.001900675822980702,7.227280730148777e-05
IL_6051806,6.895750266266987e-05,0.08002150803804398,0.00020716679864563048,0.8628963232040405,0.00020880759984720498,0.0005641055759042501,0.00018966406059917063,0.007852574810385704,0.008206261321902275,0.0008508291211910546,0.00952825229614973
IL_6066131,0.019342090934515,0.535542905330658,0.0008417106000706553,0.0023826314136385918,0.0009565915097482502,0.0011218542931601405,0.002940194681286812,0.0006325641879811883,3.5333465348230675e-05,0.6334313154220581,0.00014306235243566334
IL_6070882,0.062123898416757584,0.9179055690765381,0.0036241882480680943,0.0036221519112586975,0.0004862665373366326,0.02985801175236702,0.010389397852122784,0.0020474614575505257,0.001220107078552246,0.040611397475004196,9.54369388637133e-05
IL_6075447,0.0034732362255454063,0.9979426264762878,0.0005946476594544947,0.01817471906542778,0.001453182427212596,0.002611543284729123,0.0025110729038715363,0.001780095393769443,0.003354251617565751,0.0019814283587038517,0.00035807015956379473
IL_6099493,0.00023856217740103602,0.999976396560669,0.00045527267502620816,0.0008932446944527328,0.0025931710842996836,0.0013360177399590611,0.001250893110409379,0.0009149648831225932,0.0007424339419230819,0.00013605994172394276,0.0007132680038921535
IL_6099858,0.011676565743982792,0.9786795377731323,0.0042363000102341175,0.20999333262443542,0.005865082610398531,0.0059384871274232864,0.03060063347220421,0.001756330020725727,0.002656991360709071,0.022541925311088562,0.0022282262798398733
IL_6129083,0.0014522471465170383,0.011425375938415527,0.019294194877147675,0.016692543402314186,0.012647622264921665,0.09353549033403397,0.005407735239714384,0.0011428430443629622,0.97227942943573,0.0030582835897803307,0.10775091499090195
IL_6163594,0.9839838743209839,0.043232083320617676,0.0016432669945061207,0.002833851147443056,0.01992659457027912,0.0015234352322295308,0.0028213488403707743,0.0003271676250733435,0.00029622981674037874,0.0017301890766248107,3.2421368814539164e-05
IL_6164735,0.04203474521636963,0.0328073725104332,0.004620905965566635,0.408112496137619,0.002860400825738907,0.004987122491002083,0.039647724479436874,0.004295692313462496,0.31726211309432983,0.37878045439720154,0.04103291034698486
IL_6191818,0.7958792448043823,0.3628237247467041,0.0017986968159675598,0.010860391892492771,0.0014509899774566293,0.003302321769297123,0.003749873023480177,0.0005902753910049796,0.0004474192683119327,0.061017103493213654,0.0025632178876549006
IL_6197538,0.004972200375050306,0.0017260629683732986,0.0001391679106745869,0.0007782313623465598,0.00024081318406388164,0.031078502535820007,0.0011449875310063362,0.03886615112423897,0.0025959748309105635,0.938878059387207,0.0007658561808057129
IL_6214063,0.1497115194797516,0.02126164361834526,0.0013720387360081077,0.1757643222808838,0.002387467073276639,0.005795587785542011,0.006541573442518711,0.002045605331659317,0.0004086961562279612,0.5405425429344177,0.0001652057544561103
IL_6247837,0.00021862109133508056,0.9971843361854553,0.004118408542126417,0.0013310594949871302,0.0003357240930199623,0.00012110724492231384,0.0009162342175841331,0.00022910356346983463,2.0997549654566683e-05,0.0010342459427192807,2.3907405193313025e-05
IL_6254530,0.0001028880215017125,0.10197459161281586,0.0007296805852092803,8.302893547806889e-05,0.0014977168757468462,0.0025915303267538548,0.001524356659501791,0.9702569842338562,0.0015909001231193542,0.00041733565740287304,0.00018467922927811742
IL_6298296,0.0024034243542701006,0.002954995958134532,0.008582981303334236,0.002596541540697217,0.8633506298065186,0.23048701882362366,0.00986546277999878,0.03513672947883606,0.0003759564715437591,0.08125651627779007,0.021036654710769653
IL_6311333,0.002855746541172266,0.9951262474060059,0.0071167172864079475,0.00481765391305089,0.00420181080698967,0.018639538437128067,0.003836881136521697,0.007200257852673531,0.01300032064318657,0.01153011154383421,0.0075408113189041615
IL_6364048,4.6111114215818816e-07,0.0005805148393847048,1.6394191334256902e-05,4.300133514334448e-05,2.560958091635257e-05,0.0001702773297438398,0.0034838663414120674,5.176631748327054e-05,0.9999730587005615,5.787882400909439e-05,0.0002576452970970422
IL_6375582,9.895248513203114e-05,1.0,2.3985416191862896e-05,1.674855411692988e-05,6.307923467829823e-05,0.00032037979690358043,0.00031764322193339467,1.3106842743582092e-05,3.358721369295381e-05,4.743298632092774e-05,0.0008526523597538471
IL_6379178,6.704400675516808e-06,0.09124677628278732,0.004705158062279224,0.7999942898750305,0.0022309208288788795,0.0005367822013795376,0.018809566274285316,0.00669486727565527,0.0018708095885813236,0.002577075967565179,0.00137230078689754
IL_6379354,0.8944321274757385,2.885124786189408e-06,0.001110668876208365,0.00016471404524054378,1.722030356177129e-05,0.0005380051443353295,2.6153327780775726e-05,4.5730877900496125e-05,0.0017074764473363757,5.005699676985387e-06,1.9540773621429253e-07
IL_6430602,0.0005779818166047335,0.9936548471450806,0.0008036998333409429,0.00021819629182573408,0.0006786097073927522,0.005674614571034908,0.0011694489512592554,0.007320002652704716,0.0005000255187042058,0.03101775050163269,0.0007268157205544412
IL_6444875,0.00035814152215607464,0.7077723145484924,0.0003707306750584394,0.9230420589447021,0.0024020038545131683,0.00029334123246371746,0.004093021620064974,0.004414958413690329,0.0008978713303804398,0.0028774777892977,0.0022582244127988815
IL_6483133,0.000940005702432245,0.0002554590464569628,0.003472983604297042,0.002746673533692956,0.01614541746675968,0.0006789072649553418,0.02044711634516716,0.824048638343811,0.7214623093605042,0.002278593135997653,0.001332477550022304
IL_6492206,0.7388619184494019,0.51250821352005,0.0016196959186345339,0.009093184024095535,0.0011112361680716276,0.030103448778390884,0.0027077621780335903,0.003560928162187338,0.013491204008460045,0.009423558600246906,0.0035458309575915337
IL_6495967,0.24083581566810608,0.0007327588391490281,0.0008893284248188138,0.002330681076273322,0.0008031707839109004,0.004188420716673136,0.003190436866134405,0.00048186370986513793,0.003622607560828328,0.9966474175453186,0.0016151329036802053
IL_6516078,1.6098624655569438e-06,2.532236749175354e-06,1.7226971976924688e-05,8.666305802762508e-06,0.00019301135034766048,0.0007909784908406436,0.0010835375869646668,0.00036620793980546296,0.00043573169386945665,0.999988317489624,0.0012982089538127184
IL_6579859,0.0010530248982831836,0.0021173611748963594,0.0029264423064887524,0.00020881716045551002,0.0003745552385225892,0.00021055294200778008,0.0292479507625103,0.01153145357966423,0.9995005130767822,0.0014495087089017034,0.00023472278553526849
IL_6580455,0.0005177655257284641,1.0,3.695239865919575e-05,5.6051761930575594e-05,0.0027098876889795065,0.00020312404376454651,0.0010964344255626202,0.00015287761925719678,3.55914608007879e-07,3.4586922993185e-05,0.0016940805362537503
IL_6580650,0.0002192933316109702,0.0019670226611196995,0.003304686164483428,7.541587547166273e-05,6.73831527819857e-05,0.0002848444564733654,0.0038016866892576218,0.002643399406224489,0.9998586177825928,0.0002077673707390204,0.0005474644131027162
IL_6601787,5.6486347602913156e-05,0.9998248219490051,0.0005025769351050258,0.0001866518723545596,0.0027968839276582003,5.3478321206057444e-05,0.004790949635207653,0.025729918852448463,1.35337568281102e-05,0.005921905394643545,0.002117462921887636
IL_6603212,0.9973439574241638,0.0004591408942360431,0.0006093833362683654,0.017510009929537773,0.0030904763843864202,0.0016283923760056496,0.0002918104000855237,0.0008837083005346358,0.007892812602221966,0.004657125100493431,1.1467783224361483e-05
IL_6607523,0.08142176270484924,0.5593094825744629,0.0223087128251791,0.010351398959755898,0.030385542660951614,0.8303166031837463,0.025764644145965576,0.008558480069041252,0.00384225370362401,0.011855293065309525,0.00048447324661538005
IL_6614720,0.00015243105008266866,0.9999761581420898,0.0003098769811913371,0.0019875357393175364,0.00045587419299408793,0.0012854291126132011,0.004164622165262699,0.00016680364205967635,0.00011087708844570443,0.0009417590918019414,0.005872037261724472
IL_6615378,0.14746597409248352,0.8926810026168823,0.0002098026598105207,0.16517964005470276,0.0030772648751735687,0.000863340450450778,0.0019109323620796204,0.0003858132113236934,0.006766404025256634,0.001310268067754805,0.0013807951472699642
IL_6619207,0.0002484713913872838,0.9999998807907104,0.0012701977975666523,0.00029420890496112406,8.860936213750392e-05,0.000864486675709486,0.0014953200006857514,7.505206303903833e-05,1.3119698451191653e-05,2.7173042326467112e-05,0.0029551393818110228
IL_6671454,0.0005662337061949074,8.053910278249532e-05,0.00041066098492592573,0.00013082280929666013,0.0005779496277682483,0.0005574548267759383,0.0009004016174003482,0.0002550056669861078,0.0001310967782046646,0.9998509883880615,6.829392805229872e-05
IL_6691109,5.376852277549915e-05,0.00023267438518814743,0.0010822491021826863,0.0025715455412864685,0.008280430920422077,0.0011684475466609001,0.0018017352558672428,0.0006714246701449156,0.0006044746260158718,0.9994319081306458,0.002011073986068368
IL_6705688,1.1728115168807562e-05,0.9999988079071045,0.0001811057882150635,2.5243733034585603e-05,2.198441325163003e-05,8.117443940136582e-05,0.0003134478465653956,0.000318271282594651,9.331787441624328e-05,0.00014939245011191815,0.00011468890443211421
IL_6720101,0.0003104826027993113,0.2235407680273056,0.0004353387048467994,5.6981654779519886e-05,0.000572281947825104,0.0004531735903583467,0.0018398400861769915,0.001173375640064478,7.240581180667505e-05,0.9908069968223572,0.0006181632052175701
IL_6730800,3.763458153116517e-05,0.9999921321868896,3.492562973406166e-05,2.214445521531161e-05,4.049852941534482e-05,0.00017474847845733166,0.0015638809418305755,1.7858979845186695e-05,6.128841505415039e-06,0.0001166605215985328,0.0003705799754243344
IL_6785749,0.09035813808441162,0.03588065505027771,0.0022794301621615887,0.4039584696292877,0.001642366754822433,0.0044393716380000114,0.02282070182263851,0.011809124611318111,0.00046057230792939663,0.15495994687080383,0.022770028561353683
IL_6799756,0.002781294984742999,0.9999877214431763,6.214607128640637e-05,5.953057188889943e-05,0.00015834259102120996,0.00040406527114100754,0.0017698185984045267,7.489534618798643e-05,1.0459226359671447e-05,0.005382496863603592,0.0028010241221636534
IL_6928115,0.00021153976558707654,0.021948453038930893,0.012009608559310436,0.0978994369506836,0.005937257315963507,0.0808316245675087,0.00608493248000741,0.006499172188341618,0.002568479860201478,0.863657534122467,0.0019932191353291273
IL_6943589,3.746605727883434e-07,0.0019504227675497532,1.486160635977285e-05,8.256597539002541e-06,0.00010193372145295143,0.0007396744331344962,0.0011116665555164218,5.666476863552816e-05,5.2364148359629326e-06,0.9997273087501526,0.0015546341892331839
IL_6964671,0.21955403685569763,0.029368914663791656,0.0005083335563540459,0.0014523828867822886,0.001539812539704144,0.002701359800994396,0.0028287165332585573,0.001517589553259313,0.005437606479972601,0.9566222429275513,0.0019319674465805292
IL_7115582,0.0004946108092553914,0.4553070366382599,0.0032825227826833725,0.0002790783764794469,0.642241358757019,0.0005295726004987955,0.010012379847466946,0.04847399517893791,0.00021246596588753164,0.0004365443019196391,0.00024410849437117577
IL_7148487,6.998844241934421e-07,1.0,2.7218925424676854e-06,5.0361393277853495e-08,1.677326963545056e-06,2.6855965188588016e-05,9.012358350446448e-05,6.974564570327857e-08,3.0697407282787026e-08,7.575815175187017e-07,3.5756127090280643e-06
IL_7214473,0.0012095136335119605,0.007507368456572294,0.0009342688717879355,0.002482558833435178,0.9912534356117249,0.0013739484129473567,0.007135231979191303,0.0002672312257345766,0.006075183395296335,0.05027184262871742,0.002152476692572236
IL_7218860,0.0009514335542917252,0.0003594694135244936,0.0006131860427558422,0.00010621869296301156,0.0005493102944456041,0.002238541841506958,0.01793976128101349,0.9917417764663696,0.04780469462275505,0.0025895230937749147,0.0006495784036815166
IL_7220515,3.514225682010874e-05,0.9999444484710693,2.706506711547263e-05,0.007546130567789078,5.183221219340339e-05,0.0002584032481536269,0.0006820818525739014,0.00011335634189890698,2.5206087229889818e-05,0.0005267845117487013,0.00011889779125340283
IL_7336116,0.000773013976868242,4.436535164131783e-05,0.0014198904391378164,1.5234972124744672e-05,0.0024723242968320847,0.00019646513101179153,0.007375112269073725,0.00016474310541525483,0.9999918937683105,0.0007962642703205347,0.0006154501461423934
IL_7352985,0.00019203331612516195,0.9999878406524658,0.0011158256093040109,0.0005586569895967841,0.002058160724118352,0.0007781467866152525,0.004566449671983719,0.0066830432042479515,1.989318843698129e-05,0.0004751166270580143,0.001742090447805822
IL_7359666,0.39306169748306274,0.0007174904458224773,0.00032271238160319626,0.14951471984386444,0.0009184749214909971,0.014844216406345367,0.002885253867134452,0.0010668534087017179,0.0001765576598700136,0.6287115812301636,0.0007601935067214072
IL_7360646,0.001463408931158483,0.5644521713256836,0.0013081271899864078,0.0038753061089664698,0.003019426017999649,0.13019675016403198,0.017004476860165596,0.05228973552584648,4.238765177433379e-05,0.17048843204975128,0.0011438869405537844
IL_7392612,0.0001706648472463712,0.9999783039093018,0.0005798805505037308,0.00785871408879757,0.00026680121663957834,0.002743613673374057,0.0005046484875492752,0.000530517369043082,0.0008237819420173764,0.0003145572845824063,0.002334337215870619
IL_7432503,0.0003015067195519805,3.6344645195640624e-05,0.0008393819443881512,0.0003563300706446171,0.00042900186963379383,0.00044355489080771804,0.010497760027647018,0.00033353178878314793,0.9999970197677612,0.00038857251638546586,0.00013362333993427455
IL_7433595,0.0013873118441551924,0.07498226314783096,0.0005171230877749622,0.19860751926898956,0.016788937151432037,0.003011326538398862,0.006756736431270838,0.0024641836062073708,0.830525815486908,0.0009834629017859697,0.006754611618816853
IL_7436788,8.87526257429272e-05,0.00047187847667373717,2.6337012968724594e-05,0.004062924534082413,1.224466905114241e-05,0.0012880542781203985,1.5481880836887285e-05,0.0002580411091912538,8.2543701864779e-06,0.8116450309753418,9.3225906312e-05
IL_7451087,0.7733390927314758,0.038337986916303635,0.0011412568856030703,0.0021684151142835617,0.0030502656009048223,0.0018159006722271442,0.011892800219357014,0.003317618742585182,0.00013398863666225225,0.886186420917511,0.003448072588071227
IL_7452804,0.5277095437049866,0.0009493758552707732,0.0002667638473212719,0.9373161196708679,0.00022478256141766906,0.0004441607743501663,0.003386537078768015,0.0003635838511399925,0.00011225571506656706,0.0010296400869265199,0.0003792871139012277
IL_7462703,8.448992593912408e-05,0.9997438788414001,9.45258725550957e-05,0.016772910952568054,0.0023685225751250982,0.0005414952174760401,0.013033290393650532,0.0004216624947730452,0.00019434784189797938,3.577153620426543e-05,0.0009622506913729012
IL_7464129,5.764285015175119e-05,2.024672085099155e-06,8.864680421538651e-05,3.7744025576103013e-06,2.6743229682324454e-05,3.6984745293011656e-06,0.0015225729439407587,1.2770497960445937e-05,1.0,5.872276960872114e-05,7.963219104567543e-06
IL_7475868,1.0006838238041382e-05,1.0,0.000850606185849756,6.590481120838376e-07,3.743877459783107e-05,7.032082794466987e-05,0.0005330575513653457,1.3078326446702704e-05,1.5334673662437126e-05,6.022630259394646e-06,0.0010581223759800196
IL_7505442,0.13862882554531097,0.7874164581298828,0.001341204042546451,0.0015445607714354992,0.0013835059944540262,0.0018880139105021954,0.02810540795326233,0.002075283555313945,0.0031130309216678143,0.48011699318885803,0.001742023159749806
IL_7512996,9.588171815266833e-05,2.585566653579008e-05,0.0003123539499938488,0.00017028608999680728,0.0011763019720092416,0.00016642632544972003,0.000761536241043359,0.00041284295730292797,2.4596949515398592e-05,0.9996479749679565,3.185202513122931e-05
IL_7557824,0.00045519546256400645,0.05153151601552963,0.05867899954319,0.007605333346873522,0.0032685319893062115,0.11290434002876282,0.003762331558391452,0.010526871308684349,0.004016289487481117,0.9314263463020325,0.001249700435437262
IL_7559500,0.0007234655204229057,2.676381882338319e-05,0.0004954325268045068,0.9958608746528625,0.0004512265441007912,9.1161833552178e-05,0.0015457614790648222,5.643093118123943e-06,0.0013086387189105153,3.442505840212107e-05,0.00010503189696464688
IL_7580080,0.0006393989315256476,0.000907062494661659,0.0028769196942448616,0.0006159768672659993,0.03394690528512001,0.0020226517226547003,0.004846223164349794,0.7798255085945129,0.6688700318336487,0.0019563166424632072,0.001817513955757022
IL_7604960,0.9203057289123535,0.021033665165305138,0.009498956613242626,0.05575355142354965,0.0028835341800004244,0.001429398194886744,0.0029050824232399464,0.030539032071828842,0.0012377416715025902,0.00438145874068141,0.00027928812778554857
IL_7612830,6.165095692267641e-05,0.9999690055847168,2.9667791750398465e-05,5.505452918441733e-06,1.1385335710656364e-05,7.715029641985893e-05,0.00012800928379874676,1.4349486264109146e-05,6.395720993168652e-05,0.008246523328125477,3.4941422200063244e-05
IL_7636226,0.1597142070531845,0.023324109613895416,0.0008423476247116923,0.562127947807312,0.00022622010146733373,0.00013432238483801484,0.001018822193145752,0.05276275798678398,2.389067958574742e-05,0.00038436189061030746,0.0006983415223658085
IL_7640681,0.011840444058179855,0.7851895689964294,9.410748316440731e-05,0.030389321967959404,0.0006803435971960425,0.0007663921569474041,0.0014099717373028398,0.0005789582501165569,2.9583712603198364e-05,0.0008636530837975442,0.00010040331835625693
IL_7667532,1.06013771983271e-06,1.0,7.918025403341744e-06,1.1755214757158683e-07,2.8221045795362443e-05,0.0013395987916737795,4.7956218622857705e-05,6.207294518389972e-07,6.096780111874978e-07,8.76169724506326e-06,2.8899446988361888e-05
IL_7720827,2.3431821318808943e-05,7.105447821231792e-07,0.0001731482770992443,1.258875727216946e-05,0.10480698943138123,0.0046637654304504395,0.0003924428310710937,1.231253827427281e-05,0.00029277909197844565,0.002706581726670265,0.48591741919517517
IL_7744265,0.0007032790454104543,1.0,7.026807725196704e-05,0.0001437786704627797,0.0003706207498908043,0.0024194931611418724,0.0013952087610960007,6.929871597094461e-05,2.7049741220253054e-06,9.215070167556405e-05,0.0005559219280257821
IL_7750228,0.3989175856113434,0.9836121201515198,0.0002640567545313388,0.004043592605739832,0.00328715774230659,0.00343584013171494,0.01795075461268425,0.00036283020745031536,0.0003141449124086648,0.005127351731061935,0.0030186136718839407
IL_7772384,1.0737134289229289e-05,3.189500421285629e-05,7.826245564501733e-05,0.0003220067301299423,0.00020301541371736676,5.068341488367878e-05,0.0005276186857372522,0.00015940603043418378,3.723958434420638e-05,0.9999864101409912,0.0002992906083818525
IL_7777526,0.003415772458538413,0.027185853570699692,0.0014594162348657846,0.0173114575445652,0.0022599203512072563,0.008687509223818779,0.006280550733208656,0.9563535451889038,0.030613476410508156,0.004433497786521912,0.012795457616448402
IL_7780812,0.01575150340795517,0.9842632412910461,0.00025051424745470285,0.007999281398952007,0.0060786716639995575,0.013835839927196503,0.0015334119088947773,0.0009464437607675791,0.00022257992532104254,0.0371517576277256,0.00027395662618801
IL_7814962,9.071810382010881e-06,0.9997181296348572,2.6333998903282918e-05,7.844238280085847e-05,0.0006921414751559496,0.03668155521154404,0.004317351616919041,1.8605131799631636e-06,5.003980731999036e-06,0.0046905698254704475,0.021860968321561813
IL_7839360,7.204092253232375e-05,0.012981525622308254,0.00011494543286971748,0.005190623924136162,1.5232964187816833e-06,1.1373572306183632e-05,0.009151301346719265,0.003008448053151369,1.0287551049259491e-05,0.020992059260606766,0.998404324054718
IL_7845741,7.820108294254169e-06,1.0,1.3089855201542377e-05,6.965623811083788e-07,7.856003321649041e-06,0.0004531032172963023,6.194337038323283e-05,2.4649189072079025e-06,1.509549036882163e-07,3.704771529555728e-07,2.865610076696612e-05
IL_7858220,4.410468648075039e-07,1.0,5.427910309663275e-06,3.075989525314071e-07,0.0003303539124317467,0.0012866711476817727,0.011090596206486225,1.1881174799555083e-07,9.99999993922529e-09,4.43805021177468e-07,7.556128548458219e-05
IL_7877903,8.667909241921734e-06,1.4478354387392756e-05,0.004898260347545147,0.9994392991065979,0.00027814999339170754,1.9654829884530045e-05,0.0005209066439419985,0.0005508305039256811,0.0030751798767596483,1.4331365491671022e-05,0.0002632538671605289
IL_7896836,0.0929841622710228,0.20561583340168,0.001203592517413199,0.2651054561138153,0.006032210309058428,0.004768804181367159,0.006124905776232481,0.0013954651076346636,0.00041593602509237826,0.3222559094429016,0.0015427139587700367
IL_7914681,3.366476221344783e-06,4.11988548876252e-06,0.0005063508870080113,1.503988301010395e-06,0.0002522261638659984,0.00019242260896135122,0.019259029999375343,0.02876250445842743,0.0006141182966530323,0.999958872795105,3.0216733648558147e-05
IL_7917684,0.001065606134943664,0.02367156371474266,0.0019024451030418277,0.8133551478385925,0.0014076774241402745,0.0032758163288235664,0.004278171807527542,0.34440237283706665,0.0014414238976314664,0.00040409533539786935,0.00039257248863577843
IL_7919145,0.015489963814616203,0.9993202686309814,0.0030710191931575537,6.327781738946214e-05,0.00023085842258296907,0.04270120710134506,0.0011142693692818284,5.89804258197546e-05,0.0003289594314992428,0.00033645748044364154,0.0015699684154242277
IL_7944285,0.004740644246339798,0.0004649018810596317,0.0013928799889981747,0.8242185711860657,0.0004190382605884224,0.004656245931982994,0.00791680533438921,0.0005500765983015299,0.9731320142745972,0.0014013154432177544,0.00018387552700005472
IL_7945525,0.0009877561824396253,0.0039032618515193462,0.009702188894152641,0.05942784249782562,0.002730797976255417,0.7879998683929443,0.020655043423175812,0.0020923155825585127,4.1368562960997224e-05,0.0034679851960390806,2.9912728223280283e-06
IL_7955621,2.083975232380908e-05,1.0,0.00020226632477715611,1.1807502232841216e-05,0.0001597263035364449,0.001339319976978004,0.00030791445169597864,2.3756725568091497e-05,6.881917897771928e-07,2.3425831386703067e-05,0.001204249681904912
IL_7983237,3.3193296985700727e-05,0.0032407098915427923,0.0011545725865289569,0.0008429751615040004,8.873926162777934e-06,1.109653112507658e-05,0.0036238266620785,0.004853855352848768,0.6244959235191345,0.0006482892204076052,0.8642235398292542
IL_7988157,0.004419529810547829,0.04322904348373413,0.006445231847465038,0.00811229832470417,0.003956626635044813,0.011712930165231228,0.014588993974030018,0.0017037399811670184,0.986440122127533,0.0009031352237798274,0.006448609754443169
IL_8041132,0.0016705141169950366,0.003457682905718684,0.002296628663316369,0.9995083808898926,0.0005134252714924514,0.0008277288288809359,0.004024218767881393,0.0026605280581861734,0.00014754553558304906,0.0009291672031395137,0.004782996606081724
IL_8073225,0.00011740288027795032,0.09077022969722748,0.0002335768222110346,5.357121699489653e-05,0.0004053186858072877,0.0008684268686920404,0.0018588417442515492,0.000286143331322819,9.582221537129954e-05,0.9976473450660706,0.0012827836908400059
IL_8136561,0.0009484979091212153,0.0014635015977546573,3.357533205416985e-05,3.883185399899958e-06,2.8383583412505686e-05,9.237883932655677e-05,0.002230436773970723,0.00011908329906873405,4.6810218918835744e-05,0.9983021020889282,0.00021730807202402502
IL_8138997,0.00017288794333580881,0.995171844959259,0.003706027287989855,0.027467060834169388,0.06983659416437149,0.0005516486125998199,0.0019446930382400751,0.001490033813752234,0.00019241544941905886,0.001331013860180974,0.0004853318096138537
IL_8139746,1.0300548638042528e-05,0.9999985694885254,0.0003486886853352189,2.9673536118934862e-05,0.00013105117250233889,0.0007775364210829139,0.00015943385369610041,0.0019914526492357254,4.923461801809026e-06,8.177274867193773e-05,0.00028266775188967586
IL_8183381,0.01358391996473074,0.0800187885761261,0.0015180397313088179,0.7041845321655273,0.00031793100060895085,0.0012504362966865301,0.004381679464131594,0.00020272296387702227,0.0005715537117794156,0.04988842085003853,0.011873180978000164
IL_8191336,2.3431372028426267e-05,0.9999955892562866,0.0006200773641467094,0.002170600462704897,0.00012410565977916121,0.0025151418522000313,0.001102130743674934,0.0002599947329144925,6.744031452399213e-06,0.00014972871576901525,0.00022740908025298268
IL_8258340,0.001730839954689145,4.710253051598556e-06,0.0003057360590901226,0.002614950994029641,0.0005984209128655493,0.0007557260687462986,0.0022643976844847202,0.00019698846153914928,4.03112280764617e-05,0.9991896748542786,3.791816925513558e-05
IL_8288616,0.9945834279060364,1.1964264558628201e-05,0.0009483930189162493,0.00359844951890409,0.00011215203267056495,0.0004619678948074579,0.0005147188203409314,8.058350067585707e-05,0.00020075900829397142,0.004071806091815233,1.2328282537055202e-05
IL_8295267,0.1382061094045639,0.034811317920684814,0.0006200767820701003,0.002680646488443017,0.004137611016631126,0.01982332207262516,0.008612420409917831,0.0011163076851516962,0.007294676266610622,0.9892870187759399,0.005123111419379711
IL_8342281,0.0008569068158976734,0.5714026093482971,0.02104882523417473,0.045959990471601486,0.1563166081905365,0.001103345537558198,0.0061428057961165905,0.004031158518046141,6.686540928058093e-06,0.013808020390570164,3.165199450450018e-05
IL_8371338,0.03671322017908096,0.0005992091028019786,0.00012118452286813408,0.00038544912240467966,0.00031542187207378447,0.0023539247922599316,0.00208151713013649,0.00020374220912344754,0.000439564639236778,0.9976108074188232,0.00030473063816316426
IL_8415316,0.0003332101332489401,0.5062442421913147,0.00018604579963721335,3.667366036097519e-05,0.0027202204801142216,0.0006317364168353379,0.06361579149961472,5.4827331041451544e-05,1.159844578069169e-05,0.0023770153056830168,0.020799841731786728
IL_8416177,0.0021820685360580683,0.7404950261116028,0.005622589960694313,0.06178111210465431,0.2637805938720703,0.008351800963282585,0.024382252246141434,0.03642488270998001,0.0027381577529013157,0.000896313926205039,0.0009098236914724112
IL_8416753,1.0356318853155244e-05,0.9999659061431885,0.00018557789735496044,2.653134652064182e-05,0.00016453243733849376,0.026600811630487442,0.00044807547237724066,0.001635149004869163,1.4503742704619071e-06,2.7493237212183885e-05,3.125605144305155e-05
IL_8449784,7.885495142545551e-05,0.9992778897285461,0.0011847909772768617,0.011390200816094875,0.0193078201264143,0.0005794186727143824,0.0025848830118775368,0.004174287896603346,0.00015739919035695493,0.02680382691323757,0.0019792779348790646
IL_8456893,0.994412362575531,3.982204361818731e-05,0.001658635912463069,0.011251354590058327,0.0006406890461221337,0.0036089143250137568,0.0010752887465059757,0.04423386976122856,4.768246799358167e-05,0.0017191210063174367,7.37401278456673e-05
IL_8510989,0.01452967245131731,0.9982441663742065,0.001339887734502554,0.011716424487531185,0.0002119821438100189,0.008459838107228279,0.005518177058547735,0.0004810908285435289,0.00022275655646808445,0.0026297536678612232,0.003764237044379115
IL_8524892,0.9996552467346191,0.002874261699616909,0.00021336671488825232,0.017465773969888687,0.00037070203688926995,0.0011979795526713133,0.00019647505541797727,1.4222824574972037e-05,2.39328874158673e-05,8.987796172732487e-05,1.0550198567216285e-05
IL_8562073,0.013799991458654404,0.012854643166065216,2.574170139268972e-06,9.189148840960115e-05,0.0033877769019454718,0.0008516142261214554,0.004820279311388731,0.004887406714260578,0.028984414413571358,0.0007376337889581919,0.815526008605957
IL_8576492,7.505872054025531e-05,0.0002029145834967494,0.0003071032406296581,1.4594829735870007e-05,0.00018151324184145778,0.004754252266138792,0.0008724852232262492,0.00017578295955900103,0.00011705466022249311,0.9999915361404419,0.0003561544872354716
IL_8579370,2.0183015294605866e-05,0.00027763337129727006,0.0030707623809576035,0.9753158688545227,0.007739535998553038,0.0012612862046808004,0.0030196858569979668,0.0013001026818528771,0.0024319952353835106,0.03454335406422615,0.0018068839563056827
IL_8580922,0.0647704154253006,0.8633396029472351,0.00022026145597919822,0.031350646167993546,0.029785720631480217,0.002268074080348015,0.0014530759071931243,0.0016565999248996377,6.713230686727911e-05,0.008195382542908192,0.00016413582488894463
IL_8587951,0.00025610896409489214,0.0010542223462834954,0.00017176715482492,0.9996821880340576,0.00016816843708511442,0.00019173053442500532,0.0007146339048631489,0.0003602881624829024,3.0000641345395707e-05,3.0868537578498945e-05,0.00012197728210594505
IL_8698362,0.00029193342197686434,2.973214395751711e-05,0.003220842918381095,5.3757808927912265e-05,0.00030636804876849055,3.830852438113652e-05,0.0037694114726036787,9.964466880774125e-05,0.9999927282333374,0.0012322330148890615,0.0006522518233396113
IL_8706018,0.0003457629354670644,0.9999901056289673,0.00026202137814834714,0.0006708541768603027,0.00022496265592053533,0.0017863629618659616,0.00049974414287135,2.3018645151751116e-05,5.986782525724266e-06,6.89997395966202e-05,1.6116171536850743e-05
IL_8779223,0.00010257854592055082,2.5707335225888528e-05,0.0006225911783985794,6.918295184732415e-06,0.0007663880242034793,0.0003291903412900865,0.0004537906788755208,0.0002344101230846718,0.0003101196198258549,0.9999868869781494,2.265253169753123e-05
IL_8807227,3.6134555557509884e-05,1.0,6.531591498060152e-05,2.1883550289203413e-05,0.00012349674943834543,8.932063065003604e-05,0.00017617121920920908,6.695614956697682e-06,9.467756711956099e-08,7.84692838351475e-06,0.00011615380935836583
IL_8864283,1.8142651242669672e-05,9.584678650753631e-08,0.00013664814468938857,2.0596316971932538e-06,3.162424718539114e-06,6.095147000451107e-07,8.804260869510472e-05,3.195819772372488e-06,1.0,0.0010593074839562178,3.9276907045859843e-05
IL_8869852,1.4360040040628519e-05,0.9999569654464722,8.182010060409084e-05,3.677893619169481e-05,4.220404662191868e-05,3.186384492437355e-05,0.001030176761560142,1.0273412954120431e-05,0.00645429827272892,1.4606707736675162e-05,5.177372077014297e-05
IL_8892064,0.0005400697700679302,2.1480685973074287e-05,3.810663110925816e-05,8.833947504172102e-05,2.7998952646157704e-05,0.0003722173278219998,0.0010190269676968455,0.0006651962175965309,8.902233821572736e-05,0.9999525547027588,2.728113395278342e-05
IL_8894007,0.025131383910775185,0.0006487753707915545,0.0011851900490000844,0.0007460780325345695,0.0003368496836628765,0.0017909706803038716,0.0019386385101824999,0.9957917928695679,0.012070337310433388,0.00039835565257817507,0.000750271778088063
IL_8908749,4.73518639410031e-06,0.7461137175559998,0.00014403663226403296,0.0003022008459083736,0.004382598679512739,0.0003382485592737794,0.001056883716955781,0.0001480786013416946,9.164417861029506e-05,0.9275885224342346,0.00014006227138452232
IL_8914785,6.877457053633407e-06,6.915365702298004e-06,0.0003909592633135617,4.405358595249709e-06,0.0003348396276123822,0.000207181423320435,0.0039632790721952915,3.3750999136827886e-05,4.935190372634679e-05,0.9999982118606567,0.00013167319411877543
IL_8947300,0.007618930656462908,0.9966713786125183,0.002433910733088851,0.06479758769273758,0.004624851047992706,0.0007053706212900579,0.011489239521324635,0.0001565607963129878,0.0016109953867271543,0.003542243968695402,0.0009805653244256973
IL_8974391,0.00011272093252046034,0.999942421913147,0.0012935189297422767,0.0018250384600833058,9.638627670938149e-05,0.002181132324039936,0.0030235443264245987,5.7762481446843594e-05,0.0019985113758593798,0.00044086945126764476,5.826570122735575e-05
IL_9036064,0.002595685888081789,0.9990921020507812,0.00043293883209116757,0.043999988585710526,0.001092574093490839,0.0007251753122545779,0.005879652686417103,0.0016802105819806457,0.001083635725080967,0.0007873451104387641,0.004286530427634716
IL_9058117,0.00029832086875103414,0.9999747276306152,8.9464352640789e-05,0.0002199357550125569,0.00014803651720285416,0.01714104413986206,0.0003501808096189052,0.005615049973130226,5.761460852227174e-05,0.0004588997398968786,0.0008512662025168538
IL_9061839,4.0442682802677155e-05,0.8518671989440918,0.000829923665151,4.283823000150733e-05,4.286135663278401e-05,0.0021103371400386095,0.00016709082410670817,0.00035067557473666966,1.5282146705430932e-05,0.5178419947624207,1.3784864449917222e-06
IL_9079153,0.0004523380775935948,0.8541075587272644,0.004452653229236603,0.00947516318410635,0.0035266242921352386,0.003977126907557249,0.006655415985733271,0.00043495272984728217,0.013532218523323536,0.6843360662460327,0.009428403340280056
IL_9143254,0.04579193517565727,0.025746794417500496,0.0030486159957945347,0.09409986436367035,0.001887112157419324,0.0010887609096243978,0.010753869079053402,0.003919966518878937,0.03501000627875328,0.8722900748252869,0.002406022511422634
IL_9155981,0.9994076490402222,0.00017319533799309283,0.00010779475269373506,0.009760984219610691,0.003843810874968767,0.00042730465065687895,0.0005053065251559019,0.00013074373418930918,0.00024298067728523165,0.001037399284541607,2.5678176825749688e-05
IL_9157122,0.2036365270614624,0.0012652918230742216,0.00012358120875433087,1.0964888588205213e-06,2.4099803340504877e-05,0.002258024411275983,0.4263916611671448,0.08555974811315536,5.804409011034295e-05,0.0007233755895867944,2.9431686243697186e-07
IL_9227624,5.135809988132678e-05,1.0,7.06233040546067e-05,8.723314385861158e-05,0.00013359467266127467,0.0036719911731779575,0.0014653514372184873,6.982301420066506e-05,6.440006836783141e-05,1.4240767086448614e-05,0.0018601497868075967
IL_9237017,0.00016391124518122524,0.0004474941233638674,0.00015589107351843268,0.0004368612717371434,0.0029566106386482716,0.002863861620426178,0.0024088912177830935,0.00039950967766344547,0.00024379008391406387,0.9999076128005981,0.005862041842192411
IL_9273684,1.752977004798595e-05,0.4892183244228363,0.002562953159213066,0.4417612552642822,0.0004729328502435237,0.0006991145783104002,0.006866294424980879,0.0036760419607162476,9.033119567902759e-05,0.016860226169228554,8.938819519244134e-05
IL_9311083,0.0014168687630444765,0.9999382495880127,6.406146712834015e-05,0.01880711130797863,0.0006899205618537962,0.0027473175432533026,0.002189838793128729,0.0008967192261479795,4.893999357591383e-05,0.000685281993355602,0.0031252021435648203
IL_9322263,3.1907511583995074e-05,0.00013647653395310044,0.0003281469107605517,4.713326234195847e-06,0.00016366464842576534,5.5176969908643514e-05,0.0008239987073466182,2.1263644157443196e-05,0.9999947547912598,0.0007120950613170862,0.00012997987505514175
IL_9341332,0.0001549813459860161,0.9999996423721313,0.001304270001128316,0.00034759126720018685,0.001506273401901126,0.0011290303664281964,0.005218048579990864,0.0016697747632861137,5.984807648928836e-05,0.005181061569601297,0.002899780636653304
IL_9345649,0.000745041819754988,0.1156342476606369,0.000847994233481586,0.965756893157959,0.0012105527566745877,0.00015264908142853528,0.012167843990027905,0.034366920590400696,0.00021351975738070905,0.003993344027549028,0.0018913534004241228
IL_9406058,1.9682816855493e-05,0.0005190594238229096,0.0003042362804990262,0.047300804406404495,0.004228502046316862,0.0006709442823193967,0.0028663761913776398,0.00032862371881492436,0.0001229000772582367,0.9942623376846313,0.0004620819818228483
IL_9407964,0.00028563884552568197,0.9999854564666748,0.00030111087835393846,0.00014845635450910777,0.0008942559943534434,0.0019263047724962234,0.0014046457363292575,0.0001874669687822461,5.780006176792085e-05,0.00019521533977240324,0.00020100301480852067
IL_9409250,0.019303901121020317,0.00597606273368001,0.0006631737924180925,0.0018750117160379887,0.004822988528758287,0.008108976297080517,0.005715264473110437,0.0014862471725791693,0.0010292850201949477,0.9983349442481995,0.0016355407424271107
IL_9427286,0.02603919804096222,0.0002605886256787926,0.00013923560618422925,3.960639514843933e-05,0.00027158099692314863,0.007652661297470331,0.002858678111806512,0.0009764828719198704,0.0011483976850286126,0.9947541952133179,0.0004479860363062471
IL_9436519,0.0005480580148287117,0.0006028736243024468,0.001270128763280809,0.0008466943399980664,0.0006459696451202035,0.0009427615441381931,0.0016351420199498534,0.9434881806373596,0.17330977320671082,0.00040431111119687557,0.0009399412665516138
IL_9503512,0.02052478678524494,0.0634150430560112,0.0010493386071175337,0.9559948444366455,0.008696552366018295,0.0007567194406874478,0.015173422172665596,0.0007775023113936186,0.00010597446816973388,0.005451544187963009,0.001995312748476863
IL_9521484,0.2087429314851761,0.909191906452179,0.00045118649723008275,0.0010604439303278923,0.0008620428270660341,0.0051187193021178246,0.007064738776534796,0.0011461677495390177,0.00021693608141504228,0.4355408251285553,0.0024124151095747948
IL_9540224,1.1729222933354322e-05,1.0,1.6670728655299172e-06,2.6879948563873768e-05,1.6728743503335863e-05,0.0001229943591170013,3.849837594316341e-05,2.681199839571491e-05,2.74842495429084e-08,2.0878526356682414e-06,2.2085552700445987e-05
IL_9561518,6.807551835663617e-05,2.4013752408791333e-05,0.0002676292206160724,0.0001224518200615421,8.304675429826602e-05,0.0002317056350875646,0.00182564917486161,0.0007186198490671813,3.88830630981829e-05,0.9999796152114868,0.00016785635671112686
IL_9572511,0.02057584375143051,0.19363068044185638,0.0005930213374085724,0.9427514672279358,0.001190066454000771,0.0008665013592690229,0.0020949984900653362,0.0012600877089425921,0.002558173146098852,0.0021419289987534285,0.0037819724529981613
IL_9601760,9.334750211564824e-05,0.9976673722267151,0.003862110199406743,0.0014964808942750096,0.0005099200061522424,0.012035451829433441,0.012574216350913048,0.0008383527747355402,0.016700593754649162,0.0017273781122639775,0.003129325807094574
IL_9615893,1.3784687325824052e-05,1.0,0.00017588320770300925,1.2516165952547453e-05,4.5218734157970175e-05,3.856911644106731e-05,0.00010524997196625918,1.2694630640908144e-05,7.106831617420539e-05,6.130174824647838e-06,0.00023099470126908273
IL_9620950,2.551608304202091e-06,1.0,0.0005406226846389472,7.915736205177382e-05,3.749508687178604e-05,0.000980883021838963,0.00047342359903268516,1.8953485778183676e-05,6.643153756158426e-05,2.6791296477313153e-05,5.324561789166182e-05
IL_9623576,0.9998252987861633,9.854216841631569e-06,0.00024480163119733334,0.002536030253395438,3.923647818737663e-05,3.918554648407735e-05,0.00019353805691935122,1.0799367373692803e-05,5.647567377309315e-06,1.223435106112447e-06,4.047048605571035e-06
IL_9647002,0.002058937679976225,0.9999943971633911,0.0003052150132134557,0.004386004060506821,0.007952509447932243,0.003674672916531563,0.0027795634232461452,0.0018677687039598823,0.00046726566506549716,0.0005020152893848717,0.016624517738819122
IL_9655170,0.03369816765189171,0.0003270400920882821,0.00010093061428051442,1.6784183571871836e-06,0.00033480898127891123,0.00025710617774166167,0.0025364512111991644,5.111009886604734e-05,3.565795122995041e-05,0.9979268312454224,5.4313397413352504e-05
IL_9669202,0.00040565425297245383,0.9245784878730774,0.0008812948944978416,0.2609453797340393,0.0017266939394176006,0.003316133748739958,0.0007940914365462959,0.0012028557248413563,0.0028808494098484516,0.03187739476561546,0.0011938279494643211
IL_9675212,0.0014660995220765471,0.011152971535921097,0.037693094462156296,0.1748436987400055,0.004921389278024435,0.006985046900808811,0.010137911885976791,0.9838681221008301,5.91934694966767e-05,0.004770280327647924,0.001644171541556716
IL_9675469,0.00012839595729019493,0.004441262222826481,0.0020766013767570257,0.9887380599975586,0.005943852476775646,0.004416841082274914,0.005352818872779608,0.002401740988716483,0.0008593909442424774,0.056243810802698135,0.006564286537468433
IL_9692632,0.059717029333114624,0.009561033919453621,0.006371958181262016,0.020476508885622025,0.014143322594463825,0.028005652129650116,0.004073771182447672,0.03723645210266113,0.011884873732924461,0.9063424468040466,0.007212860509753227
IL_9693077,6.2687340687261894e-06,0.005200055427849293,4.2834592022700235e-05,0.0002177789283450693,8.56400035331717e-08,0.00013256326201371849,0.001283966819755733,7.67535311751999e-05,0.0005150032811798155,9.582020720699802e-05,0.9956451654434204
IL_9695113,0.0002181981544708833,0.7829281091690063,0.0003547383821569383,5.934110231464729e-05,0.00010256416135234758,0.0008295670850202441,0.004958075005561113,0.0003207447298336774,2.8282584025873803e-05,0.8717690110206604,4.021696440759115e-05
IL_9696386,0.004182901233434677,0.8921895623207092,0.005104281008243561,0.79283207654953,0.0027173194102942944,0.0003067889774683863,0.0017970263725146651,0.00012584288197103888,0.00042262571514584124,0.0004096408956684172,0.0021141134202480316
IL_9697828,0.0021321652457118034,0.004453830886632204,0.0011877560755237937,0.9770495295524597,0.0005997858825139701,0.0023122611455619335,0.004385083913803101,0.0050329891964793205,0.0005627393838949502,0.087428018450737,0.018396364524960518
IL_9702105,0.9999772310256958,0.00018041067232843488,0.00015686578990425915,7.937649206724018e-05,0.0005947400932200253,0.0005641324678435922,0.00013050695997662842,0.00010640126129146665,0.0001343323674518615,0.00018723118409980088,9.812605412662379e-07
IL_9713310,0.0004453321744222194,0.24025434255599976,0.005759503226727247,0.07853022962808609,0.0005175385158509016,0.00011064914724556729,0.007585341576486826,0.00018919695867225528,0.0013670965563505888,0.3269628882408142,0.00015549022646155208
IL_9722277,0.0006791357300244272,0.0004802722542081028,0.03546503931283951,0.0025342372246086597,0.023252861574292183,9.966794459614903e-05,0.012703699991106987,0.0035876124165952206,0.9996504783630371,0.0007963652024045587,0.0004269115161150694
IL_9728655,0.12442933768033981,0.02935635857284069,0.0009237418998964131,0.008036527782678604,0.002091516274958849,0.0007984716212376952,0.007481112144887447,0.0011174322571605444,0.0018316033529117703,0.9798377156257629,0.0009202947258017957
IL_9747613,6.535728607559577e-05,0.09702782332897186,0.00023969852190930396,0.001678984030149877,0.00023001711815595627,0.004665990825742483,0.0021568203810602427,0.00012505482300184667,4.201623232802376e-05,0.9617981314659119,8.529768092557788e-05
IL_9776207,3.370769991306588e-05,0.00013653901987709105,0.0008742377394810319,8.216944479499944e-06,0.00012869811325799674,0.0006051484378986061,0.006675682030618191,0.0005040661199018359,0.9999865293502808,0.00019481350318528712,0.0011501876870170236
IL_9785286,0.00019511801656335592,1.6133548342622817e-05,0.01528450008481741,0.00028718545217998326,0.01551811583340168,0.0003841834841296077,0.011874447576701641,0.0005265207728371024,0.9998878240585327,0.0009982478804886341,0.00046086739166639745
IL_9794109,0.0007787172798998654,0.0008696821751073003,0.0007083271630108356,0.0005413791514001787,0.0017712143016979098,0.0008865361451171339,0.003265917068347335,0.0035997575614601374,0.9996380805969238,0.003051762469112873,0.0008940007537603378
IL_9810905,0.0322304330766201,0.032212305814027786,0.0012999523896723986,0.0031614662148058414,0.008429190143942833,0.0952458456158638,0.05900838226079941,0.04415193945169449,6.650964678556193e-06,0.043098725378513336,7.948496204335243e-05
IL_9831983,0.0013656476512551308,0.9224978685379028,0.009113614447414875,0.010072336532175541,0.0016250181943178177,0.02709697000682354,0.017115557566285133,0.019364770501852036,0.3987208306789398,0.008980482816696167,0.002676971023902297
IL_9896495,0.9972115159034729,0.003341013565659523,0.0005385089316405356,0.004729024134576321,0.00016502547077834606,0.0010784617625176907,0.00027703025261871517,0.0005285668303258717,0.0014058876549825072,0.00043236883357167244,4.849187462241389e-05
IL_9908692,0.0004823425551876426,0.9998757839202881,0.0010233515640720725,0.00041401819908060133,0.001610464765690267,0.0011375301983207464,0.0007145157433114946,0.000261366949416697,8.44192982185632e-05,0.006362488027662039,5.9042326029157266e-05
IL_9914512,0.0176959540694952,0.05826466530561447,3.6667363019660115e-05,0.013335238210856915,9.093184780795127e-05,0.000418557581724599,0.00034062869963236153,6.106164073571563e-05,9.390614650328644e-06,0.011559892445802689,3.8245663745328784e-05
IL_9931816,0.00072296621510759,8.395328040933236e-05,0.0005585770704783499,0.4729587435722351,3.739674139069393e-05,8.412845636485144e-05,0.0023041339591145515,0.9464413523674011,0.001233362010680139,0.001016948139294982,0.0038715030532330275
IL_9962396,0.010024037212133408,7.282662409124896e-05,0.0006233422900550067,0.9956520199775696,0.001064540701918304,0.0007148453732952476,0.0025445311330258846,0.0020134029909968376,6.62315942463465e-05,0.025058381259441376,0.00041761621832847595
