lesion_id,AKIEC,BCC,BEN_OTH,BKL,DF,INF,MAL_OTH,MEL,NV,SCCKA,VASC
IL_0006205,9.848299669101834e-07,0.04280915483832359,9.772427821391066e-14,0.000922301784157753,2.85159967970485e-16,4.028977064575104e-17,9.04865561684098e-15,1.434504611097509e-05,1.182549067349492e-12,0.000565214199014008,1.9871563672664317e-16
IL_0025400,8.649481060274411e-07,0.6285731196403503,0.0,1.2200220774332889e-25,1.3660188425455485e-33,7.382743927805966e-35,2.666484044394986e-38,7.554417836400156e-28,6.481010652286895e-29,5.2617694487732736e-23,1.7225228995330966e-25
IL_0039001,1.127202065021038e-08,0.4461754262447357,1.4865909179206938e-05,9.623804686498261e-08,2.0652919374697376e-09,0.0012219127966091037,1.593361442786545e-09,1.0406172350485576e-06,7.179794010880869e-06,9.582837810739875e-05,3.966208055317111e-07
IL_0046799,4.468144770317813e-23,2.1040588518581255e-15,1.4713049141587386e-36,1.2490806809975265e-24,0.0,0.0,0.0,1.955612138148349e-36,1.0878690099377706e-35,0.9999989867210388,0.0
IL_0054262,1.1135777633342059e-08,0.49959874153137207,0.0011792322620749474,0.28555575013160706,3.365655532050482e-09,0.00014836872287560254,0.00019905927183572203,0.0011510431068018079,0.059504248201847076,9.096109351958148e-06,2.404120550636435e-06
IL_0056788,7.974496063489767e-12,0.5204712152481079,8.41706110904612e-19,4.909197511301282e-19,3.0711782011435098e-15,6.537721646576667e-18,6.560407606404101e-22,5.275226436229907e-11,8.49257772454156e-25,0.011317753233015537,6.576289859894224e-12
IL_0093956,1.2805956382117012e-12,0.03107803873717785,8.048832325462107e-13,6.826844645146934e-11,4.3144524411453666e-14,3.819620360445697e-06,7.283303580038329e-19,0.00045396966743282974,3.7275482700493967e-10,1.4302927765774687e-11,8.659791217446866e-10
IL_0103904,0.0006951194372959435,0.494223415851593,9.478511984364402e-27,4.08113039890301e-12,8.615165371413818e-30,1.8405308364654557e-18,3.424975259651887e-30,2.386078801989294e-13,5.780357814036581e-15,1.562939361265947e-11,4.2769978447877225e-19
IL_0118369,7.828627224420733e-23,5.053267802607923e-16,3.3837003243954037e-15,6.973168265034246e-09,1.9236965265092415e-17,2.74118890439872e-21,7.892473536634389e-21,0.009733407758176327,0.5898053050041199,7.741660905602163e-26,1.3806042897454573e-12
IL_0151990,2.9099589373486867e-35,4.602434900102025e-35,4.9806659549708e-32,1.2641887536801732e-08,0.0,5.158728590270612e-34,0.0,0.20374825596809387,0.03676123172044754,0.0,1.5917703503131787e-21
IL_0171236,1.3208677955844905e-05,0.0002989774220623076,5.936274608285333e-28,4.072505888075284e-09,2.0610884469274412e-16,6.236850796920356e-26,6.534476060287149e-24,6.4834438646521175e-15,2.0127042732660284e-14,0.5000043511390686,5.407755101260388e-23
IL_0183960,2.316627250274761e-13,0.8069571256637573,0.0,3.158125849722637e-08,2.2326803681556188e-36,2.7159036373363293e-38,3.4246579798163926e-37,2.6937433464760686e-36,1.1898471463250141e-26,2.129826270902413e-06,2.825564469664082e-34
IL_0207706,1.785457451109011e-33,0.0,7.092614320051012e-22,0.12962456047534943,5.627321139578486e-29,9.852604266088704e-33,6.959815069777426e-39,0.04070669785141945,0.12342995405197144,0.0,5.971214582817374e-25
IL_0207891,3.760588995760372e-08,0.5000416040420532,2.1413502931220014e-26,3.9196998841362074e-05,1.4667911969696028e-18,6.06093114192248e-24,7.609153006160884e-29,1.0659037792829739e-17,2.0308076543378104e-15,4.02761690665443e-09,1.0011520838403797e-21
IL_0225203,8.3384570305673495e-16,0.6837114095687866,1.3368062082644294e-12,4.773335504637544e-09,1.3448643859043986e-16,4.589820819418666e-14,1.2147983740376625e-16,1.3671641596602058e-08,1.6224263044151144e-09,1.306790830060689e-12,1.979495234394335e-09
IL_0227635,4.356917236504778e-25,1.0,4.5484456728685183e-35,3.0757178289491053e-21,9.91099051948107e-34,9.021639055171097e-29,0.0,1.6820606059231576e-27,2.0294789159981767e-27,3.3971464114202063e-25,5.398710245914183e-29
IL_0259815,0.0007420852198265493,2.929351368679417e-13,2.0219276948541946e-21,7.87857425166294e-06,4.654334236813343e-14,7.972528209441651e-17,1.1857913111958296e-27,0.30938246846199036,0.0001634647196624428,8.863635113001215e-20,1.1748126808222023e-22
IL_0260810,2.2944029289114444e-24,0.49952301383018494,7.589757363478249e-32,2.1280708674884954e-25,5.003646869529375e-30,2.1161093308715694e-37,0.0,5.314532499165833e-26,6.345577431629625e-22,6.699213406236026e-10,1.750385379617358e-30
IL_0262469,7.084298544248217e-15,0.27258485555648804,1.3878585547015392e-36,1.404897375323344e-06,2.217360221731393e-21,2.7515554463553564e-32,0.0,4.524262904520907e-16,1.6994481451433618e-13,2.1905330468367096e-13,2.1150162922406627e-33
IL_0267598,3.2490134036942606e-14,2.455304992117881e-16,1.8150405421065981e-19,1.5732547443285532e-19,1.6097876036205904e-30,1.5019771218166935e-23,5.580013002675406e-30,0.0016963493544608355,0.49999529123306274,5.803207160297591e-21,1.6004288876088846e-21
IL_0312376,0.0,1.0,0.0,1.3836236065345953e-37,0.0,0.0,0.0,0.0,9.603203854107563e-34,6.042410188556326e-39,0.0
IL_0331012,1.1781456724203913e-20,0.9992658495903015,4.845418258134681e-27,4.1212722862837836e-05,8.241702567347029e-20,7.267105776892649e-24,2.311493339845722e-36,3.607978017899059e-24,1.129893739285987e-20,1.0446540393398459e-22,1.385436964794402e-27
IL_0344325,4.8914443412748186e-20,1.0,1.1130702668704578e-28,9.635405503799401e-15,1.1879518178028508e-18,7.792035911332057e-24,8.354408562875996e-31,9.355339369493828e-30,6.049169880895731e-20,2.888072157407457e-19,3.96070646773519e-28
IL_0403731,2.2919418540823244e-07,0.005746176466345787,7.455925748229314e-25,7.757099956506863e-05,7.126226736589393e-23,2.5248301199210153e-28,4.706157200514019e-24,1.6821543878087187e-15,9.32724900526316e-23,3.6546372594870036e-09,6.467062251601464e-33
IL_0404181,3.363092618284915e-18,0.9999995231628418,2.1642825829147694e-31,9.837031748144875e-23,1.1524839754365443e-32,1.8182546919445697e-28,8.6057694569886e-32,8.20800758530323e-27,1.9989914064599278e-26,4.342540985412561e-15,7.13600262263423e-27
IL_0465184,1.917229042192048e-08,0.5190521478652954,1.638653761328469e-35,2.010541265917709e-06,1.4585421057545264e-29,8.559122314664919e-31,6.674297056737237e-31,2.449693402851628e-25,6.096203229014142e-29,3.6573097883518813e-09,9.108724808594475e-34
IL_0492696,2.3476215501745542e-27,3.4684248528815687e-11,3.5895003064648654e-17,1.4114937663123328e-08,3.146587868362036e-23,3.644250362969319e-22,6.81956771053954e-27,1.0343636631660047e-06,0.8677530288696289,7.6689519460358025e-31,4.4299142132331326e-10
IL_0560781,1.0859928512019223e-09,1.1879854044938298e-10,2.61084353463982e-15,5.275922012515366e-05,1.7952737962900756e-08,1.0663047111947321e-09,3.344888110081909e-17,3.2799606672177795e-13,9.740025416249409e-05,7.133419410720876e-10,1.718690429775363e-13
IL_0575017,3.7153849534223704e-17,0.5,1.0602347992605399e-13,1.4508978463112499e-09,3.729117607428629e-16,8.314193962044791e-20,5.624943195164521e-20,3.494169789064472e-07,0.49912604689598083,6.271369980473081e-20,4.655268683560754e-13
IL_0578791,1.2040574404181825e-07,0.9137979745864868,2.1344051740383872e-24,2.924409813975999e-21,1.3175567460775823e-22,5.877025607960656e-17,1.7299641073555058e-26,2.339116361137797e-20,1.842242093822656e-21,4.0339051543547555e-11,6.506103683866135e-22
IL_0611781,0.0,1.0,0.0,0.0,0.0,0.0,0.0,0.0,0.0,1.290914730536307e-29,0.0
IL_0649132,2.0490546376095153e-05,0.0011992516228929162,4.1785855331433197e-10,0.4193178415298462,6.406958164006937e-08,8.87163953411374e-12,4.052838522682761e-13,1.5518580767093226e-05,0.26230743527412415,1.1585328252294858e-07,5.540465655706761e-12
IL_0704269,5.3262963774614036e-05,0.5000001788139343,1.621310074043092e-12,1.3757748273945936e-09,3.836613871044392e-07,4.589070456972877e-09,9.79730060507401e-15,2.418029020284998e-14,4.1577339986685613e-13,0.02297944575548172,5.905923666782442e-11
IL_0718371,6.849647733257657e-18,1.8568105588201433e-05,5.8001464964263505e-08,2.443871608193149e-06,4.873214432184854e-23,6.361720232637286e-14,4.22101763169113e-17,0.01032281294465065,4.1884987922458095e-07,0.4897758960723877,2.204773473166166e-12
IL_0721442,3.695379646728725e-08,0.5,7.472701186190035e-21,5.52938718101359e-06,5.5637023715351605e-14,4.077738770501383e-23,1.7167105841626992e-18,7.249491318361834e-08,9.384543773194309e-07,2.8689323486319473e-11,6.855705739366199e-16
IL_0754056,1.7387546502192048e-21,0.9999763369560242,3.4394671261951315e-36,2.039908977706028e-21,6.590790769166062e-35,6.893349698920775e-35,7.56458746101073e-38,1.6391245976124821e-37,2.2257245467864647e-36,1.0794616936427026e-11,2.5697381181583077e-38
IL_0808321,5.945647620075878e-13,2.840192081521309e-09,1.508922246049385e-13,0.06879863888025284,6.226371640494222e-10,9.30284927745612e-20,1.153540951849609e-22,1.2849802999426174e-07,2.072222855531436e-07,5.6776049248315197e-14,5.08518225457347e-19
IL_0854378,1.8472779419268976e-17,0.499999463558197,3.2502854486576895e-17,1.0574857676466276e-31,4.4288846779244204e-27,5.483013014404873e-29,1.855180245489104e-33,0.4999632239341736,3.5346321425322458e-09,2.2361269141904324e-19,1.5135901488532515e-29
IL_0895462,3.305243723161766e-08,0.7665646076202393,1.096765392109524e-27,0.004517517518252134,1.6271721417685058e-26,1.1162495823930025e-26,3.4216153877252034e-22,1.363693739575215e-25,1.9724158057037457e-22,2.9610012219905002e-08,3.0812300369463657e-33
IL_0928130,7.301075874790747e-15,0.013300683349370956,1.1270842742314375e-15,1.0445403569869782e-10,8.473440201041795e-16,1.3441772651542894e-12,4.533997949723061e-20,6.7113719096068e-13,1.1693784829347464e-10,1.5142516407440354e-10,0.008618742227554321
IL_0977585,4.364447470095456e-09,0.31270137429237366,1.2461231428562398e-24,1.378308866151201e-06,1.1949024437232847e-23,2.281817560358684e-23,3.6654705951020193e-22,2.9308480186347045e-25,1.5548607476264635e-22,0.0062868716195225716,8.8965645182766e-27
IL_0977986,4.502598845754796e-18,0.9776564240455627,0.0,2.8593216059278627e-24,1.941465839574399e-37,0.0,0.0,0.0,2.5121369040031575e-37,1.5730379238770853e-12,0.0
IL_0996202,9.012910981404378e-29,1.7816075234390756e-33,5.185437740349376e-21,1.3629576714022405e-16,8.008523111728461e-32,7.565082914208443e-30,5.029065594067663e-35,2.7007974523485245e-08,0.9987814426422119,1.373082364942401e-28,7.504704028607888e-20
IL_1009731,2.682278034174263e-22,0.4999960660934448,1.2681477019729028e-18,2.465344748337859e-24,1.585232136038277e-25,2.9320167513464186e-32,3.9316085551704153e-28,0.0001408658572472632,3.1331166105904345e-21,0.4367527961730957,1.1320440163617787e-13
IL_1011664,9.369720067365934e-15,8.74741168388482e-09,1.8911583995855075e-13,1.7912829264332686e-07,4.596919633143015e-13,1.569495802980565e-17,2.104352855008884e-18,2.5123883460764773e-05,0.5297619700431824,2.266605159341773e-18,2.8018283873554317e-11
IL_1020124,1.329598514621111e-10,4.965982952853665e-06,3.8185668277575247e-14,2.3472656110468115e-11,1.2188514002204947e-15,4.056279001107919e-15,8.61034917826321e-21,8.623134817753453e-06,0.4127958118915558,0.3775676190853119,3.397415326844566e-08
IL_1024284,8.364767563762143e-05,0.49133214354515076,9.13379498362938e-30,1.2115733755003306e-15,1.925362033678995e-33,2.3656981745581772e-26,1.460957853446302e-14,1.998263559015345e-22,3.771210127905798e-28,0.10059993714094162,7.593770701064535e-20
IL_1024365,4.979086655552899e-27,0.9997729063034058,6.515411127709472e-31,1.1005540814961226e-27,1.8680646769483242e-38,3.803302421193911e-33,0.0,1.8940059094893594e-21,1.242377224319191e-33,8.038955279232596e-09,3.1721092319532144e-26
IL_1080907,1.222099305705094e-14,0.5000197291374207,2.0658484859526358e-33,2.8982869181476455e-15,1.5589220352497747e-31,1.6737519965233885e-35,7.485759938237373e-38,1.9354337989944785e-35,5.624269453034429e-38,0.0020889039151370525,9.330517798737508e-37
IL_1159502,5.031423055967821e-10,0.5000108480453491,3.814593779117528e-32,0.4976124167442322,7.521012812626353e-26,1.0087363344917377e-33,2.5198199961363876e-33,9.715099381708752e-28,2.5858086001062457e-21,2.7860941093256486e-13,0.0
IL_1183203,9.430171227231554e-11,0.6212320327758789,3.581851284622526e-18,1.3863667991387274e-09,2.8414471957386193e-16,2.2791052831333362e-14,9.520346454068508e-16,8.452780836387674e-11,4.3326539271612864e-17,1.1715737855411135e-06,2.8821414792106047e-18
IL_1236220,1.4260033479844873e-23,1.0747236053784982e-27,6.824092682943878e-28,0.35323646664619446,7.150868483556654e-35,0.0,0.0,1.901164258972195e-16,5.7367661732143915e-09,0.4814930260181427,0.0
IL_1246958,2.2037027065380244e-06,0.3065861165523529,2.3923675485093554e-07,0.0015005485620349646,1.754430377332028e-05,0.054076939821243286,5.685286685874757e-10,2.8091948479413986e-05,1.873905785032548e-05,5.2235016312351945e-08,6.0294678405625746e-05
IL_1248470,1.3564599443682823e-10,0.4999978542327881,2.5438401791933948e-14,3.177899998263456e-05,5.99268530993027e-18,1.0771872976933494e-10,2.420260258872986e-08,9.337001172227133e-10,2.0425451751763705e-17,2.217744737853522e-10,8.655782593424794e-24
IL_1266003,1.196790718276832e-16,2.2511709847226173e-24,1.19339393510505e-13,4.7650786427766434e-07,4.371407704143647e-22,1.3715653635212798e-19,9.03576235118555e-21,0.021457800641655922,0.3214772939682007,5.884812990785405e-22,8.722170208308455e-10
IL_1298091,6.507788438589153e-15,0.547688901424408,1.6718769038238364e-19,0.0008899355307221413,3.155384340468461e-17,1.3387157208007204e-18,7.424733091520217e-22,5.724663703688716e-15,1.3413352026314662e-11,2.8373134462571226e-13,8.095850207582664e-25
IL_1418346,3.0461479395858602e-21,0.7706583738327026,8.386612165369881e-27,4.033163544102384e-26,4.221023154966242e-33,3.150243918182993e-26,1.5884172338031997e-36,5.522715531419697e-13,8.825392421212743e-24,5.1199409295543674e-12,3.1953563132859526e-18
IL_1420891,3.4029353838363648e-15,6.818224370513937e-13,1.5985386829739729e-19,1.1998125983134125e-14,1.3831286376636553e-13,8.935477946399947e-18,1.0039111056279056e-25,0.008709164336323738,0.6432679891586304,3.332113211431852e-25,1.1026052249007989e-07
IL_1431089,1.980469911462984e-20,0.5000118613243103,0.0,0.4996650218963623,8.038202562478098e-35,0.0,0.0,3.875522883930112e-32,8.143049357915751e-26,1.2196199105665606e-19,5.303682071924355e-39
IL_1450991,3.72508204837807e-11,0.5563367009162903,2.754753172026491e-21,0.0006451404769904912,5.03603686944228e-19,1.38964452671962e-20,2.9397063349546575e-24,1.0419228766682259e-22,2.739300829107651e-18,4.580513996188529e-05,4.179399905521492e-28
IL_1497560,3.987109867118659e-15,0.9964327812194824,2.236693454402594e-23,2.911116014914228e-09,3.2039775089216967e-15,2.1627241664212704e-11,2.8472534523809405e-30,2.225526394049267e-16,4.136182963236085e-21,2.33096187894993e-16,0.00010648915485944599
IL_1502550,4.413816684654776e-20,0.6156048774719238,4.02803757997723e-21,0.0003939023881684989,2.8762915900898195e-15,5.188569491384941e-19,1.7175204910214751e-28,4.425759427865937e-20,7.155185461054508e-14,3.2478866248812857e-18,5.2114753503927566e-21
IL_1515580,9.02234328914453e-11,1.7180272482431036e-10,1.1398888760513692e-19,0.4975261390209198,1.5475402194002084e-20,3.2682257392171745e-21,2.219820835369652e-28,2.447383875420206e-12,1.6101165268688628e-13,0.49934157729148865,4.5051956737698715e-23
IL_1562660,9.008921632777912e-20,0.9999988675117493,1.6835695864584136e-20,3.2946219537255406e-12,1.9539155849553962e-18,2.1767967474124045e-15,1.294915100189644e-21,3.346913896081567e-19,1.5816894791853622e-18,2.313246989793516e-11,2.6137210990185087e-21
IL_1574123,1.3810455556928503e-10,8.546258183561237e-14,3.783641965276335e-15,9.291876296169121e-11,6.926117682447318e-15,1.2413824120973713e-18,1.6415417027573307e-20,0.2530176043510437,0.6663911938667297,6.096796247059664e-17,4.500490202730134e-09
IL_1619785,5.667812011099905e-28,1.1516788355755545e-26,8.46359092320862e-30,1.1496959814394359e-05,8.122503614306226e-28,0.0,0.0,2.5687599602974842e-08,0.6187167167663574,2.8340863472205557e-38,1.5449624680865486e-23
IL_1633612,1.5039030134070264e-12,7.087350845091933e-11,3.672307206917956e-18,9.045471074387024e-07,3.227407577299779e-11,1.9467835060825805e-22,2.261137947857195e-20,8.314005484066911e-09,4.4765427476001207e-10,8.805649542864558e-09,1.5529349677628635e-21
IL_1641818,4.334328802465584e-18,0.4640332758426666,1.3078905567454058e-06,3.7187630531649186e-15,2.867778234274877e-23,1.5377951399802358e-18,1.5813248093671041e-25,0.49419552087783813,1.8834396542377618e-10,0.10161132365465164,3.6128383618105886e-10
IL_1643221,0.00016012441483326256,0.5000017285346985,4.142401828324841e-28,2.062881929078969e-13,2.5251361845477687e-22,5.400454193582567e-24,2.660169939976261e-19,2.9422195790829164e-09,3.4796932002478798e-09,1.5448407798216574e-13,3.0036302882152947e-15
IL_1664752,8.433716868098495e-25,0.9999999403953552,8.729761528902958e-39,3.417150987204286e-24,6.711485455197331e-34,1.0711448709438605e-30,2.598789277401304e-39,4.242137164377507e-37,1.3176464390946056e-37,3.1520955550562446e-12,1.0271591732059825e-37
IL_1681515,3.8775137614632804e-12,0.5008957982063293,7.878839167671137e-23,2.975030644267727e-15,1.4494546049748975e-23,2.237686731256463e-20,7.11992996687634e-28,1.4996112687973678e-25,1.2443763287107636e-22,0.4702102839946747,7.654661306714154e-23
IL_1688338,0.00040556216845288873,0.022037968039512634,3.74416941895106e-09,0.04570036754012108,5.957797384326113e-07,1.75737291385758e-08,3.3139375688051587e-09,6.981569458730519e-05,0.0028579223435372114,1.3067634654362337e-06,2.9803114642845685e-08
IL_1706933,5.418020876390983e-08,0.368181049823761,1.5360989206327178e-25,7.012442668072381e-18,2.1289437450336064e-36,1.0913094189762787e-22,1.1816801782545066e-30,1.1949173247954008e-21,6.712962432551602e-29,0.11285301297903061,1.1119209681761447e-28
IL_1860067,1.2021502074196423e-21,0.9999995231628418,1.9074413711880243e-36,1.3085180449734002e-19,1.553972320888609e-26,1.0214402678136908e-29,5.949203725476475e-33,1.2425746111559165e-28,1.569393544638411e-32,2.1050106102649124e-11,1.68599354762716e-33
IL_1884002,0.0007070947904139757,0.4999998211860657,7.8007462176246675e-25,1.1566206921997946e-05,2.9751114101827366e-18,4.420238540114422e-18,6.4122629678371414e-24,1.2979872602937759e-19,2.5699758823832497e-17,6.517120827373435e-13,2.1575483587572033e-21
IL_1897663,5.824197235604345e-10,5.0594492473283134e-20,7.056703612732052e-30,0.21491639316082,9.45610440918784e-38,7.986661361062294e-37,0.0,2.0409385115272016e-07,4.256048784916478e-20,0.017089780420064926,1.2860084548604964e-38
IL_1901178,1.2174701851108694e-06,0.02380918711423874,1.5948251215911206e-29,8.710677512624443e-09,1.442737384947181e-21,2.177118047751579e-25,2.881294414611262e-29,9.594115866345954e-13,2.9825417089275044e-15,0.001548438216559589,1.4287434563387725e-25
IL_1935222,9.117124732887125e-22,0.5,1.6955946438340466e-21,3.505171955638098e-13,1.7250251888069935e-21,2.1187285527621387e-35,2.9890232523992155e-22,1.2399778842326747e-16,2.0256815957964136e-07,0.00011269420065218583,1.6869763495132116e-27
IL_1968737,6.647118692235015e-23,2.424398572523079e-13,2.448267207117382e-15,3.7618328997636105e-14,2.3697686534910717e-21,6.751664550106056e-17,4.3547447530148443e-23,0.0010867646196857095,0.7504763603210449,4.079206289059663e-29,2.02305415086812e-07
IL_1976391,1.9989393473807127e-10,5.5298898327203055e-14,1.5018964857403634e-16,2.0985906303394586e-05,3.1436738161781497e-22,6.647233328643481e-17,6.691337757530726e-33,1.1523155762915849e-08,0.0009045860497280955,0.03910940885543823,6.573485984125971e-29
IL_2021485,2.36259816777714e-14,1.8247129747521258e-32,3.039212224020059e-21,9.829158443608321e-06,6.634894109217258e-25,1.250691758879418e-29,0.0,1.623855161447807e-09,0.1614048182964325,2.4017077563995043e-32,1.4623429962082493e-30
IL_2031231,6.326154733577939e-34,1.0,0.0,0.0,0.0,0.0,0.0,0.0,0.0,1.7557530488679495e-25,0.0
IL_2042306,3.6787618763253475e-38,3.0652915868934313e-22,6.5947458236448475e-18,3.912336763150365e-14,3.988738905723247e-37,1.3641437027733244e-29,9.48786667147559e-30,1.833767946518572e-12,0.9992854595184326,3.6506421177963223e-34,3.7491322602177112e-22
IL_2057670,3.0937014821903815e-17,0.4044550657272339,3.49671339961161e-27,1.8082317865264486e-07,2.4947999763740997e-25,1.3184991089925692e-14,6.974675828188125e-23,3.763751920238117e-20,1.442350069548386e-16,1.332715465762746e-10,3.667282338806581e-14
IL_2058271,0.0001833014248404652,0.00010808867227751762,7.687425356638102e-18,3.3637684282439295e-07,9.73523765399574e-14,3.1623006080047644e-14,1.2008978406241592e-19,6.5144399741257075e-06,8.654970728820544e-13,6.680514363921475e-09,8.156442223347711e-17
IL_2068901,4.0551181856862684e-10,0.5,9.306676662866284e-27,0.001405371236614883,3.333257558857383e-10,2.3383193175709605e-30,3.4392345097532226e-34,1.0148118106957786e-17,2.9468315005942713e-06,5.0315845697952137e-20,2.404641496425569e-32
IL_2076993,5.731850757917378e-12,0.4999982714653015,0.0,2.558118094324437e-31,0.0,4.6030246561789145e-36,4.891548826233283e-35,2.2338242868799886e-34,2.949541184136483e-35,0.4999999403953552,2.09500328280861e-35
IL_2078226,3.1194780517282305e-33,2.622476454744449e-12,2.828055560009639e-26,2.271369854975501e-22,3.0838671115856417e-31,4.202308360806471e-36,3.5533039050740395e-38,3.328781167510897e-05,4.1750892553597355e-17,8.254678854638999e-17,1.3572812569096157e-22
IL_2081710,3.2144028939769766e-33,2.620969847213276e-23,3.953995682325699e-25,3.183748562196251e-16,9.462270682950256e-39,1.3754155661552874e-20,2.3187927929963157e-32,6.371645433489448e-10,0.9481716156005859,0.0,5.516238012126995e-16
IL_2085556,1.6320713314144086e-07,0.9403290748596191,4.378270859652297e-20,6.659489583046851e-13,2.8110041963395893e-14,1.4526413451569804e-14,8.496600199402096e-15,2.4153449422817386e-15,2.3868677700988883e-08,2.3742975585605564e-08,7.572647343174685e-14
IL_2090864,0.00025813133106566966,0.5080167055130005,6.083505921239407e-10,0.049508385360240936,2.076899647818209e-07,6.001011493284025e-11,1.0345698256419844e-11,5.958263500360772e-07,4.075796823599376e-06,2.6364440941506473e-07,4.57454777183508e-12
IL_2144290,0.0,1.074103187618065e-33,1.9800116595993432e-25,6.436111690029327e-17,0.0,3.730930964830814e-35,3.6971513402804364e-37,0.0026474918704479933,0.6657378077507019,0.0,1.196213801158607e-19
IL_2157015,7.246999597372138e-15,0.803327202796936,1.9972247765952026e-17,1.6552529919808365e-16,1.5954237930770887e-10,1.0908738801163054e-08,3.841050397517549e-18,1.7121482187576476e-07,1.5967446887811022e-14,7.801820170807994e-13,6.971163230007349e-12
IL_2190574,0.0,1.0,0.0,0.0,0.0,0.0,0.0,0.0,0.0,6.924155817651975e-28,0.0
IL_2207792,5.149532626091968e-06,0.5001415014266968,7.48149346986662e-19,0.0009513411787338555,1.116995334279863e-18,1.0423831632628246e-16,3.215066745153142e-17,1.3315336389041477e-08,1.2613945261572002e-12,8.147262269631028e-05,2.4165582322753856e-14
IL_2254004,5.990743089851996e-17,0.7210564017295837,3.812826681405587e-27,7.707345910578853e-15,3.824383121764912e-18,1.2079089456702972e-23,3.174541421363112e-34,1.6991823800858313e-13,5.0671056078136495e-17,9.302344186829306e-14,8.39962075029299e-17
IL_2274232,1.6971783978192434e-08,0.5000012516975403,1.0212173731207386e-21,9.658432907622139e-13,2.4074553461872483e-09,7.257723203890967e-14,4.323314704393539e-22,1.0182420462356845e-09,4.512241708748421e-12,2.6396212326942147e-22,9.736594863696268e-10
IL_2283965,0.0002451027976348996,0.0032115383073687553,4.820721789081952e-16,0.0005826062406413257,1.0092663371708e-09,9.113526312732809e-14,6.510079476364228e-13,2.7565161524883974e-12,1.4704103006805275e-13,0.4373369514942169,2.2249575584856263e-16
IL_2330498,3.048147690936543e-24,0.9812881946563721,7.739676974246246e-32,1.8603527205804287e-19,3.1083427653604745e-36,3.313479802678018e-33,2.2674670532234844e-37,5.505754485466164e-30,5.384299552866653e-19,2.173881083825102e-12,1.4754295220846684e-32
IL_2354191,2.7175812478452407e-24,2.037782254804611e-26,8.380669711587156e-18,1.5205314340960285e-08,3.909990376007352e-16,2.6887923213118335e-23,3.664087135874685e-29,0.0004366561770439148,0.9542837142944336,5.929214742506105e-35,5.626257947049386e-18
IL_2424578,9.789419055574176e-37,6.445171699888773e-34,6.999199052485422e-22,1.6351957282458875e-15,7.864143887089369e-26,2.2361086656505777e-27,2.03521536145754e-35,1.8437541424165538e-11,0.999999463558197,0.0,1.7806982457102867e-23
IL_2440740,8.977852423947569e-17,8.257945060005726e-18,3.7845029193794844e-11,1.1337310752423946e-06,6.4791604190378525e-15,3.770402840310751e-15,5.347207934094466e-20,0.00815500970929861,0.19385239481925964,7.799463455837068e-26,4.70253962703282e-06
IL_2451306,9.53769347707004e-15,0.4910653531551361,4.863628488664673e-13,4.352143150754273e-05,1.5379194364404172e-14,1.4418299298489126e-20,4.716739362732524e-18,0.02569226548075676,0.015791593119502068,3.576790064130364e-08,2.7708418242136656e-13
IL_2508459,3.761463432800757e-31,2.877848398717431e-26,1.2239455722863448e-28,3.706827734312391e-28,0.0,0.0,0.0,1.914240144174073e-08,2.6436703493004643e-08,0.4981858730316162,7.502143373162592e-30
IL_2512501,4.4028206780269766e-14,1.2471527144342076e-09,4.3639735922140765e-12,2.3934856017149286e-06,9.538547380739632e-26,5.417624697817789e-23,2.943856440650496e-33,0.0013017944293096662,5.512959432962816e-06,2.0715930706960428e-11,6.196285947078655e-23
IL_2520283,1.2970963858549567e-08,0.5001713633537292,2.1740181269797043e-12,1.519213583378587e-05,1.539943908711826e-15,7.19248201578801e-15,9.817715529436555e-10,1.3179612324165646e-05,1.5677960618631914e-05,8.795714379061792e-09,6.891379200624215e-08
IL_2532113,8.738710160990394e-20,0.9437901377677917,2.723504372974238e-26,0.004065165761858225,4.691602322382239e-24,3.0864958146160866e-21,0.0,8.75414875203155e-22,1.298796275606487e-13,9.641605895030935e-25,5.633529717663734e-21
IL_2541202,1.5604426550908101e-07,0.9385011196136475,4.445570261468312e-15,8.526040318201922e-08,4.5691560757177285e-08,4.454312751978051e-10,2.9375907292079027e-15,3.317280459214089e-07,2.1791915116864402e-07,1.0692202331852307e-12,4.09655669386666e-08
IL_2542731,1.0640685317524784e-19,0.00020788876281585544,4.2662918012158135e-19,2.243008127053147e-14,4.4876247828666606e-20,8.710605153838813e-12,1.1822012044457968e-26,1.4552318816640764e-06,0.02421668730676174,5.98414352001588e-25,1.969620466724109e-09
IL_2564178,0.0,0.5,0.0,0.0,0.0,0.0,0.0,0.0,0.0,2.5041204935405403e-05,0.0
IL_2579528,1.0537263336191094e-12,0.0001354752603219822,3.7709901173910154e-11,1.436051206837874e-06,1.487345663298001e-11,1.5608044370840624e-13,8.446062061322229e-19,1.288380872210837e-06,0.08925711363554001,1.3995714587267116e-09,2.2249452714256934e-12
IL_2580737,2.9891561098032744e-17,0.9999993443489075,0.0,3.0641460346413056e-22,3.664230786174412e-27,1.0639884260712238e-32,0.0,6.857829624689044e-22,4.1581935950399723e-17,6.8969408589581215e-31,1.8715449929498322e-31
IL_2620364,1.5053021413506575e-18,0.4794207513332367,3.1666422892848227e-19,1.2459430820399575e-08,4.255560476489756e-13,3.360835449188411e-18,1.7201343963450297e-23,5.352001946576222e-21,1.5698271571551459e-09,1.8103198939911636e-09,3.977590387045292e-20
IL_2631882,4.006833933090093e-06,0.5017601251602173,7.0356151127271e-08,8.009264433894714e-07,7.649159101674741e-07,4.451279437489575e-06,7.757953723874778e-10,3.368804257775082e-08,0.00821844395250082,5.165286438568728e-06,4.1646202930678555e-07
IL_2632245,0.0001218827092088759,0.00014948273019399494,1.3861564740975458e-20,2.686381094463286e-06,1.143544077318316e-20,1.510107974275679e-21,3.8869488402505264e-19,1.2678136727117817e-06,7.545245317430727e-09,0.0006087739020586014,3.0946259949655807e-24
IL_2667257,3.958290672231163e-14,0.47941824793815613,4.251332148645471e-25,9.302834613755806e-10,5.952919364046738e-13,3.6685439971887604e-24,4.9824362329121775e-27,2.1360966089492483e-19,1.2802226694879926e-16,5.5808704324533664e-09,2.0265873632982726e-25
IL_2673683,1.7018087063869155e-27,0.5000028014183044,1.7425203388521931e-34,5.806321914968767e-16,1.4723663406173719e-28,3.782223897305347e-32,0.0,2.2827441660269815e-35,9.150662254971165e-25,0.08044199645519257,5.548586801850593e-34
IL_2695389,3.204432059803115e-21,0.9948126077651978,2.0384781607010663e-28,3.241589764167014e-19,1.0124448747319887e-18,5.099423765896069e-27,4.428871494684746e-33,7.157832947234447e-14,4.835324848850853e-13,7.932309173020242e-27,1.5155649945293313e-24
IL_2697064,1.2243731827370744e-23,0.00019996937771793455,4.54028696784727e-25,1.4692763318730476e-20,9.858986067730248e-20,5.759734739750416e-22,1.120134337165227e-28,7.095724008365778e-11,0.00019357608107384294,5.063487993138143e-26,1.6268712071942915e-11
IL_2701771,3.8000973745511146e-07,0.6727583408355713,2.1481700684944371e-07,9.74252657215402e-07,3.1673249092922795e-12,9.372002750751562e-06,8.656850193286547e-14,8.334925951203331e-06,0.013333910144865513,1.1581659720150128e-07,4.502018313701228e-09
IL_2713699,3.615042915861564e-16,0.995531439781189,4.472184293510622e-21,2.2298584312352432e-08,4.4915954907232686e-14,8.450401864405988e-18,4.755930308454717e-27,3.49964301477874e-17,5.380492780204804e-07,8.41474293537944e-16,3.2819670348051416e-20
IL_2726821,4.347893536760239e-06,0.13671357929706573,1.117635813578204e-31,3.248110442655161e-05,5.72607654955801e-25,1.1924444151238565e-29,2.446438542004791e-29,1.6731111866457104e-23,1.5761595699952921e-18,7.933793731576891e-14,1.3386455611020108e-31
IL_2729600,0.0008232195395976305,0.011347074992954731,6.22645652485071e-13,0.30508971214294434,5.291014204544808e-08,3.207901826118853e-12,8.965168830834397e-14,4.058189548294955e-11,7.157358936638047e-07,4.615487796399975e-06,6.382529921244995e-12
IL_2741580,2.444637142318287e-20,0.9988223314285278,4.459833090183604e-31,4.342464762885356e-06,1.2961187804464318e-24,4.7298266564308134e-23,2.7690440839649058e-33,1.033694549104525e-25,1.0403310225071115e-28,2.7160758645798074e-22,9.73562145601777e-34
IL_2778741,8.70446835270211e-14,0.5000657439231873,7.917466832705385e-15,1.0919684045873623e-09,2.3259462977875955e-07,3.2488308931988286e-08,9.29598537473842e-22,4.118858642284014e-14,0.0008572321967221797,2.389265644868726e-14,5.792255137748725e-07
IL_2784674,9.825478426613845e-16,0.05261591076850891,3.21879905183122e-31,6.369136468231673e-11,2.6936644766390885e-26,1.274532924660866e-36,0.0,1.7929436497255612e-25,1.7299582719034617e-13,2.2400908439388495e-13,1.3631058823208704e-30
IL_2788623,2.947253285867646e-08,0.43563804030418396,6.686851446663508e-25,1.1625704019193011e-15,7.879062358876875e-15,8.440203619257307e-21,5.180719576955322e-30,0.00011089042527601123,1.0918745969217339e-13,0.008084920234978199,1.0350288334737279e-11
IL_2824067,9.645774881139688e-15,0.56511390209198,2.5166776150466016e-34,4.9578061983865924e-20,4.095697495167925e-38,2.263648741631586e-28,1.788529407700411e-28,8.556910825229882e-36,3.673156850623864e-37,0.006377546116709709,1.4431995753272229e-36
IL_2840498,6.665441532049954e-09,0.4836767613887787,1.8168446077031913e-13,5.476727842664963e-15,7.120037193633481e-17,9.98380370753225e-16,4.831083516655934e-17,0.43627503514289856,1.459673631964975e-10,6.541044372809779e-10,5.973403993664306e-09
IL_2844654,2.6286394935737256e-13,9.592471059305077e-20,3.6457198022331544e-17,0.00421537272632122,6.978656541534178e-11,6.746268203525722e-26,5.471682219652009e-25,1.7288887192989932e-06,0.5756653547286987,4.1232223839747005e-17,2.3573542396161706e-20
IL_2849392,3.804715297971075e-15,0.0005648006917908788,1.0001172245504746e-23,1.8675846149562858e-05,3.56931363998122e-27,4.056865128055084e-18,5.065812653173742e-31,7.15683614298025e-18,1.3987198987436846e-17,0.49941959977149963,1.625864709588691e-24
IL_2851462,3.699097885639935e-12,4.053740099152492e-07,4.681288274195265e-26,1.1721748904847118e-07,3.9205171246206892e-28,7.021323540096559e-25,1.8621722338750106e-24,9.004493521256804e-14,2.7681752227500393e-18,8.961967978393659e-06,1.2278165408668415e-24
IL_2921273,8.141471577749481e-17,0.4943092465400696,1.158011639077494e-37,0.49789318442344666,1.191871403467154e-24,4.286933537373411e-39,0.0,6.880673623673296e-16,3.9986248565201075e-15,3.8462987275414547e-26,0.0
IL_2936438,1.43440561518719e-15,0.9999998211860657,1.167280741091962e-28,5.635714656315174e-16,6.84787286215706e-21,2.0954369094463093e-21,1.1024808411311299e-23,2.7571652999044483e-16,1.246005317745777e-16,1.0221160127044798e-13,1.2652194537763322e-23
IL_2947403,1.1043432095902972e-05,0.16542914509773254,4.6220693938892055e-11,0.0014573822263628244,2.73360463154404e-08,5.6846045481506735e-05,8.466818218755279e-11,1.6570487559874891e-06,2.309305727976607e-06,1.1310769878036808e-05,6.700537902304404e-10
IL_2978149,3.747709834427888e-27,7.052033962032218e-20,6.449311507372203e-17,3.3059436645999085e-06,7.201660595085404e-20,3.1168516999671193e-15,1.173229529430061e-26,4.524262294580694e-06,0.594657301902771,1.2128341987320446e-25,1.8118999356442345e-10
IL_2996774,1.3909336651521804e-27,0.9995390176773071,1.1591752867355107e-20,4.318176511267746e-20,1.2597419895683197e-28,1.2385851676467398e-28,4.815753868847224e-33,1.232533931687374e-12,0.3802124261856079,8.089694434738617e-28,2.1128401416839843e-17
IL_3007459,1.2749921086897993e-14,1.8397695702428654e-23,2.008816637151287e-31,0.0017274223500862718,0.0,0.0,3.3581015252121385e-28,2.494876253831234e-15,1.0157257420405092e-14,0.4765361547470093,1.867811735849281e-34
IL_3061357,6.660225440934545e-18,0.359176903963089,1.1136613431162986e-15,1.3147538084012922e-05,1.1288743096206145e-17,3.755191470278252e-12,7.777732663458637e-29,0.00020245670748408884,1.4574985470972024e-05,3.059003788122294e-13,8.103960880134764e-08
IL_3076877,2.4819141186682714e-10,0.6125706434249878,7.377619359716479e-20,7.640678318992719e-14,1.6314650232703331e-21,3.942095886014883e-18,4.31005881195995e-22,9.7493234730954e-14,8.709419810168712e-25,0.018869176506996155,5.259059221703684e-16
IL_3084993,2.098010321335933e-35,0.4999772906303406,1.0647157632007951e-31,0.4691123962402344,7.926184838506946e-34,1.3874954502434633e-37,0.0,4.766885433745652e-16,4.319136803335435e-18,2.507296364524863e-19,3.0064704409257875e-39
IL_3109240,2.0952713879561746e-16,0.5,2.2449271608326882e-10,8.148552296916023e-05,1.5003913876024313e-15,6.613596723865727e-16,5.1602618844832137e-20,0.08579780906438828,0.07826490700244904,3.080271866156961e-22,6.421800313738402e-10
IL_3124812,1.1591238910313724e-17,0.5000000596046448,2.1730755745325079e-32,1.1609059844526931e-19,2.2573417686919667e-31,2.4414363797846267e-33,0.0,3.24539487894359e-15,0.0331263542175293,8.621260709290911e-33,9.385918773575667e-30
IL_3127619,1.8831254777751383e-08,0.2573969066143036,2.1595230721701495e-17,1.0607591465362082e-13,6.265926227313687e-14,9.0155070908704e-12,1.6952054451069595e-23,1.4562374917037602e-10,1.4708591603799365e-15,7.426388765409869e-19,1.885362726992268e-16
IL_3149454,1.0325920811737888e-06,0.49795252084732056,2.828183158837027e-35,8.086514964589231e-12,1.1839519408409577e-34,3.1167530749708676e-26,2.9051853856555794e-34,2.5357021677907763e-25,5.323893770464488e-16,1.151178094005445e-05,3.1246334209760517e-34
IL_3153787,4.8051277212374834e-20,0.4999733567237854,1.6721238282890738e-10,5.064821948508325e-07,5.6586950075900405e-18,3.4489233436416425e-16,6.4503643428558604e-18,0.3578837811946869,0.06287767738103867,9.726418975786189e-11,1.4577667073467637e-08
IL_3156984,2.430775632861204e-12,7.998965563563336e-18,2.0696706848344348e-10,0.00014548556646332145,1.2141788963138112e-10,6.3920274103032235e-15,2.1907647442291015e-15,0.36423030495643616,0.21068644523620605,3.824902539490807e-21,1.8625747645606427e-12
IL_3200972,0.0,4.100140244775491e-29,2.873391026454141e-26,1.410534684868902e-17,3.256308073722341e-34,4.4463998452631725e-37,0.0,6.962493914741685e-10,0.937389612197876,0.0,2.4049021074506892e-23
IL_3206011,3.626269849540858e-19,9.277917052129748e-22,1.1493690927396466e-13,0.00022745037858840078,1.8381950076625766e-19,3.3411512389466396e-17,6.558677918428877e-23,0.0037369339261204004,0.5000543594360352,4.4455942001963196e-26,1.3584086577979541e-17
IL_3245297,6.421915799137423e-08,0.04395249858498573,3.87233234996361e-16,0.1236211508512497,1.280018296319688e-15,3.3971394761914825e-14,9.056737158190734e-15,2.7535435987802257e-15,8.285574646087895e-16,0.49746713042259216,4.231171935454708e-18
IL_3275405,2.994029720329583e-14,0.3958203196525574,9.794717366343121e-16,0.2936553359031677,6.2331185898586086e-18,1.0953349798657033e-28,8.713048816851762e-27,1.1236341718179332e-11,5.801662155136e-06,0.4932669401168823,2.1583376361809823e-24
IL_3278464,0.040030259639024734,0.0018028679769486189,1.8480178549848263e-18,2.022893568209838e-06,2.2497348603795907e-16,1.4088860887049245e-21,1.4329107579588316e-19,5.208350959041595e-15,1.4417281812839633e-09,2.8266377682939492e-08,3.743713732431929e-22
IL_3286203,2.5800961241226654e-29,0.5,0.0,8.561480382062933e-14,0.0,0.0,0.0,0.0,8.837124420980563e-37,0.2532482147216797,0.0
IL_3304841,0.2386525571346283,0.07992850244045258,6.587809466974944e-26,0.0003642932861112058,9.013337810481604e-17,3.580664363161574e-17,3.782310234268627e-18,3.393203520927274e-22,1.2439813060485333e-16,0.055255819112062454,5.025559076020648e-19
IL_3328321,7.421465397783322e-07,0.0028474132996052504,1.943113950323949e-19,0.0002031702024396509,2.7279490159712793e-15,1.356120348395412e-13,4.3793843775192815e-15,4.2542865389370854e-13,6.305957275451468e-13,0.5000072717666626,4.478004119165634e-17
IL_3355205,1.86408393586826e-16,4.098145836906042e-06,1.117663941840874e-05,0.4996417462825775,1.206926203681475e-18,8.401787219035328e-20,2.1058411517490586e-23,6.233964455759633e-10,8.400055282430097e-13,0.0001208878675242886,3.2599700716673397e-10
IL_3383918,1.951159915462737e-17,0.0001075987602234818,2.1782975834458097e-38,5.5463508625595725e-24,1.0440713883199802e-37,2.5930392677555076e-36,0.0,1.0943729287472683e-23,0.499988317489624,4.5299408668597607e-10,3.997721998671962e-29
IL_3405674,4.966574720932648e-11,0.5401898622512817,2.725394940733657e-19,2.3262764159426297e-08,5.42146882942518e-12,8.963724046736265e-16,1.1885501795784563e-18,1.1632834723707824e-13,9.254403519619076e-16,1.3817559363360488e-07,2.8082603178102537e-14
IL_3416109,6.313937775299735e-17,0.5,0.0,2.4434172124734847e-21,6.7232785780762855e-25,3.369917857854888e-33,0.0,0.44129371643066406,6.464633949682108e-12,5.429003227514697e-23,6.441381514044968e-28
IL_3417042,6.228734027039287e-14,0.5250746011734009,7.571352399204923e-13,0.04295326769351959,1.1279565823030246e-11,2.3345608113345406e-08,9.666213997915171e-16,1.7785886652355032e-10,2.5768498446154808e-08,1.5830547983597398e-10,1.1699968522228127e-13
IL_3475314,1.3687948012375273e-05,2.6408530473531755e-08,1.5484905808311426e-31,8.464041911793174e-08,0.0,0.0,0.0,1.5329676725663457e-17,1.6936525424303406e-13,3.9917016692925245e-05,0.0
IL_3502631,6.513842798483438e-10,0.41692033410072327,4.341678780421909e-21,0.0006903194007463753,1.4096830361246773e-26,4.0034623886789405e-24,8.635974005793881e-21,3.931009295854437e-09,1.5796832005860904e-15,7.822280167602003e-05,6.012189374089234e-26
IL_3512099,1.1118284071187645e-10,0.999824583530426,5.481038233247447e-26,1.137580099563884e-10,5.5024103977864154e-17,3.50550830434817e-18,1.0270153501016801e-24,1.4066151790398467e-21,3.4979349666238224e-22,8.366462904418892e-13,6.291816245394451e-22
IL_3516247,4.0399259580351006e-17,0.999997079372406,3.314753113865505e-20,2.0782911524554193e-13,2.282026138609089e-16,2.8398227983040224e-15,3.584560287497121e-24,6.869684959369448e-16,2.2796856806967067e-16,1.7929585157598453e-14,2.798919678925066e-13
IL_3525336,2.537678867042814e-08,2.596389379050379e-07,2.6678250622756175e-17,5.689269983122358e-06,7.246850505924941e-20,6.093138407862045e-20,5.425814967280156e-23,0.00839492492377758,0.04124639183282852,1.888953564353475e-15,8.228422983943708e-18
IL_3584159,4.2130767496928456e-07,0.16102977097034454,3.693154235999347e-21,5.978875172729659e-10,1.1509728725656032e-09,2.833841827865058e-09,4.0285295262595e-21,6.421582016136185e-12,0.0010583378607407212,9.583010247967913e-14,2.606201624682277e-14
IL_3592184,0.0005890084430575371,0.7839328050613403,1.3248549812772126e-08,9.312477777712047e-05,4.443589205038734e-05,9.044410035130568e-06,1.169169223658173e-07,0.0003323886776342988,9.341331406176323e-07,8.25259030534653e-06,2.8189080580887094e-07
IL_3662013,7.937658665468916e-05,0.502931535243988,7.586969247297404e-12,3.02972008592306e-10,1.958771145282867e-09,3.1109607334656175e-07,1.8591336803375214e-10,2.9343694629094946e-14,3.6899408528690003e-10,0.47831255197525024,3.266046544325718e-09
IL_3682737,0.0,0.0,1.4436683488998965e-35,2.520116630043669e-19,0.0,0.0,0.0,7.183190575688059e-08,0.9998725652694702,0.0,1.5482240668744525e-32
IL_3708176,1.7140280861305257e-10,0.016992611810564995,7.875559728747469e-19,5.887761944656233e-10,2.0309405538072346e-14,8.17714542911428e-16,2.768139106602584e-23,2.673436472200308e-11,0.499975323677063,4.977951448381646e-06,2.7635461132470395e-18
IL_3731984,4.289463357664185e-23,1.0,1.934358799900006e-25,7.0298802157278785e-25,4.4002229884920496e-27,2.1758716475213297e-25,1.0842408162034495e-33,1.788247958617796e-30,6.601811833081823e-20,2.4542881290647023e-15,6.151815678672448e-32
IL_3743750,1.3312109661128835e-12,0.997808039188385,1.1073769001764083e-26,3.390754343968183e-10,1.2135462561395333e-22,5.881385295488911e-23,5.26834703843624e-31,6.906596223299789e-18,1.9686140484274266e-15,6.8126140300530455e-18,8.780148832411795e-26
IL_3769258,1.0857759491500474e-07,7.238232641035331e-21,3.2838997261763498e-15,6.593602552840139e-09,1.278520553200107e-32,3.5309010220909015e-23,4.9216122837805176e-26,0.49350565671920776,2.0482264972629394e-13,9.624297092614142e-08,1.3604062504995582e-23
IL_3770691,6.28197633700092e-27,0.42121535539627075,1.523246484206571e-22,2.369067194638104e-18,2.8484353254358128e-24,4.501963571044355e-18,0.0,2.8342250963687976e-13,0.49993181228637695,0.006340261083096266,4.9502109078503054e-08
IL_3795536,0.004332533106207848,0.49999988079071045,1.2815276146863042e-35,2.941499543940296e-10,1.0427703122285e-32,3.712105745324984e-28,1.0379774012999742e-26,1.1428842614354146e-22,6.557146742491556e-17,0.39825302362442017,2.7909413492373412e-27
IL_3825170,5.992910613249614e-19,0.506138801574707,3.427311883812565e-32,0.0019358288263902068,4.188845983304849e-25,3.531985469177309e-24,1.7731338989427762e-32,5.956992880088913e-18,1.310528613662201e-14,5.5567634794096916e-21,7.659346746596363e-31
IL_3849919,0.00020848440180998296,0.2309567779302597,3.278144075635758e-11,0.003536259988322854,2.429059842157244e-09,4.2495770458117477e-08,5.327122298837139e-09,9.728751319926232e-05,0.03091188706457615,2.38567099586362e-06,3.6063804720321e-10
IL_3863962,6.722025019945121e-11,4.094665200682357e-05,1.8276504615488844e-28,2.4179751534347815e-09,1.7942149936374852e-28,9.048626148516824e-29,8.368483988656471e-29,2.8161349817980406e-21,3.5529004656409666e-36,0.14320030808448792,1.8274316051894618e-30
IL_3890738,1.8926269440555643e-09,0.007114425301551819,1.7013904754351812e-18,4.2550831835797e-07,4.2603940034483105e-19,1.123676290107719e-16,2.2613471857780796e-18,5.463235072666883e-11,1.3279698174439858e-10,1.8616730130815995e-06,8.552867751055251e-15
IL_3916806,2.981426801810681e-15,0.9984451532363892,2.9698214578212295e-33,7.636601560005496e-17,1.0354468680200053e-25,2.0600795931799577e-26,1.6426278712521965e-32,4.355128318525234e-15,5.1517069721285225e-08,2.5201225632874184e-22,2.437483561672037e-24
IL_3918658,1.3130242850682114e-16,0.5001009702682495,0.0,5.567962173133149e-28,0.0,0.0,0.0,0.0,0.0,0.02992999367415905,0.0
IL_3925046,3.6598776812004354e-31,7.692037229389825e-09,0.0,9.11098041750817e-28,0.0,0.0,0.0,3.7659885018341744e-37,3.5448941524702406e-39,0.5013085007667542,0.0
IL_3944678,1.3343441196411732e-07,5.469168627314502e-06,1.0951275078416558e-16,0.4485791325569153,3.885860921969139e-17,1.44915028827696e-16,1.989182125969129e-15,3.8501829635606555e-07,1.3502860938749417e-12,0.0012377183884382248,4.319713451619961e-19
IL_3989231,8.049938493570608e-09,0.4637739658355713,3.0018824759281415e-08,7.560989160992904e-06,3.93756891615192e-23,4.1418726572248717e-20,2.2015448399045784e-17,9.201631911167255e-17,1.4640519970399862e-13,0.0035474717151373625,2.9396112998337983e-18
IL_4014940,1.4925274741631183e-19,0.9999994039535522,9.571124682150244e-35,8.004504004066604e-11,6.209790772459496e-25,1.3336633456574066e-27,3.8611420037063816e-36,5.621675531734086e-30,2.002589514447396e-23,3.447782497174785e-21,4.945568760960818e-34
IL_4030473,2.026041313885063e-11,0.5617090463638306,4.654859153569307e-25,1.3362838835462298e-08,7.136365934249762e-22,1.5880337800002335e-20,7.655154412115713e-36,1.9427589864435873e-18,5.2852652032697733e-08,2.620785286073197e-19,7.53387210819807e-25
IL_4032940,7.149541375595092e-13,0.1270570307970047,1.1653582834403377e-33,1.3584994462689792e-07,5.089515472629779e-26,3.9254261456055706e-32,0.0,5.64773933366262e-26,2.818381228712993e-26,0.015927791595458984,3.615870581639266e-33
IL_4048093,4.4916298236330476e-08,0.0003055099805351347,1.4625559081562394e-17,5.096409839283611e-12,1.3139980115184003e-21,1.049330203654313e-25,7.647654545873777e-16,1.0785167814644152e-15,1.5535109199049657e-08,0.13716866075992584,1.0562834697186473e-19
IL_4102420,1.655034225223062e-07,6.664349712082185e-06,5.0384856876972695e-12,6.742450864294369e-08,9.533769508588655e-21,8.501604008280897e-20,6.038952499440566e-17,0.15130159258842468,9.50221956783244e-14,0.000286923284875229,3.04975703436898e-14
IL_4113222,8.717240873005913e-26,0.5,4.635950157671159e-25,7.645478217535584e-13,9.15897924852565e-39,0.0,0.0,3.0163429822946337e-21,7.840602489093615e-14,0.4996434152126312,0.0
IL_4121028,8.107096938214653e-11,0.5002295970916748,3.0617286619051208e-21,0.3276453912258148,5.029862694088511e-16,2.8943506650518874e-18,5.121180226105834e-27,5.115560359171903e-18,1.0935234922432313e-12,3.2310498677620703e-13,1.9008904513326944e-20
IL_4137970,1.1165193427586928e-06,0.00024481979198753834,3.1989249271604583e-21,1.2306503776926547e-05,6.875005782116083e-17,5.1403160021687086e-14,6.067683317954629e-23,2.3930874442918475e-17,1.1258368369515548e-12,0.00032470517908222973,8.306961947798634e-20
IL_4183780,9.061633136298042e-06,0.9543837904930115,2.0649133444794465e-12,3.4443013419149793e-07,6.354747483783285e-08,4.320125128742802e-07,4.425956366541691e-15,1.2427489592958807e-11,2.1503590019733565e-08,1.7824516973519167e-08,3.7391978402467885e-11
IL_4205103,7.203206233758748e-18,0.9994423389434814,1.7142720772235888e-15,9.566830661000836e-10,6.039729552907999e-19,4.473664481517997e-18,4.933843163781843e-21,2.0542359046443748e-12,1.89835850505915e-06,5.352799299185133e-15,8.467614478364497e-21
IL_4212360,3.2749039036161776e-09,0.7394225597381592,1.9657165717046682e-21,1.425044047209667e-07,7.976459289349858e-15,2.830410885831488e-17,7.517589466911675e-21,7.056477627981641e-18,2.051350408982522e-12,3.3200866500493476e-09,6.405000143406897e-15
IL_4217178,1.6538200034162013e-20,0.9992004632949829,3.4964768183772415e-25,1.0399004519903027e-13,2.314435558561466e-25,3.964958506977459e-26,2.623747701662242e-34,7.782167862419007e-33,5.583263636467127e-25,8.042763677273967e-11,1.6945363949169093e-26
IL_4273134,1.460838490174865e-07,5.7352139037902816e-08,1.2655051594746806e-24,1.3751300868600187e-22,7.938887065158039e-35,6.703847888739993e-23,1.1466732666128943e-26,1.8607027030270729e-09,9.238338216285418e-17,7.042535230539215e-07,4.2930613206984615e-21
IL_4304678,1.37842818048739e-07,3.462371500617678e-10,3.937865299706622e-29,1.7537278459945835e-14,8.152371992124232e-34,1.1815681771527603e-29,3.4336486212095425e-31,1.0930128536605768e-23,1.246407625820185e-25,0.4997136890888214,3.665622371940184e-23
IL_4365221,3.809021570400132e-22,0.7962663173675537,1.1982988449076685e-24,0.007501096464693546,1.4844426056053668e-22,1.969133174985746e-19,1.1112245645330636e-33,6.143038207561278e-19,1.3126625755299542e-16,5.6679720158744075e-21,1.135625824303098e-26
IL_4377002,2.86295393963178e-22,0.869216799736023,1.3585872066718782e-21,5.389292104851293e-19,9.897919819342178e-22,2.352596211813467e-23,1.5037421389275577e-24,7.549859810169222e-22,3.6588112258285617e-16,3.4212299659941436e-11,5.123877883882657e-25
IL_4378654,0.3988959491252899,0.5138128995895386,1.653207293283998e-10,5.369869882088096e-07,3.7889089088416483e-10,2.883668059894262e-07,5.982680323368683e-11,7.463530238283056e-09,1.5271073294798043e-10,0.00042187413782812655,1.100354363181566e-09
IL_4383984,1.5747544379607348e-09,0.5491911768913269,1.9519793147689915e-24,2.5205897600244498e-06,1.597471070684154e-20,1.8357124964726372e-21,4.765692462156827e-28,1.554040429543379e-17,1.805406952409827e-12,3.448169484318586e-14,3.9015511630015016e-19
IL_4392618,5.98441118881965e-08,0.5492280125617981,1.3406825311815126e-34,6.42237552028746e-08,0.0,4.19987647077243e-34,2.3616860675790425e-33,7.935612576209104e-29,2.556934389869679e-26,3.7975864120021185e-10,1.9093272245604026e-28
IL_4393410,1.951955001467523e-17,0.497456431388855,4.238130178767504e-18,0.01554623618721962,3.3216437868620133e-19,4.6527645259175536e-21,6.616410419787551e-22,0.020574238151311874,0.03054387867450714,3.759994160641711e-14,5.809965969072231e-21
IL_4404293,1.528550637885928e-05,1.373791656078538e-05,7.545635251762484e-20,0.0007795300334692001,3.563356507551637e-26,1.987046158891494e-20,1.6796071082734188e-17,1.6902210967645326e-12,5.078388376489329e-09,0.3705345094203949,3.275753586400209e-24
IL_4407167,1.2419255881468416e-06,0.49287042021751404,5.8892993138897175e-18,9.851815814965886e-14,6.132789951648796e-27,1.78303256212166e-20,1.1569602843730985e-28,6.806142455184627e-12,6.898362686394493e-23,3.097454100497998e-05,1.9379597497588851e-22
IL_4418818,2.0307591341861553e-07,0.5000057220458984,7.638546633856884e-19,7.654033834114671e-05,8.696580947664273e-19,3.9130660286887596e-24,1.2195267558124203e-21,1.0412182282625539e-17,6.7167760306322596e-15,1.3974452883758204e-07,1.0142359414877582e-23
IL_4429583,2.0710670014523203e-06,0.05112238973379135,8.634967605314001e-14,1.5669903632442583e-06,1.4590992592318444e-27,3.9950794408871068e-19,4.783536961137601e-24,1.1154354370807104e-17,8.785008829892876e-18,4.662255832954543e-06,9.329053919014305e-23
IL_4447995,0.07087580859661102,7.81555655748889e-08,1.4634759701655896e-21,0.05927787348628044,1.6339850583690918e-09,1.1270112507269613e-17,2.5264584936889947e-28,1.050536440061478e-07,1.157720408428986e-08,1.4117251475893183e-13,1.3200713822079372e-22
IL_4474915,7.076969761078689e-13,0.5419458150863647,2.9944595664715903e-27,0.04326074197888374,4.823776519254653e-23,4.933080534079443e-25,4.9575998255353486e-27,3.147300066855449e-28,5.338384294117893e-27,2.017485623007076e-10,2.7724713699878426e-31
IL_4556052,4.167386853898107e-15,1.5169843159412721e-10,3.4524241104838538e-12,5.416724846440957e-08,2.5022727078178386e-25,1.2905424675373563e-26,1.2598457727330119e-24,2.0416663151778813e-12,1.370966057692713e-12,0.4832700788974762,1.1973328731298147e-18
IL_4629710,1.2766894746246704e-12,0.9999998807907104,2.1565544880863619e-29,5.494821994913993e-23,4.747886206906219e-23,6.643377012627759e-18,2.3882886967867347e-23,9.675749406178413e-20,3.4899383730135902e-15,4.353234776371647e-15,2.7840863636751244e-24
IL_4631015,3.183378536067793e-21,6.931608711003305e-34,7.098572489365462e-13,0.03752671927213669,4.841929839719974e-18,1.0015685527401587e-28,4.723089447339523e-28,0.14497537910938263,0.0006428328342735767,2.3103404455355134e-29,6.1834754203672125e-27
IL_4632594,2.474329797393305e-31,4.3713428746239005e-32,1.3178867835810431e-16,7.599361678128913e-13,9.014105659823005e-29,5.296750381210032e-23,5.495239077240996e-31,2.8141780603618827e-06,0.9777778387069702,0.0,2.25621413304665e-22
IL_4640947,3.831011202715118e-11,3.2833609111548867e-06,6.430201437979122e-08,0.09724843502044678,2.94720647221826e-17,1.6892405595663297e-15,5.432231877427585e-24,4.183702826044593e-15,1.6009851051216467e-14,0.4543873369693756,2.933890042261349e-14
IL_4652828,1.695508800025891e-08,0.5,1.2318687349027968e-16,8.900472284916524e-15,4.300504896079802e-20,2.071464787163932e-20,5.510849397793258e-19,3.2849360709873154e-14,2.9026974516455084e-05,0.474053293466568,6.42570972839035e-17
IL_4673376,1.2032464746994384e-29,1.958927908773944e-09,1.010295859500576e-18,1.5986114342003699e-12,1.6684870368611053e-27,1.3261546988557671e-20,3.9527132903166492e-25,6.367280156903063e-14,0.5000284314155579,5.519319218355854e-22,9.665882596274558e-16
IL_4698973,1.441440531380067e-07,0.2160227745771408,1.927209383899742e-15,1.7781772582159405e-11,3.84972435873987e-12,2.2502917845424104e-16,4.846080027804177e-21,3.9948086505425806e-10,4.836722927552273e-13,1.1360727825149297e-07,2.5011166748800662e-11
IL_4703518,5.356559995561838e-08,0.5000084042549133,5.019244077303494e-16,0.09961555898189545,1.2727905633535864e-18,5.307565109367406e-18,1.9182289453783272e-18,9.3511698384674e-10,2.118780928483943e-09,9.626783992189303e-08,2.423109605317881e-20
IL_4708155,1.6707148039204918e-21,3.328178797010542e-14,4.634227683040053e-21,3.5602976566906364e-08,9.94531611094586e-26,2.2357498263833395e-26,4.7091524621541874e-18,7.652888598386198e-07,0.4999457597732544,2.3912421920158822e-23,1.0004893980885936e-14
IL_4733323,2.9184315056855005e-17,0.010802997276186943,7.800775799908613e-25,3.74244070777e-17,2.9527698878192255e-29,2.1324593059757208e-32,6.059391902693168e-34,8.283337378698435e-23,7.525081752245102e-20,9.975648643722676e-14,1.3096317458857382e-25
IL_4738780,8.928894068560567e-09,3.9986801425584417e-07,7.230427367943548e-11,0.12828566133975983,5.284166767344223e-12,2.824453986249864e-06,4.150591206993591e-14,0.004019001964479685,0.029705557972192764,7.53053609514609e-06,3.6712274794617125e-14
IL_4747648,7.433023390517518e-27,0.5020616054534912,4.53663706987989e-31,0.000235762883676216,4.9363182996498696e-27,5.994877235155959e-19,0.0,1.9850829232557818e-18,2.1413339851283908e-12,1.1046547907930113e-26,2.80549372404538e-29
IL_4761308,3.063028611780665e-19,1.0,6.311131823938934e-34,2.05233607393993e-20,1.736038490400103e-26,1.8230390931309475e-29,7.567127174347473e-38,3.86197854414635e-30,3.413810204411506e-27,6.620531524879963e-18,1.820023664620602e-36
IL_4787245,1.0031440332266064e-13,2.8245857429920725e-25,1.7767073077525064e-13,3.348173720496561e-07,1.1038466780578732e-19,6.188814467951603e-25,3.0254637490878798e-25,1.7101262983487686e-07,0.00017014375771395862,0.4999788999557495,8.796801666005058e-21
IL_4796202,6.869390446013687e-14,0.9179040193557739,3.140095962194423e-26,1.5905993969861365e-13,9.231925002278233e-20,4.0336020659631395e-21,1.232153506304329e-19,1.5418620768594294e-20,6.4392404330738896e-24,4.977333674105466e-07,3.297625149427914e-24
IL_4805993,3.9195865437885133e-19,1.0,2.4851892493050716e-31,6.564705415531489e-19,6.651352705928562e-25,1.8408711713561758e-26,1.5052917805729578e-32,2.8559703118100395e-20,5.818828356434977e-16,2.3410571013382567e-19,5.211137428616748e-28
IL_4840188,0.0,1.0,0.0,0.0,0.0,0.0,0.0,0.0,0.0,1.712999606365542e-20,0.0
IL_4848599,5.803717966282318e-13,0.5028066635131836,1.8459724349629477e-28,3.6750139073183524e-17,1.4884203578338532e-22,1.3948081823064366e-18,1.186326376904839e-25,6.464781505362619e-16,1.2760351349645023e-30,1.0750973722384316e-10,5.7231748233257676e-24
IL_4848977,5.228113941768697e-09,0.5274847745895386,8.552360643017642e-17,0.04783531278371811,1.5241391793097137e-06,4.53945488512221e-14,1.5878179052474028e-19,3.0094954306392196e-12,3.6530152236480262e-09,1.221253653760357e-10,3.971431202561687e-14
IL_4907451,6.117160814347877e-14,1.3227057434423331e-18,6.95321046985537e-38,0.4910264313220978,0.0,1.4744641197984067e-34,3.0859456519208343e-34,1.3048242699480446e-18,1.9156511420124694e-22,0.49781519174575806,0.0
IL_4912944,1.0096412502704974e-15,0.08325992524623871,5.188260502203025e-16,6.0133725256206194e-12,1.131238755964631e-21,1.397147762704589e-23,2.23541447322992e-30,0.15054629743099213,0.0004379218153189868,2.0938806651875248e-27,1.8358869925596405e-14
IL_4926820,9.475839041195968e-34,6.131205679704391e-22,1.5027621074609199e-12,3.4783194526695135e-14,4.234283131146695e-28,1.031618797253876e-17,5.203124582446057e-24,3.410777082990535e-08,0.9991480112075806,5.208190868332633e-38,2.082682117043877e-11
IL_4928787,1.0346321103462883e-14,0.49621057510375977,5.806065263985749e-13,0.0014210359659045935,8.27609248493788e-12,9.558706670425524e-15,4.915109257139331e-23,2.3317793822110605e-14,1.9920669084292405e-16,2.366042362034193e-10,1.3566792144226224e-19
IL_4936385,0.00015702903328929096,0.0012473679380491376,2.9689476738482977e-19,6.2928897932579275e-06,2.7414089878372017e-13,1.196998847258708e-19,2.7237902931441447e-22,5.63734204206412e-07,1.0788158277819093e-07,4.1414576629206223e-11,1.435816552977851e-20
IL_4942231,4.3438440400223044e-08,0.5001817941665649,2.3497568587965517e-29,5.643785609753087e-15,2.982569053539185e-38,2.1242358413709558e-31,1.7925306544176225e-22,1.2850245145426416e-28,2.2557421559793677e-31,0.015560880303382874,2.7282238257843598e-27
IL_4953244,1.4765899614133104e-10,0.5208381414413452,4.570115444933742e-13,4.1360581235494465e-06,7.498894248027439e-19,1.0567440113134802e-16,8.291473171774338e-18,5.133007124273441e-14,1.55291526538696e-16,0.00015247314877342433,1.765798679591844e-15
IL_4955020,1.3036197121785165e-10,0.008514601737260818,2.9945620259446317e-27,8.471109822494327e-07,5.2290315634344205e-24,5.803231367727063e-28,4.046030984379174e-33,1.6949575110548292e-25,5.90606780658019e-23,0.00011221367458347231,3.493208900447605e-26
IL_4964046,4.3541839578331576e-10,0.17744609713554382,4.018734764338953e-37,1.0191614663312976e-08,2.989049101569576e-35,3.003944589457662e-34,1.6100218705859986e-39,7.536361355438192e-31,3.678243698977231e-30,6.42966213604268e-08,9.97346051371659e-33
IL_4983934,1.6175561546227534e-17,0.49532854557037354,2.0144220222017423e-13,6.5137874116771854e-06,1.0611714144122958e-13,1.1147906209263425e-10,1.1948943015051804e-14,0.05117756500840187,6.00753821689004e-11,3.444428076093686e-11,1.4064833196647398e-17
IL_4994761,5.0476128097505625e-20,0.00019556564802769572,7.628508935653144e-10,2.2423702265405698e-15,2.987748516285251e-23,1.946257340049227e-18,7.277699883026928e-25,0.0037296598311513662,9.90642661236052e-07,9.64840576547386e-15,4.012566989786137e-08
IL_5016487,3.311800554707543e-17,7.167529838625342e-05,5.697200006610443e-20,1.591319209819878e-16,4.324582498531538e-23,4.635367386677427e-25,2.0914373449311061e-32,2.3055861220200313e-08,1.2949996977540401e-11,2.519257372157746e-11,3.088918194493008e-16
IL_5018680,6.890147778904065e-05,0.006420402321964502,5.093128026632574e-23,0.0011377063347026706,7.008386694567478e-23,1.0563553374233966e-27,1.0708956270210341e-27,4.1227054953535283e-16,7.065891223013152e-25,0.47312891483306885,1.234360173877568e-29
IL_5117306,6.769865832304673e-16,0.514718770980835,4.506886991550665e-24,6.462702373255524e-08,1.5546783680338862e-20,9.330875998378749e-22,5.461963946337752e-25,6.411359881841841e-18,2.2668781289439154e-18,2.6160353722680385e-13,1.8538208161534445e-26
IL_5136565,0.04456450045108795,0.0021816843654960394,3.3790880227042616e-29,8.518339313923207e-07,3.855784777833521e-13,5.20068488735247e-16,4.6929901413914226e-20,2.510356641985625e-21,1.3291232432790668e-19,0.49985718727111816,2.8026146807585315e-18
IL_5150961,5.114666237204801e-06,0.5909243226051331,1.3716955758053037e-22,1.3055060890110326e-06,8.75199006600269e-08,5.432193006527086e-08,4.006630097141972e-13,2.9832811686904574e-15,5.419088494683949e-17,6.266808738608631e-10,2.958554148335679e-07
IL_5152620,5.453570581237521e-11,1.340627831504698e-17,1.2019023132975835e-14,6.244802591703902e-11,9.674024501956693e-18,1.776331237956728e-22,9.257820875367126e-32,1.0377521758586639e-10,0.41499921679496765,3.4830941331165377e-07,3.7562163573643408e-22
IL_5171099,6.295896315126323e-33,1.0,8.376923197005657e-27,1.1474105359351838e-36,1.769068237351971e-36,4.705709832951881e-31,7.822722386959523e-29,2.337435251779594e-31,6.156483787144754e-33,5.6014979097722775e-27,0.0
IL_5172506,1.6000250779792287e-14,2.282283520158024e-12,6.593127519632924e-12,1.0441781987668985e-11,2.601111337834105e-15,1.651921770217963e-16,4.507514986930352e-19,0.0013145235134288669,0.9662550091743469,1.254905506662162e-25,9.610255299885573e-12
IL_5188190,2.142443073370842e-31,0.5,1.598293727652732e-20,7.641805043326541e-25,2.8904183526677447e-35,2.3366711804515596e-31,3.2175154400099483e-35,0.4392453134059906,1.0432404723079158e-12,2.581923513714843e-17,1.1656298849247837e-15
IL_5192693,1.3859599760505641e-17,1.7178214146290616e-12,5.681128142647035e-24,1.7554232272232184e-06,3.720964661957301e-29,8.164519767348257e-39,7.075464479061288e-32,1.065757235965654e-16,5.000749028196902e-14,1.2298243746045046e-05,1.8059566907501204e-36
IL_5195971,1.1935377816282844e-12,0.49498307704925537,7.195478550917564e-21,1.670912581630546e-07,8.391663879614008e-28,2.1173205925329623e-22,6.123017830318828e-32,1.3773226367527097e-26,1.7221298165868098e-16,2.1311389213349573e-20,4.850482972405933e-28
IL_5199215,4.506114531379208e-20,7.523804712930571e-14,9.054610742483378e-34,1.0544031201652523e-19,9.836630674155632e-16,1.7618259345247703e-39,0.0,5.764501289501345e-12,0.004761004354804754,2.6224771289198093e-19,1.5472136252299177e-18
IL_5202722,1.633618218477295e-08,8.059843903396313e-10,3.8984168816788054e-24,0.00023039375082589686,2.928518701410948e-13,4.501231174404593e-23,3.6149036373271726e-26,7.597872301981273e-16,0.464788556098938,2.5741886053309848e-11,2.1678113823361435e-23
IL_5227274,1.8410781844617214e-20,0.9973039627075195,7.754947131156628e-37,2.4719484237323286e-09,7.831296085404138e-30,3.157752103709966e-31,0.0,6.299134061689477e-27,1.2460937762764478e-26,2.6509690662355786e-21,2.9433532188657487e-32
IL_5227787,2.633025766533977e-31,1.0,0.0,6.400005888362691e-30,0.0,0.0,0.0,0.0,2.0797427210215346e-39,2.120839639956063e-27,0.0
IL_5242598,3.4897452404026295e-19,0.6081353425979614,1.3586867608318355e-27,7.689850193054439e-28,1.6378314381758414e-29,2.8987631760190206e-22,1.418516218555976e-38,0.06743542850017548,8.273143573183198e-19,4.168621610283305e-20,5.351825062403281e-18
IL_5308378,6.871620959049516e-17,5.936979640547291e-12,1.0719171353331565e-23,2.1353063929703187e-19,2.25830419509965e-18,7.850934928464004e-31,1.8393330388036842e-32,7.961514070621914e-14,0.4998322129249573,0.1558966487646103,2.3970404379983924e-24
IL_5330356,3.545369726964953e-12,0.9654327034950256,1.3433419269421794e-23,4.460994063038015e-08,1.3346843165580372e-24,6.123668855284255e-25,2.611752304147469e-21,3.499071677717353e-25,1.5569189320737633e-25,1.1147806011635453e-09,1.0704759206186945e-31
IL_5334240,3.09233406991977e-18,0.5,7.423196895347826e-24,7.925180398160592e-06,1.0900516464939711e-13,2.889866307496554e-28,1.0349879932048543e-34,1.3252134112295977e-10,0.002506616525352001,2.0919064329201323e-26,1.5657828739580467e-22
IL_5360549,7.183751904449309e-08,0.4995134472846985,1.0303781776663828e-28,0.4150480031967163,2.1853336301826723e-20,5.45138068704092e-24,3.4238322226573352e-37,1.6446800620354123e-15,2.691184254610679e-11,5.1500745574723836e-21,2.8490176813224287e-31
IL_5383665,0.02193322218954563,0.5201773643493652,9.141344205306791e-26,1.845586666604504e-05,3.798821272147165e-16,7.235497710511593e-18,5.522026572422804e-18,1.6731308135050323e-22,1.0072008824593521e-20,1.4937747039311944e-08,1.2485434439072136e-19
IL_5417792,2.3352742207080932e-27,1.9725031828958364e-25,1.15892439574714e-18,1.5507258858600933e-23,0.0,0.0,0.0,0.4999862313270569,2.611175359796907e-15,0.5,8.696505208939436e-21
IL_5419157,1.4597210159367213e-14,0.5174214243888855,0.0,7.18963732992961e-09,4.8756426471239275e-26,4.725101630547438e-38,0.0,2.604555293357061e-31,1.0298658030125291e-16,8.210097315589388e-29,0.0
IL_5461503,1.1346250516908185e-07,0.7379868626594543,7.92999260007532e-12,8.742595127841923e-06,0.12508448958396912,0.42803308367729187,1.3370988760641467e-09,1.121463685804791e-10,5.881037844213122e-14,1.9700202756212093e-05,0.0663704052567482
IL_5484022,5.086134223136245e-20,0.9999999403953552,9.020834161275248e-32,4.1091732440486344e-15,3.769761963402715e-26,5.572888942672134e-29,0.0,4.631134568848618e-36,4.274963857567951e-24,3.4371276819321873e-17,1.0256651980180056e-34
IL_5489843,1.1072635322361618e-25,0.9993040561676025,6.701801270293312e-38,2.978775670570144e-09,2.0102749751588504e-37,1.1000904804569691e-38,0.0,1.4587306258332311e-36,1.2972066522111595e-32,2.4857816229745575e-20,0.0
IL_5493219,4.4320082765617635e-21,0.9796839356422424,2.065427307208357e-29,4.9272414708559745e-21,3.049463313711225e-23,9.780011436129521e-30,8.799909128728594e-39,4.369484711928838e-32,6.090896796980122e-38,0.0006975362193770707,5.15325241736475e-22
IL_5512024,4.569265053633201e-19,1.533834257522182e-12,7.183405210725233e-15,1.4433470418850902e-08,3.0528720827358025e-13,1.6076470911094016e-23,9.930687208078886e-23,9.026015490576356e-09,0.00046256507630459964,7.90508756765928e-24,1.9365500136693994e-19
IL_5545711,4.170580723439343e-06,0.0001223110011778772,5.762825367128244e-06,7.84461462899344e-06,2.737426674226384e-10,3.5507821394276107e-06,2.5536953736533807e-13,0.00024731672601774335,0.001687470474280417,4.934927346766926e-07,4.6711148837808025e-11
IL_5552679,2.1087745489732862e-16,0.00046657666098326445,0.0,3.675375024032852e-34,0.0,0.0,0.0,0.0,0.0,0.5731852054595947,0.0
IL_5562172,9.027066289354305e-24,0.5,2.2077608275675036e-31,4.2854478646270344e-12,4.866241718557026e-33,8.965924601173163e-36,0.0,3.966585385937166e-37,1.1218095238202336e-30,1.388485270581441e-05,0.0
IL_5584877,7.858111925368826e-17,0.5,1.0602615141503007e-16,2.3503539523517247e-06,2.1795003525029483e-18,5.438433901864433e-24,1.709462814209097e-26,8.250327064053802e-15,5.454254669440273e-12,1.327431107256416e-07,2.1406776910857254e-22
IL_5603161,3.553765693720991e-15,0.5447065234184265,1.2564879328032003e-15,1.664904303311232e-08,1.3105621985185596e-16,1.5293744930432343e-19,2.0245651282284998e-23,7.570355475307322e-13,4.5249713309658546e-08,2.277816649559031e-16,3.114787374795542e-16
IL_5609972,1.0359708289787647e-13,0.499963641166687,1.0597700027332361e-35,0.469679057598114,4.056571495286204e-33,0.0,0.0,2.3598826334807126e-20,1.727088616911338e-26,4.36139288240156e-07,2.446561615510271e-35
IL_5632066,0.0,0.47482797503471375,9.47559016700138e-33,2.389520013996476e-22,9.996609441315386e-35,1.1036152281414177e-36,0.0,0.0027665167581290007,0.3436126112937927,0.0,8.176298268729513e-21
IL_5671982,0.6135646104812622,7.10911481291987e-05,6.200874888384242e-30,0.00029894380713813007,1.714799392751299e-28,9.329503776828357e-18,5.719461457829666e-25,2.0738396244723845e-07,1.0436433357029215e-18,1.6554439026192358e-13,1.3361044855133425e-13
IL_5695938,1.6774445669846295e-15,0.5,4.8626985820138593e-14,8.309454278787598e-05,2.6325376404185645e-21,9.37103148612652e-16,3.955783272691366e-21,1.4683651430175138e-12,7.188087902676443e-09,6.497884214685807e-17,3.0375639103899597e-15
IL_5698172,8.806283088067128e-18,0.9999998211860657,4.535476494047233e-24,1.2329580945464016e-18,2.2768164558495563e-17,1.000018193660036e-14,7.615628469123818e-24,3.409594540973538e-19,2.6928561762687377e-16,3.2850394090068805e-16,6.89187693204032e-20
IL_5712655,2.085298390336126e-29,0.5,6.168558611465447e-28,0.488556832075119,0.0,5.054354148103838e-36,0.0,2.468468665028922e-07,1.862967076605191e-18,1.3729713832293556e-30,0.0
IL_5746899,6.877253627690649e-11,8.641817816901209e-10,5.718299315325227e-36,6.047044375651067e-12,0.0,3.1419956766564364e-37,0.0,7.547521487222925e-16,9.286749759066489e-26,0.16434156894683838,3.19976134719936e-39
IL_5770284,7.430315378470758e-37,4.442960408629232e-36,3.607532178983629e-27,1.1268663750057563e-15,1.6508767265349393e-31,6.167349131221954e-31,0.0,2.566255151090213e-12,0.9997817277908325,0.0,3.5402898552582248e-22
IL_5841112,1.477235522217913e-32,3.8795000649643396e-27,6.950978347987673e-25,3.790400319153337e-19,1.540270885485689e-25,4.491807006723711e-31,3.7753334432944146e-32,5.935881564056444e-09,0.9999188184738159,0.0,6.607322237288425e-23
IL_5873278,1.7222651601371296e-20,0.995807409286499,4.333139998522503e-22,3.024135455942378e-11,3.411451577604591e-21,1.9929403256269136e-24,2.86900607878641e-29,1.3557178923676487e-23,7.167851381884027e-13,6.8157288701797825e-09,1.5031499570697454e-26
IL_5886154,1.3331705872587918e-07,2.6082741131338834e-16,3.663987550048351e-15,2.398002789719654e-15,1.9462462971880496e-17,4.903289146235279e-13,2.546647711458331e-24,2.0651054200016006e-09,0.44200870394706726,6.925915241572924e-16,5.410090574858341e-14
IL_5891440,6.581788039349204e-18,6.35901002965511e-08,1.4503426083775487e-34,2.0893733791715885e-12,6.566792204808853e-22,4.529753702610307e-24,8.096023040535874e-28,1.0160552285925683e-17,3.0384713027467163e-28,0.49973252415657043,7.185804243582568e-26
IL_5907718,7.584211910473327e-17,1.6006517129536074e-13,1.191585378280139e-21,1.3545990718011325e-11,2.0433603565001627e-20,3.26566210895726e-30,6.474678367662518e-31,1.1740541702157095e-17,4.294490281608887e-06,0.5103616714477539,1.822312817967423e-25
IL_5913331,2.736547503445763e-05,1.1184541108377744e-05,1.1401596752444795e-27,1.454402709377689e-09,1.250750440475766e-34,3.576585193092801e-33,1.7502040008390262e-31,0.4928617775440216,2.6073601116442368e-15,0.02882925420999527,1.4044101666191679e-34
IL_5917748,0.4418145716190338,0.28386566042900085,2.3441554097201507e-19,1.9406301362323575e-05,1.011747609452082e-15,1.6509963867230876e-16,1.5130360013181619e-15,5.278675975366502e-16,3.8457606617104464e-16,5.150255219632527e-06,8.401703921947644e-17
IL_5924119,5.097411208410119e-12,8.644010507374844e-11,1.2791884951989543e-16,1.5263318386971036e-11,8.872464981696883e-18,2.060835792881143e-16,1.7932496159357537e-21,4.0889116803555225e-07,0.9907760620117188,4.80754431647236e-20,5.3934942857606394e-18
IL_5926691,4.335612147077228e-10,5.25912480231483e-10,7.516326450129895e-10,1.874053486972116e-05,7.137155200101898e-17,3.0870113645100608e-15,3.3326388489943095e-15,0.00026288762455806136,0.500057578086853,0.003305522259324789,5.614879654974869e-12
IL_5932158,2.37885942055982e-08,0.9902459979057312,4.219196363276667e-33,3.963616546087678e-09,7.540340003372438e-20,1.0655392306597044e-26,3.9802965514248006e-25,7.16148891889599e-32,1.4421942743298894e-26,4.772825263898994e-07,3.6512864631880156e-32
IL_5978307,0.0,1.4081920151664333e-30,1.4369183232919647e-24,1.6277438971625943e-18,1.1818075491799889e-28,1.5523467900490152e-31,5.55056563796603e-38,1.9878397539141446e-11,0.9999990463256836,0.0,1.7105474486499693e-24
IL_6000978,4.050705992852954e-09,0.5029543042182922,1.163668896945591e-18,7.730338196415597e-16,1.0164162432991109e-16,8.602060962942278e-17,6.399043989701539e-18,0.00027876728563569486,2.3265267433005737e-18,1.803687700885348e-05,1.0815125887680879e-14
IL_6012528,5.265732294645886e-09,0.25725555419921875,3.450241805426202e-29,0.03249188885092735,1.0238922300563875e-23,2.9133481378138344e-32,2.7895938558007902e-31,6.83752289348459e-25,6.446034879529758e-18,8.61432369880788e-10,3.8738166653593305e-35
IL_6031916,7.53427844472996e-15,0.9986685514450073,2.3572668428145756e-18,6.125718286305336e-18,1.0961011325098552e-16,8.354454281156443e-12,1.859578272731926e-20,1.0585362139158621e-16,9.72391280513788e-21,1.08373985341359e-08,3.772252760267554e-14
IL_6046824,3.1458085168683232e-30,0.9999939799308777,0.0,1.8169987448795862e-29,0.0,0.0,0.0,0.0,0.0,9.668183328902646e-23,0.0
IL_6051806,1.2006361411622252e-24,5.738268100685673e-07,3.639994664191015e-13,8.923944048999655e-12,1.1408948375361588e-20,1.0008949601107169e-16,6.326011184435379e-26,1.0495464266568888e-06,0.3754415214061737,2.7444119568044434e-13,1.5828094043768282e-13
IL_6066131,1.0788847029305493e-12,0.9999958872795105,0.0,2.4145785908584922e-24,4.856487686839093e-33,6.914335401229541e-36,0.0,2.834059280609345e-32,1.9820600892808081e-28,4.832097309214679e-17,5.634945777878304e-37
IL_6070882,3.730404429802547e-09,6.273675255292084e-17,3.2122184686483868e-12,0.0059403423219919205,1.0350967079178573e-15,1.1861126334096274e-19,3.735435149726166e-18,0.08671870082616806,2.7460657292976975e-05,0.42426377534866333,1.5538862430771992e-17
IL_6075447,6.134137387489927e-14,0.27416691184043884,7.679062464030495e-13,3.881163502228446e-05,1.283751276397356e-15,1.6388250478893696e-10,5.000548339621918e-18,4.543161139736185e-06,0.19822673499584198,4.200097654973235e-18,2.8519817709734006e-17
IL_6099493,3.608434894202678e-15,0.49735918641090393,3.703124221222943e-33,5.158558469275931e-09,7.884284933246254e-20,3.010360534602734e-30,0.0,8.691827986159475e-32,3.478584963748716e-33,6.837234068368951e-16,1.3366477386578113e-33
IL_6099858,2.733685562361643e-07,0.9820277690887451,1.3732762214717364e-13,2.8823621960327728e-06,3.0542421890211724e-12,3.6609246450297617e-13,3.576098835458841e-13,1.5791260660202866e-11,4.170008782722334e-11,6.653149739577202e-06,4.594454089640147e-14
IL_6129083,2.756911719415864e-16,5.634407429511157e-08,4.4840311602456495e-05,1.6384886691866996e-07,6.1047819148677e-16,2.8866440349162303e-09,3.550587476383202e-19,1.4605168185966022e-09,0.2710387408733368,3.8953394191722617e-17,5.517042551972384e-12
IL_6163594,5.743331144003605e-08,0.6245837211608887,3.092880640212779e-23,0.000590950483456254,3.234622835457786e-19,3.9413819274144514e-29,2.4071324183257241e-29,2.017143537453955e-21,1.3158166234112506e-13,8.52552372757287e-16,8.533077211710586e-28
IL_6164735,8.311618659284699e-17,0.2036108821630478,2.361584492967555e-23,0.0009078612783923745,1.833951844326377e-25,1.2873294894556856e-22,1.404555810315113e-21,2.4437044523887598e-15,3.417945993507837e-13,0.4999746084213257,1.5299688589534282e-27
IL_6191818,1.3019371358780063e-08,6.540404137922451e-05,1.0332468503185476e-28,0.006021815352141857,1.57868674510129e-23,3.431060182649032e-31,5.0594149546397305e-30,2.3140942765965445e-16,2.1388653001497282e-11,1.853131550433318e-07,5.371375597324763e-25
IL_6197538,2.1755488036068193e-12,0.2988375425338745,7.448502214667905e-38,7.353159150269318e-32,0.0,3.178668666402711e-37,8.094469417636045e-38,3.4337032118442795e-26,0.0,0.2133641093969345,1.0950394699898614e-26
IL_6214063,1.005308141420469e-12,0.5162919163703918,0.0,0.013144377619028091,8.908537413989951e-23,9.335942172807661e-33,1.5236117816923338e-38,1.3880040986952984e-31,2.868076423697051e-23,2.5820140072738564e-17,6.676408060561589e-38
IL_6247837,5.713188948352262e-15,0.9999876618385315,1.0027896905473274e-25,2.2808232353569574e-14,3.1434782336036175e-17,3.497397006333933e-14,1.651683357877192e-23,3.142033035982388e-21,9.031659826405407e-24,4.2822941373477086e-12,9.233706510210776e-23
IL_6254530,2.2110723421064904e-06,0.4999831020832062,2.626648898385042e-10,0.012490310706198215,1.4731362796283065e-09,3.0042704435295775e-12,1.0061419579432407e-11,0.00016468433022964746,0.0017216410487890244,2.433178565297567e-07,2.1925083276697066e-11
IL_6298296,2.7563917228690116e-06,0.6679255962371826,1.0717726706133135e-09,3.252415990573354e-05,4.653549545707847e-09,6.12387593719177e-05,2.7734700885690525e-17,3.193684733560076e-06,1.7138727104182294e-09,2.9234147405077238e-06,1.590375653393039e-08
IL_6311333,1.488479142608412e-06,0.4818241000175476,2.723261945664264e-21,1.2129278701214496e-12,1.3737227539563947e-20,3.037251595941981e-19,6.451979792446161e-13,7.555352571518087e-17,1.865679428303532e-15,0.435812383890152,2.3334097512279356e-15
IL_6364048,9.97907472258773e-14,0.9515967965126038,6.994433854258693e-15,3.4007594518215e-09,1.179295376629863e-12,1.106804838751918e-11,3.4997817846662534e-20,4.7835565369913624e-11,0.002483334392309189,1.1533594988354795e-13,3.73678952364509e-14
IL_6375582,6.559089642949045e-12,0.9996411800384521,9.389533675807066e-23,1.3949271071567182e-08,3.497783678197843e-18,2.8249484538998867e-20,1.1546102685838542e-23,3.610935782140503e-18,7.123881267376137e-17,8.639518137357194e-13,3.462514670217292e-23
IL_6379178,2.839859680747736e-09,0.05655419081449509,1.0934507521653813e-08,1.2062837413395755e-05,5.15213427476624e-10,7.483938599048279e-14,2.2076717082035457e-13,0.019707467406988144,0.1348060816526413,2.4984331048472086e-07,7.387084366428098e-08
IL_6379354,0.00019193670595996082,1.922631054185331e-05,3.6913423706597115e-11,0.23331542313098907,4.687186105911678e-08,2.800477905129384e-10,2.111938614077975e-16,0.03229621425271034,2.111853746100678e-06,1.0002084138704959e-07,3.5575434959023156e-11
IL_6430602,1.528769678057258e-23,0.5,0.0,2.6296166311112756e-07,0.0,9.533228764660649e-35,0.0,7.744422819170163e-37,1.916159382279995e-33,2.343322557862848e-05,0.0
IL_6444875,4.1430427881808396e-13,0.2836615741252899,5.571458472238667e-19,0.3898104727268219,2.4592617278599672e-18,3.8857018654771028e-19,4.310029529443148e-22,1.032213915985172e-14,1.2187841014199563e-11,2.6363213834201815e-09,8.488913243056865e-17
IL_6483133,3.231822361809966e-12,1.43246442743032e-15,1.0329740168822584e-16,3.1200574994727504e-06,5.981708519804115e-19,2.410404555245645e-27,5.016078993478316e-26,8.210039959521964e-05,0.4920915961265564,8.456150363267412e-11,1.94371501071067e-24
IL_6492206,8.92376448291543e-08,0.5,3.0600651142230166e-32,0.4045158922672272,4.689888055148005e-30,3.5679956354661516e-33,2.4953050247157904e-32,3.936959836646999e-24,1.567311844164546e-23,1.4328056970047687e-12,5.524179187882793e-39
IL_6495967,4.472536785371517e-10,0.45565250515937805,2.537958065929047e-09,0.0006746428553014994,2.1885088413806791e-13,2.6838857525302018e-11,3.4406184668352223e-18,0.07996944338083267,6.858779499907541e-08,4.7480466491833795e-07,2.6598520139350067e-14
IL_6516078,4.742762606257944e-12,6.755599635255294e-09,1.5861324406674093e-11,1.4075115517542258e-09,2.4831023138846643e-18,1.661138449016164e-09,9.789706372366724e-17,1.9687709595928027e-07,0.06517811864614487,1.900867907522752e-09,1.0102334550496361e-12
IL_6579859,5.454028375409778e-26,1.2125970800386243e-12,6.747085337082526e-28,1.1771384951093483e-16,2.1903887137742153e-30,3.3309763551879148e-21,1.5086896351560859e-31,3.203143251084839e-06,0.5011528730392456,9.667978478486266e-32,9.781963399291271e-07
IL_6580455,3.337663045249739e-12,0.5043642520904541,1.4085069021850278e-33,6.255111204764025e-16,4.097414933629858e-24,2.2182210141293955e-23,2.0415832412539046e-28,1.3626357670552173e-21,7.38658475140087e-26,1.657667496601789e-07,7.24177700629591e-26
IL_6580650,1.5035081512109719e-15,7.519487610352371e-08,1.2431122449506945e-14,1.6229366739395346e-09,4.533637350674776e-19,4.475949774755328e-19,2.8534233710052004e-19,2.6589381738051365e-11,0.5000004768371582,5.1286502822378566e-11,3.8698407813734376e-14
IL_6601787,0.0,0.5000001192092896,0.0,1.107767914483312e-37,0.0,0.0,0.0,0.0,2.4408459679448973e-36,5.751766840589312e-10,0.0
IL_6603212,0.0020620361901819706,0.00029213487869128585,6.509442984636848e-11,0.10897266864776611,1.989930437226381e-14,1.6919131026749135e-12,1.6070844199682355e-14,1.0670554729586001e-05,3.1431678507942706e-05,0.012178316712379456,1.557814292195642e-16
IL_6607523,1.680982875068217e-17,0.4985363781452179,8.475993074799577e-19,2.9167250659156707e-07,6.686019629042745e-16,3.902882891475969e-21,2.2225450200177955e-31,4.846027267997975e-25,1.0140680829773263e-11,9.277427463312224e-17,1.5325269754020605e-27
IL_6614720,9.770869851662046e-31,0.9999998211860657,5.126415288880667e-28,6.147263931478448e-26,2.88135958453235e-34,2.882456292035524e-28,0.0,8.141599886789571e-31,7.440237769764416e-34,1.2442999757251581e-15,2.779584063318092e-26
IL_6615378,0.0009984514908865094,0.410844624042511,9.234048259105371e-14,4.701675247048565e-13,7.146651714862173e-09,8.910863107303157e-05,4.2821201771091333e-13,3.4950515814813343e-09,4.2211696344004925e-15,8.39347933379031e-07,0.26507607102394104
IL_6619207,2.6370027193598602e-22,0.9989070892333984,0.0,2.92665087517764e-15,1.132717284876399e-33,0.0,0.0,0.0,5.676755407763304e-23,1.8909355858909294e-08,0.0
IL_6671454,6.273347560099161e-22,0.49975860118865967,2.8589314380776058e-15,3.746797815695327e-24,4.912395481216285e-29,2.04732956650293e-37,7.610548214511808e-31,6.28824864179478e-07,4.4277398274993595e-18,2.650028529949111e-10,2.402400110443348e-13
IL_6691109,0.002576645463705063,0.38761746883392334,3.5706839062929745e-15,7.098169589880854e-06,2.083634171867743e-06,6.189274648349397e-10,6.228360709126246e-12,6.823913396153403e-12,1.4192205570473515e-11,6.334651698125526e-05,8.447385013710118e-10
IL_6705688,1.375171168092654e-32,0.9999964833259583,1.648514425536878e-34,4.0862084338431166e-16,1.5664553230401338e-33,3.871262892402732e-34,1.4586908289568443e-37,3.868748488827425e-29,3.8645031650819293e-20,6.401137170241605e-20,5.5162237202732316e-30
IL_6720101,3.927420888505395e-12,1.4440780385718832e-12,4.824515899707003e-29,5.4678265387630987e-11,3.5408900917864728e-28,4.367347222388662e-34,3.3370734436669595e-33,1.0039346605214975e-24,6.044761587976899e-13,0.478440523147583,3.6472022470961694e-35
IL_6730800,3.9393013139488176e-05,0.5328248739242554,1.0233671673631761e-05,1.524416347820079e-05,0.0006257006898522377,0.004313269630074501,2.3174683505544635e-08,8.919048559619114e-05,0.0011789685813710093,6.1164073485997505e-06,5.6034972658380866e-05
IL_6785749,1.0258073501745457e-08,1.146586782851955e-06,8.606800179222773e-07,0.11728764325380325,4.357740908744745e-05,8.275713412331243e-07,1.1463576615744486e-11,0.00029390479903668165,0.4220949709415436,1.032019816826768e-10,2.0568033942680586e-09
IL_6799756,1.8431398772588221e-32,1.0,0.0,1.2426764978340706e-32,0.0,7.587176124820637e-33,0.0,1.6412301717348704e-33,0.0,1.8486844745465268e-14,2.7699110262463686e-25
IL_6928115,1.8023545989009904e-09,0.24916216731071472,0.0,2.7713931410183745e-12,2.2797996352842005e-30,3.0284420753997908e-33,0.0,1.2554701722677919e-09,1.9723600785972487e-25,1.693283405471927e-14,9.721558071897583e-15
IL_6943589,0.0010193429188802838,1.3264952016586035e-13,2.051270191574285e-14,5.194182222112431e-07,3.087326566645558e-17,7.141761471148186e-16,1.3728836179990508e-20,3.7420349485728366e-07,1.7810600216883188e-10,1.0039581866294611e-05,9.735891986947494e-17
IL_6964671,5.601594633980019e-23,0.9998742341995239,3.662270442269331e-29,3.091013637537485e-14,2.1454681593732067e-22,1.3970671411200754e-24,3.595588590702488e-37,8.188305321972149e-27,1.0273031857244727e-24,3.5320040074085815e-24,2.7539890319022455e-34
IL_7115582,3.420476568649633e-09,0.5,4.4049466851880936e-10,0.00024757086066529155,4.5730331521554035e-07,8.210188778834393e-11,7.261375440552938e-15,0.003278050571680069,0.12757498025894165,2.2692050061917657e-12,8.482473390358791e-09
IL_7148487,8.43540945237082e-28,0.5000349879264832,2.0500774223844583e-25,5.287763835549935e-24,7.307835390663894e-38,0.0,0.0,6.633626862377106e-33,8.341772155589373e-22,1.5144244959410454e-19,9.025613133558516e-33
IL_7214473,0.024618512019515038,0.5380013585090637,8.243623823566654e-20,3.6830355384154245e-05,6.807100659512143e-15,2.507332085078845e-15,1.2998793955553126e-21,2.966402216095579e-14,2.6222288229682533e-12,1.8403092383323383e-09,2.0412202303584075e-16
IL_7218860,1.6337008948894446e-21,6.55690643924442e-14,1.3555519564652777e-16,3.745220169548702e-07,2.220271913643451e-21,7.388676973224078e-23,4.7066982013228196e-23,0.0004030865675304085,7.834432472009212e-05,7.629064290263913e-16,3.429587434340399e-16
IL_7220515,1.9125464278275896e-20,0.2726072371006012,2.1206923615770515e-36,2.4325632266649955e-26,1.8759548171805795e-24,2.9457233715092308e-24,1.0112105218655772e-24,4.865430107414692e-12,1.421439700698742e-14,4.676458775776382e-09,2.2404102072674225e-21
IL_7336116,7.892735588227928e-16,1.740269595096322e-10,1.4562292482978023e-09,2.3898767267382937e-06,3.216709261151876e-14,2.2441810562656705e-11,1.3659846864744196e-10,0.0017337454482913017,0.6317151188850403,8.57869608848786e-17,9.361288411113833e-10
IL_7352985,2.5854430230301046e-23,0.5037111639976501,7.877902649662829e-31,1.7252865032404346e-17,5.17101764902449e-33,5.245441129821201e-29,2.0459455320356857e-37,2.7897268578144106e-28,3.6350227128913763e-19,1.8664797707401704e-08,4.1930815624117e-34
IL_7359666,0.21344511210918427,0.02751188911497593,2.2357373762284174e-16,1.1783866113920173e-17,3.681543415164844e-22,4.623356211763685e-11,4.8232327007333065e-27,5.763415060755506e-07,1.5268807329604783e-09,5.981708980543716e-15,1.2905781586643184e-13
IL_7360646,1.9749619241338223e-05,0.0004382997867651284,3.446874540348824e-14,1.3040016844101388e-09,2.7032568403573014e-27,8.45246217535881e-25,4.4787180381982424e-26,0.38330402970314026,6.00026334313244e-16,0.0006551677361130714,5.545339205458456e-15
IL_7392612,5.570488354816265e-17,0.9979331493377686,5.266367508206173e-20,1.1175204095437152e-09,7.216320911055535e-14,4.0122714043333216e-15,9.4624882472271e-27,1.9890239425662294e-16,1.1167032576420155e-11,1.6409259061340629e-15,1.2124165603769055e-12
IL_7432503,1.1645889873117266e-13,4.3351580658601563e-10,3.6226807144379425e-12,3.5119419850536404e-13,3.498221027090076e-12,2.343453867916477e-15,6.9290868505648e-16,9.89495383691974e-05,0.49988874793052673,7.471874813371049e-21,1.7055889429684612e-06
IL_7433595,1.6501385964574032e-14,0.8223230838775635,1.0476389755709192e-09,7.016010954430385e-07,9.670339615880374e-13,1.8939090296044014e-09,4.9864886525474716e-11,3.045034304705041e-07,0.0011830789735540748,1.0111593853889822e-11,8.803586304395594e-09
IL_7436788,7.311033556334223e-08,0.5,2.379553053070709e-20,0.00136516650673002,1.2478521987961063e-20,3.367455634124614e-19,1.4964608557054985e-27,3.484819099952574e-10,3.0101799704799386e-15,8.183808666733416e-17,1.7640809608552857e-29
IL_7451087,3.503510301277336e-19,0.731617271900177,0.0,5.735023599499577e-38,9.551770870205501e-32,1.1313057549333515e-32,0.0,5.7321417227090096e-36,1.1831018992916175e-36,1.055145385518048e-17,7.769410936836059e-26
IL_7452804,3.4717737514597218e-15,0.49402153491973877,3.0198738754407374e-18,0.013635138049721718,5.326775804302686e-13,3.39847114962742e-16,7.39267665578573e-24,4.437267591579766e-16,1.140703712043667e-10,1.491462118738407e-13,5.2072457432762257e-20
IL_7462703,2.471159562918685e-17,0.9911093711853027,1.2896285259563391e-24,0.05717552453279495,1.5474887225603156e-21,3.116365660449933e-23,5.785075547148104e-31,3.246756163929552e-23,1.4288005491938439e-18,8.81533525638254e-17,2.2723849930774058e-30
IL_7464129,0.0,1.1221179735378894e-31,1.6424576295906324e-23,2.026281745542394e-15,1.0931281963441391e-33,1.4147663177676603e-33,3.8409072426711436e-39,5.851828466241216e-10,0.9994066953659058,0.0,4.0807065842737855e-14
IL_7475868,1.2747533289045916e-31,0.5000001788139343,8.507949434465597e-38,0.0020207827910780907,0.0,6.888637067165002e-37,0.0,1.6655029889682095e-29,1.0310380945525616e-29,3.1506601730238275e-15,1.898408682898609e-31
IL_7505442,1.2548433895851174e-21,0.42378008365631104,2.171220572927953e-25,8.221587215060358e-21,6.511925728184566e-33,1.9818576187694636e-23,1.6084110123083852e-34,1.8003081782915235e-15,1.3903505059853884e-19,0.49839067459106445,2.934063691381257e-29
IL_7512996,7.974764848484028e-09,0.07548172026872635,6.277465562416451e-37,9.524139599528696e-22,2.575362264185594e-22,7.229759514901916e-31,7.857888758423472e-38,0.0,5.243075338585708e-23,0.0014922803966328502,1.721302826531969e-32
IL_7557824,0.003160614985972643,0.06457692384719849,5.828331567370171e-11,0.0003860900178551674,8.370605424079525e-12,1.2718687214530178e-10,4.689794774748179e-09,7.39663386095657e-10,1.9288888264412662e-09,0.0011671768734231591,1.066093610960217e-12
IL_7559500,2.62724408200965e-11,0.08584483712911606,1.748616569385061e-25,1.6395799320889637e-05,1.1612830260443699e-24,3.355382783895028e-24,4.973487798717503e-32,3.1154093070827024e-19,1.672178839839944e-09,1.399482613129166e-10,1.42672489686778e-26
IL_7580080,6.12153719850161e-20,1.483581833772174e-11,8.695929074747661e-15,2.037438794066926e-11,1.562046379820035e-17,1.523769601223106e-20,6.812306864371234e-30,3.0231220193854824e-08,0.9833099246025085,5.894676853667361e-30,1.5691041402397105e-14
IL_7604960,1.8636084062777155e-16,1.0,1.7372752190609627e-36,4.423461416726688e-21,1.5947039951267288e-32,1.9517842079496028e-32,4.123916771526522e-31,4.420634585363344e-32,2.703539205761273e-31,4.4805468363273704e-11,2.8681654640049614e-35
IL_7612830,1.0291618868696253e-14,0.9907062649726868,8.045951461833156e-23,3.159121575446733e-11,5.111612274575802e-21,3.961782836292433e-19,5.770857126311399e-24,1.424913030449726e-12,1.1524763102868717e-15,6.479827525246451e-13,1.19771235147654e-25
IL_7636226,0.010308965109288692,0.4862162470817566,1.3731388419921147e-17,0.04894114285707474,1.997797326874773e-12,3.280351875737216e-16,9.705554145365377e-18,2.3582066407588052e-15,4.1958376741568423e-14,5.121246795170009e-05,1.965037419263258e-21
IL_7640681,1.3532224835114304e-15,0.5000144839286804,2.9199966888882045e-09,5.139290237821115e-07,2.3608970291575217e-15,9.579725250910553e-13,2.4271688445990508e-14,7.230000392155489e-06,4.650007046080873e-09,1.0436560415882923e-07,1.8164410253707075e-10
IL_7667532,2.1813504242542185e-37,1.0,1.3887270458585646e-36,2.3107675167390993e-31,1.6475045858907354e-31,3.156813956362254e-34,0.0,8.996063168024475e-38,4.6476797205523515e-30,4.479753374802921e-29,1.5729065153833152e-30
IL_7720827,3.9781050090344217e-13,3.983165086651752e-08,2.832605654076942e-15,4.317767671180306e-11,3.7888363778847134e-13,1.4694825356542651e-09,3.366077422762952e-14,2.1122696125530638e-07,0.007679147180169821,0.0701477900147438,0.008852084167301655
IL_7744265,4.150782890549555e-15,0.5000000596046448,1.1143457729958662e-21,4.099130364920711e-06,1.084041841618337e-20,1.6605963471273576e-17,2.1472372588392553e-23,8.146594154823106e-08,7.217104069923153e-08,1.3489983937309442e-14,3.5278130292328575e-21
IL_7750228,5.424442406365415e-06,0.5085411071777344,2.822120981349485e-09,2.4115443011396565e-05,3.85543041936387e-10,6.122861245794198e-11,1.8080088537431038e-08,0.0010573731269687414,4.386600630823523e-05,0.0028063845820724964,5.926781909693091e-07
IL_7772384,1.4872976981938901e-13,0.5062329173088074,6.176358724036713e-26,1.3295473229313348e-11,3.0044940466678366e-27,1.4958372501219353e-30,1.3845229184427958e-27,6.511712082086304e-30,4.13996528896636e-34,0.00539185618981719,4.2149074634044645e-30
IL_7777526,1.354252923432466e-26,0.5,1.0065985431082229e-19,3.4682844703842752e-12,3.2546011273552525e-33,5.71523667380871e-23,7.223288078829792e-27,0.47969967126846313,0.0025503593496978283,2.6818924994842138e-27,1.1970848303507337e-13
IL_7780812,1.4294385716328434e-14,0.9998960494995117,5.797675389951143e-21,1.5154732864175458e-06,1.628851239712716e-16,1.7365375823218094e-16,1.8583767479586755e-23,1.0224429033983406e-18,4.983148297651844e-16,4.852881512506829e-16,8.036028204245272e-27
IL_7814962,0.0010317368432879448,0.34745660424232483,1.075431195121554e-23,2.2634410077062372e-21,8.256874998485812e-19,4.062474098440183e-13,2.7774459297902002e-24,4.027915679352635e-15,4.685277366816079e-14,3.5268822529133104e-08,1.6897730256527975e-15
IL_7839360,8.114036974681303e-17,2.7425672843861548e-11,1.947389591805404e-06,1.4129438064003352e-08,3.0897182700512487e-15,4.843677015742287e-05,5.808780957493765e-16,2.3048872321851377e-07,0.0008933697827160358,0.04640844091773033,0.0007277737022377551
IL_7845741,9.632274064952623e-24,0.8673722743988037,3.9501567380620954e-22,2.4582137561983115e-16,3.6417996360297043e-32,5.592518757935386e-31,3.1642131853355924e-36,3.192243262671462e-21,1.6784131170031685e-20,5.562690065519238e-13,3.2816533538508405e-26
IL_7858220,1.051075559921344e-09,0.855300784111023,3.5313437308309116e-24,1.3102270379761194e-09,1.7141183035205346e-19,6.73542457082636e-24,9.024863000846022e-24,2.1636961710949223e-24,2.669573174083399e-19,1.8463271089785849e-06,7.601493659424068e-24
IL_7877903,2.2267862220815005e-07,0.005763187073171139,2.234979652317539e-15,0.0018262319499626756,5.76341335545294e-06,1.9501713353690627e-16,3.171304900006528e-22,1.9038926685199797e-11,0.009512335062026978,3.918580182560305e-10,2.6537179601496686e-16
IL_7896836,3.5714237123229964e-11,0.49997371435165405,2.5805340993890953e-23,2.21949021661505e-12,1.2016715476414336e-13,8.998239370648613e-20,8.386596746836969e-23,7.287890296534936e-19,3.563738510749453e-18,0.3463217318058014,2.7819156750015225e-20
IL_7914681,4.2695554745979334e-38,0.49593672156333923,0.0,1.424802611622753e-37,0.0,0.0,0.0,0.0,0.0,0.0012746599968522787,0.0
IL_7917684,1.6357404254881136e-13,9.528899197475127e-11,6.4069140964692904e-24,0.006284412462264299,1.6204902988490334e-24,5.85580386260499e-27,8.62039472260266e-31,1.9990734425461974e-18,0.44882842898368835,6.46262318538329e-20,4.8399958625615694e-30
IL_7919145,2.7604519559076834e-08,0.5425967574119568,1.0162874942911283e-14,5.104587863513643e-10,3.1928754480820346e-14,1.8760855716171143e-11,2.0841372722134148e-14,4.742479412650491e-12,7.289002267160585e-15,3.181935994689411e-07,4.250002043001966e-14
IL_7944285,1.5826162780285813e-05,2.042933115922276e-26,2.314785311291227e-28,0.00019633967895060778,1.7993519244161877e-17,1.6795144302401805e-28,0.0,1.2904351198717023e-10,5.951899390010951e-11,9.155786985071344e-27,1.0462023700238172e-33
IL_7945525,5.7897158340378466e-15,0.0017439696239307523,1.5633455901359339e-12,3.800437742285112e-11,9.834155018095814e-11,9.643408440491649e-14,6.040001873246062e-23,1.0303788045007423e-08,0.47303763031959534,8.498771421727724e-06,5.035795524609317e-15
IL_7955621,3.742686651727169e-15,0.9985561370849609,3.896320376506753e-31,9.962862511977283e-15,2.8702539115312403e-19,2.26083344612783e-25,1.0063863696123823e-36,8.140510009731464e-23,2.9221138841961647e-09,1.0632862903116417e-18,3.0138831958879675e-28
IL_7983237,1.2349938199291507e-37,0.006706431042402983,1.0032016580681143e-20,1.3849942013263778e-18,1.3830244679088648e-26,1.1254213846411194e-25,4.871547831172669e-28,1.1648033232392052e-11,0.4999879002571106,0.0,7.981317665194517e-18
IL_7988157,6.7970113377668895e-06,0.6178469061851501,1.1047562604310501e-12,1.0805374586198013e-05,8.569260752377961e-13,1.722295564832166e-05,1.4331466013928207e-09,9.687616264741905e-10,1.5155455557192e-08,7.285301961701407e-08,8.679869431711673e-13
IL_8041132,0.0001696896506473422,0.024906789883971214,6.7360459243031765e-16,0.04164706543087959,4.015728315197656e-14,3.298967219192428e-12,8.711774357461621e-12,5.70497853402685e-08,2.024047943138818e-11,1.1423460819059983e-05,1.216483782196659e-13
IL_8073225,1.0761361318386859e-14,0.49278268218040466,3.6121994347214766e-35,4.568737610455287e-10,1.1906084645884144e-36,1.413212104850942e-31,2.8337505961085035e-39,8.14742225889168e-28,2.605056176201924e-28,0.39905285835266113,1.5284581109982765e-34
IL_8136561,1.472424503736242e-18,0.043359775096178055,2.978427979539658e-21,1.1381238928610192e-16,4.75523152429756e-21,7.349911470555526e-07,1.4237688008628356e-24,0.06043092533946037,6.996815075631662e-17,5.977218719976918e-10,1.009641080863908e-14
IL_8138997,3.1618278475380976e-26,0.5,1.800929487091297e-19,0.1647457778453827,1.8127373610885208e-18,2.5624669758489995e-23,6.393529937169746e-33,1.544537844840819e-16,1.55737648204103e-16,1.2049772086346965e-28,3.515321733605805e-32
IL_8139746,2.7406845798497214e-15,0.9999999403953552,1.4373493471838905e-27,5.843126546847821e-13,1.2776320721583746e-16,3.335921112046683e-22,1.0512291378386697e-29,1.5122675559455074e-24,9.938741529922904e-19,9.315527733198661e-18,5.7997596864093105e-27
IL_8183381,0.014725424349308014,1.8990240278071724e-05,7.81019063933122e-16,1.3900497419783164e-09,8.049941789545212e-12,8.307461977444947e-14,3.109328624851643e-20,1.2499358492679136e-10,6.600172923754144e-07,3.9409338015161666e-09,3.2478550014355956e-14
IL_8191336,4.054452953927701e-11,0.5013872981071472,2.3420098325954708e-12,0.17269308865070343,6.886277572476507e-13,1.4674490511623617e-09,9.204673481755243e-12,3.4951295901919366e-07,1.721848441604834e-08,6.796867069169821e-09,5.77098590269498e-14
IL_8258340,5.166504160256102e-13,2.8974568522244226e-08,0.0,8.530044448562535e-10,0.0,0.0,0.0,1.7255406314592372e-26,8.604410279959021e-20,9.290344564760744e-07,0.0
IL_8288616,3.4765849921125636e-11,9.986756676144616e-16,1.113555422721256e-22,2.4123243333451505e-11,0.0,2.0856260176931025e-35,6.59086280263336e-36,0.10404948890209198,2.9250324069736737e-15,0.49921149015426636,2.397139160870835e-33
IL_8295267,0.00035985096474178135,0.3262602984905243,2.845471772230124e-23,0.011571604758501053,8.632757009241487e-11,9.017964397083735e-20,4.189570548964807e-27,2.6174334153296064e-22,2.6750433380857757e-16,3.7301255360944197e-05,4.1003680837323593e-25
IL_8342281,1.0002222438970296e-14,0.5,4.376301838276975e-12,5.777286427033346e-10,2.5197199882143195e-10,1.794828641266122e-08,7.247027861696287e-26,1.426348261723831e-09,3.5861540403914205e-09,4.7693821295321335e-17,7.401265156303793e-10
IL_8371338,1.4738404301497797e-18,1.0,1.215130206580966e-34,2.721257159396528e-29,8.027467096567669e-30,5.022328245218446e-38,3.240796886229701e-35,1.4486712310460658e-36,1.0628433063107558e-34,5.083097942559789e-09,0.0
IL_8415316,8.137360841656853e-20,0.9521013498306274,3.635016445878284e-33,3.7170493065656724e-29,1.1825823426625967e-37,1.4853067603042465e-32,0.0,1.1934140209673137e-21,1.7906712726923745e-15,1.2085431109520044e-22,1.1997475580944641e-17
IL_8416177,1.5350241255873698e-07,6.547670494683189e-08,2.225289250645801e-07,0.28034624457359314,4.002011522175053e-08,1.1581316634867722e-11,1.1488191375974566e-05,0.0016091146972030401,0.00039404872222803533,2.9608843306050403e-06,5.844372763519345e-10
IL_8416753,6.514814153370154e-15,0.9236869812011719,2.2138703419064673e-31,7.731085267687752e-20,1.346968832644407e-17,4.701849449962079e-17,5.9480710044263435e-31,7.242460326240178e-27,5.86839087405303e-28,3.648560786828625e-09,8.82450106897436e-20
IL_8449784,5.295694747268188e-25,1.0,0.0,7.452032632032236e-29,1.6123443449759312e-32,0.0,0.0,0.0,7.57399786336508e-31,7.417423896626512e-31,0.0
IL_8456893,5.808495626396147e-30,1.0,0.0,5.876272260867949e-29,0.0,0.0,0.0,0.0,0.0,7.838107413991768e-21,0.0
IL_8510989,0.0002772151492536068,0.002899996004998684,4.3977594933779876e-18,1.472476029995562e-09,1.2899334649475042e-13,8.598821829542639e-15,1.7419487952298812e-19,1.824073672860213e-16,1.2773488592809218e-13,0.41620174050331116,4.412092465442e-18
IL_8524892,8.405782864429057e-05,0.002351554110646248,1.2372868042011062e-22,0.02380954474210739,3.951616377867451e-12,1.2222970031949831e-11,4.545060549167139e-14,2.2476517631711923e-18,3.828002880669056e-16,0.00036201218608766794,1.2450567920402333e-12
IL_8562073,4.504778583211615e-34,6.251957462873381e-17,2.761505101934037e-23,2.2215394496712102e-17,0.0,1.452951517070153e-33,0.0,1.376701012582013e-17,0.00045325641985982656,3.401276482684068e-10,3.22025766545217e-25
IL_8576492,0.4090260863304138,9.544553449813975e-07,1.2581815966333153e-35,1.983783959585289e-13,7.071695380403296e-35,1.1174314088231423e-38,3.980850250506022e-29,1.3545601601031464e-23,1.3504858288331023e-19,0.49667099118232727,1.07508716800996e-37
IL_8579370,1.922003445287146e-09,0.5021408796310425,1.8197499984749094e-13,3.0812133400281994e-10,2.642410113730806e-19,9.372406765918733e-20,1.309849259489211e-22,1.0950026697436093e-17,4.820848581443826e-13,0.035280730575323105,4.7261653951975017e-23
IL_8580922,2.2223964549007304e-23,0.49996286630630493,2.5535282590822165e-30,0.0003578642208594829,1.2077027784504395e-21,1.4911602673951903e-21,0.0,1.0945819259793954e-15,0.0003936928405892104,1.369725813790794e-25,1.3313002965718016e-30
IL_8587951,0.0011661130702123046,0.9601024985313416,7.163879507063577e-34,4.2438171778277044e-16,2.335762563806549e-21,2.3086679138755538e-18,5.131834855744173e-28,1.3110360861555882e-18,6.1356102420973e-09,1.9380403518446353e-14,8.92851626304776e-24
IL_8698362,3.670679475114294e-34,1.4237891633349516e-26,1.8081585028077335e-18,3.9080489955267694e-08,2.1896162545698832e-26,3.34101968216339e-27,4.28131152793454e-39,2.532359303586418e-06,0.500235915184021,3.228869041736974e-32,2.270861399412206e-21
IL_8706018,1.3563789025283768e-06,0.573380708694458,5.153353795457402e-21,2.0172305084997788e-05,1.4542783908027109e-25,9.002750560385415e-17,1.3393290309603654e-25,1.1212976040433278e-20,2.3228956430282845e-28,0.00041987394797615707,2.0625677134766168e-23
IL_8779223,5.591448118921623e-18,1.6337061960347277e-22,3.576655591099057e-37,0.0032614602241665125,0.0,0.0,0.0,2.367244799943364e-16,2.6818407149319577e-20,1.0162860775153604e-07,0.0
IL_8807227,5.86159081477711e-15,0.9811626672744751,1.2369385986556108e-26,3.0558073060079228e-15,3.003501713575107e-24,2.0299805889230824e-21,3.6530357887419263e-28,9.117054050950017e-22,6.927549673908618e-32,1.43407712371868e-08,5.122141896853105e-25
IL_8864283,5.184730856354813e-19,6.719822066989704e-16,8.963942869227859e-13,3.5072901027888292e-06,9.52659988655985e-15,1.5123621222242426e-21,1.767895318470653e-20,0.005239052698016167,0.5379709005355835,2.5904111754931902e-12,4.828808793794215e-13
IL_8869852,3.832345552012839e-09,0.8532586097717285,2.815475630413289e-09,3.1759459062641326e-08,2.859233347862755e-07,0.0005708597600460052,4.459179553384374e-12,1.2669010285293325e-09,1.326819756286568e-07,1.642988523009592e-09,7.438123930114671e-07
IL_8892064,1.209350841691048e-07,5.3961525026124946e-08,1.0884958537877655e-20,6.236543867998989e-06,1.8796306962195206e-15,5.56308378552445e-19,1.039653653686371e-26,0.0035887425765395164,2.275251542727119e-09,1.7925453330881747e-14,5.638160662473718e-18
IL_8894007,1.40985788960951e-23,0.49998313188552856,9.777279897163482e-13,0.08944643288850784,7.606066617503714e-35,3.832987033098432e-32,2.6925575938554987e-24,0.06284739822149277,2.8534504403418537e-13,4.372686160086403e-17,3.3596057535359027e-25
IL_8908749,1.99991170291014e-08,0.5062695741653442,1.5775237394594084e-20,2.100299933971428e-10,1.4568851921463974e-18,1.3324042293293642e-18,1.1783233062257628e-20,3.249433708218952e-11,1.4001902698542682e-14,0.026468681171536446,1.5511191584920869e-16
IL_8914785,1.52481447912578e-07,0.00020143484289292246,5.740512351876334e-17,4.03150521863585e-13,5.826599511031538e-13,2.8311185860940835e-13,2.444511856767228e-18,5.431075731423271e-15,4.685797648562584e-06,0.1956770122051239,3.378268355044221e-16
IL_8947300,4.2354599947133375e-29,1.0,0.0,6.414309061269622e-36,0.0,5.437545199520499e-37,0.0,0.0,0.0,5.545790411596293e-20,0.0
IL_8974391,0.10225004702806473,0.0008670732495374978,9.056000394025432e-10,4.059015168422775e-07,5.760559943553817e-14,7.406091018236083e-11,3.953874450068895e-10,2.100133218371769e-12,1.488366929702778e-10,0.05965311452746391,4.614730787847994e-15
IL_9036064,1.602833199498832e-09,0.5234279632568359,1.7957442844188756e-21,0.07551370561122894,7.660526014227929e-23,2.962309032444677e-19,4.708750274661902e-21,1.2296158882763031e-11,3.319366044252092e-07,2.027169664770012e-12,7.886909939221403e-20
IL_9058117,8.390132338886858e-12,0.9971542358398438,1.624932131168788e-27,8.838870826366474e-07,2.645352477564601e-21,2.9985193807470684e-18,1.1452625541915804e-15,1.6228115851715186e-22,3.930566907871088e-24,3.509627921616243e-09,3.004293769366994e-23
IL_9061839,6.049695744358985e-10,0.5022048354148865,0.0,0.0004795772838406265,2.2439416061888908e-37,0.0,0.0,0.0,1.0732408063913934e-34,1.887134009615347e-21,0.0
IL_9079153,1.965124596381429e-07,0.4989476501941681,2.090878992729069e-17,7.687892104879263e-15,8.990014791366181e-18,2.4680271389944386e-13,3.615184529182433e-16,0.20845641195774078,0.0016407785005867481,2.8324828593717655e-10,4.796452799382678e-07
IL_9143254,5.960037324781453e-11,2.842452157978889e-14,5.717607141664331e-25,0.0019710417836904526,2.7758010000543434e-29,1.7601964504354228e-28,2.2152419696676802e-25,3.693685548394887e-12,0.0016127147246152163,2.695846657019274e-09,1.875578936913549e-31
IL_9155981,2.2899435681011937e-09,0.8819283246994019,4.547204883555606e-24,3.812551385706797e-10,1.5102456021046474e-21,9.288020934065113e-21,2.815141352323347e-25,3.7330026421697107e-22,2.1041841020859875e-21,1.2901322805208837e-13,1.8182916721066612e-18
IL_9157122,1.448701851813894e-07,0.038475219160318375,1.1629661765340485e-28,1.2417675776532633e-08,2.6968038791985347e-16,5.509433987044114e-14,4.1833325358306465e-24,3.4066581531965515e-18,8.60964945170739e-12,1.2898061525074e-12,2.762383872787614e-20
IL_9227624,1.3549020602267077e-30,1.0,2.0037911559540317e-36,1.2385114634248075e-23,4.014413832498238e-37,4.686401809267167e-32,0.0,7.990554168196188e-39,7.410850062018974e-32,9.385588946035629e-27,0.0
IL_9237017,3.738432740457709e-12,0.5000001192092896,4.463168320183317e-24,8.562649674954401e-23,1.227057613288669e-22,4.344194689181349e-29,8.657811089289141e-21,1.2820231543031468e-09,7.872345895788082e-24,0.40663033723831177,3.2187872159306075e-12
IL_9273684,1.1187222975673854e-21,0.031007803976535797,3.495566700922722e-27,1.2976723629743346e-18,2.6515767732673546e-28,0.0,0.0,3.8882746848656335e-12,1.809682181885819e-08,0.034661561250686646,2.0860922251811233e-31
IL_9311083,9.960759300708943e-11,0.6640820503234863,4.928566277549315e-25,0.00046737241791561246,4.744310946910141e-19,3.1805286658166965e-27,2.6086263688363318e-28,9.258561458773359e-18,3.6707026307425394e-11,5.363259180010601e-18,3.1821629077237347e-22
IL_9322263,2.0718960150051127e-31,9.745185991505423e-08,2.252015614396052e-26,3.493004219201623e-10,4.361808765762827e-24,2.3203731866058674e-35,0.0,4.63601708133865e-08,0.499978244304657,0.0,8.962947471599739e-27
IL_9341332,5.246656407942307e-12,0.49994051456451416,9.81796566416586e-20,0.48714128136634827,9.433510753898366e-16,9.083641710539833e-18,1.0186373435767845e-22,1.090459793819468e-18,6.2951132886101754e-15,5.73821182627346e-14,2.98579990363161e-21
IL_9345649,0.0020639582071453333,0.505161464214325,1.3583061786448525e-08,0.008788594044744968,2.3809749905012723e-07,3.9248968164429243e-07,1.533117711005616e-06,2.1980856672598748e-06,0.004705903120338917,0.09956806898117065,1.1522125475948997e-07
IL_9406058,3.341668497469641e-09,9.507216541804198e-11,0.011587166227400303,0.0005389438010752201,5.16952968609985e-06,9.004518242150539e-10,8.946129170794848e-09,0.00891739223152399,0.0004614474019035697,0.007886210456490517,1.1703732525347732e-06
IL_9407964,2.5436449504923075e-05,0.9605669975280762,4.061595352430107e-31,9.621450556584048e-17,3.329260627490775e-14,3.9428494475529186e-19,1.9013807113458937e-23,5.296502713398457e-26,1.0560352829646448e-16,2.262436460398476e-09,1.2617275396485725e-19
IL_9409250,6.840505939464947e-11,0.986390233039856,1.6197250949807613e-15,2.2600988047976146e-17,1.4738884890124967e-14,1.08509896861841e-15,1.8719134743696523e-19,1.1336391894656295e-12,2.65829090712638e-21,1.724113099044189e-05,3.464221436295413e-14
IL_9427286,1.8333409235182785e-09,0.024912741035223007,3.5478637805397284e-09,1.8133928603517036e-12,7.4127122218214936e-09,0.0001441261119907722,2.5841256218184228e-11,0.053938768804073334,6.740719094011638e-09,0.029588427394628525,2.9054661454530617e-11
IL_9436519,3.790881051241414e-22,3.4511441869016174e-25,2.558090627982323e-22,3.944227930374744e-11,9.341553262285351e-23,4.143192915030689e-20,2.2145451894250602e-36,0.03886919096112251,0.3823697865009308,0.0,6.506112076841295e-19
IL_9503512,2.237982248157718e-38,1.0,1.947331927179786e-38,1.5769926828417015e-36,0.0,0.0,0.0,0.0,2.3108981130996277e-39,1.342240513183334e-26,0.0
IL_9521484,2.6822112239588414e-11,0.44544538855552673,1.0923398202554363e-19,0.019513726234436035,3.136543513239491e-20,3.504847231942375e-19,5.072426454589208e-31,1.316238080271327e-17,4.557784678100793e-14,2.2667894655220074e-19,3.3157322682159046e-25
IL_9540224,1.34950493531527e-16,0.5000174641609192,8.730862430079204e-24,0.15684515237808228,1.530511123215413e-20,3.9016994890613135e-27,1.245210422844062e-32,2.807720659884668e-17,1.2465417278294055e-16,2.5720750997261997e-21,3.604247146561542e-33
IL_9561518,1.905591809892322e-20,0.4920456111431122,6.9695321715891965e-28,7.2745451689115725e-06,3.1390136203805566e-24,2.7811155529491073e-23,5.293192874782395e-32,7.285267929546535e-05,1.0999271893297191e-07,1.2394214512083437e-19,4.252838409156346e-31
IL_9572511,4.625274829805903e-09,0.4922610819339752,6.474569612133117e-19,0.11141058057546616,1.7851578505354015e-14,8.672714072805733e-22,5.62392004840802e-25,5.31646582091266e-16,1.793329751365036e-08,1.24091126263437e-10,1.6544966567462637e-22
IL_9601760,0.0028536696918308735,0.29813823103904724,5.2370668565671075e-12,0.012443662621080875,9.67577129529218e-10,2.164195045395445e-09,2.7425262061342437e-10,2.0183861249023494e-09,6.154448897177645e-07,2.227880258942605e-06,8.456144638679941e-12
IL_9615893,0.0,1.0,0.0,0.0,0.0,0.0,0.0,0.0,0.0,1.0571938735730417e-35,0.0
IL_9620950,6.462726709311698e-15,0.5024104118347168,2.7097471324872875e-30,6.56385427781625e-13,9.31702315912096e-25,1.4546722608021844e-31,1.0910510684388773e-30,3.030811409160148e-31,3.4518979359071884e-31,1.5910768525178448e-14,6.594145974426419e-32
IL_9623576,7.110293799052203e-13,1.826339212129824e-05,5.396011549845416e-22,3.7705351243784786e-20,0.0,2.5351888500894198e-33,0.0,0.37223881483078003,2.9183090829548427e-17,3.3197349373176007e-15,3.275935961180735e-27
IL_9647002,4.251948185901577e-14,0.933991014957428,4.4903075771269684e-15,7.837014237566109e-08,1.8606902477125153e-11,3.8774296354215085e-17,2.5259181792076706e-21,4.5840897944975437e-14,2.1854262399756408e-08,3.3088467521480425e-09,3.4407767925131874e-15
IL_9655170,2.3703816687259405e-10,0.03206838667392731,7.376946473512783e-27,6.948038731025008e-07,3.2784248923258247e-19,4.0984266847186587e-26,1.4941442749460166e-28,5.278971512375085e-26,2.1380003198925993e-20,0.48892053961753845,3.016076070255076e-30
IL_9669202,1.8650348192900124e-12,1.6944502931437455e-05,5.039883259290652e-18,0.4196820557117462,5.983331817581519e-28,2.154948098086474e-24,1.065574364822828e-35,0.4596804976463318,2.6812175590862353e-08,6.60524140144965e-19,1.8475213289033572e-14
IL_9675212,4.0953605498749563e-20,3.086307333433069e-05,8.159673460379792e-29,7.333634418384884e-17,1.5209918888340516e-29,1.4676539737248124e-30,3.3370017161984037e-38,2.2889434792006114e-09,0.4949910640716553,3.9268640267524174e-29,3.943485976269168e-15
IL_9675469,0.008861775510013103,0.04316811263561249,8.519250409289025e-12,0.11785553395748138,6.71656323447678e-07,7.520102762725855e-09,2.714073811613954e-13,1.7820206039687037e-06,0.0011642910540103912,1.0558434837548702e-07,3.0162736197603124e-10
IL_9692632,1.90067472521388e-18,0.5,0.0,1.4551950511188822e-22,0.0,0.0,0.0,0.0,7.857948173478359e-38,0.49999845027923584,0.0
IL_9693077,4.461203005589886e-18,0.00019459005852695554,9.511311509413645e-05,0.0001581352116772905,1.0890139294896309e-13,1.2196668119912601e-09,5.1824677497558716e-15,0.08121446520090103,0.013969560153782368,3.175035375672236e-13,0.17470164597034454
IL_9695113,7.752940000063657e-14,0.33935731649398804,6.726880229035294e-22,5.772244549007155e-05,8.177664348625415e-22,1.8808334671913857e-30,3.253554344111022e-28,3.2920304801403386e-14,2.7826994042357e-09,2.7303757570933568e-18,6.883318007906668e-30
IL_9696386,6.048272641187222e-15,0.5000014305114746,1.4885643743001943e-19,0.023287534713745117,6.674366093506139e-18,2.6212766830558417e-19,5.782357337802937e-25,4.651730389770847e-12,1.114137948565741e-10,1.8306712183800386e-20,9.803358494653484e-22
IL_9697828,2.8814716301894805e-07,0.5224785208702087,2.96825987316896e-17,2.9427847039187327e-06,9.08409740658922e-13,6.436062059192574e-17,8.99807051785162e-12,3.744656060927776e-12,1.5190377167934033e-13,0.00018146069487556815,3.3854800464967034e-16
IL_9702105,1.8725607731084892e-08,0.43230152130126953,3.6814040721032046e-14,7.936312739799389e-13,1.8997254941019448e-14,1.7950160943139976e-13,3.796603656759602e-19,1.765170942746863e-08,6.886857590870932e-06,1.3817745170285889e-08,1.1801106966635722e-12
IL_9713310,3.903495009730451e-15,1.676561940346464e-24,1.4529260037587271e-28,0.0029368747491389513,1.2689164199707782e-34,0.0,4.4394130271719875e-39,3.533823838225105e-16,0.21205316483974457,0.0449395552277565,0.0
IL_9722277,1.013010747334675e-15,5.723691111962307e-20,3.8662363976982306e-07,0.009942403994500637,1.394538373666876e-09,1.0762441285394608e-11,5.050246115804612e-22,2.672888513188809e-06,0.8514245748519897,3.587625450729403e-31,8.943688346342571e-13
IL_9728655,2.7249869888264778e-21,0.5,4.7947427271408216e-20,0.0008999321144074202,2.433932786744811e-29,1.0248956716614994e-32,8.372018408646795e-31,1.544794819871842e-19,6.442704546986043e-19,6.224109711183701e-06,1.1490536917882185e-35
IL_9747613,2.3715313160520626e-14,3.83329268414272e-18,1.2104089247650331e-23,1.111884695426113e-09,1.1406180904297014e-13,1.3679780530122316e-23,1.6135203389118526e-31,1.587908471378796e-08,3.197367561824649e-07,0.49502888321876526,3.273441873597744e-17
IL_9776207,3.3093043140158017e-22,2.7117700514040118e-14,1.8138729895966766e-21,1.2456025615392718e-05,2.726959936261323e-23,4.554608317907556e-20,3.0012811524527e-38,2.110876096139691e-07,0.49980172514915466,2.0279768589517745e-35,1.770905183150489e-17
IL_9785286,2.9634914796343185e-28,4.114711103407281e-22,6.09789802041952e-37,1.003635847110348e-21,1.8846230843787777e-35,0.0,0.0,6.522873340991034e-18,0.9997837543487549,2.140726061111817e-15,5.685054143429857e-31
IL_9794109,1.6863566661153506e-22,1.3351159134929509e-17,6.248773813205189e-25,1.3908234407103513e-14,5.949072243283951e-24,2.571620917793184e-23,6.679225051628064e-36,2.1694145146966548e-08,0.9988914132118225,1.0123233969394478e-29,1.669164914637399e-19
IL_9810905,2.3822338420384167e-16,0.511090874671936,5.004277269823307e-19,1.863175214111834e-08,2.61735281343288e-14,4.8806038420792786e-14,1.255139823002916e-24,1.1841730666786038e-14,4.384038704979831e-12,4.819317861448624e-11,4.054423787195195e-17
IL_9831983,4.956466000294313e-06,5.165797460904287e-07,8.91060238927821e-08,7.092954206200375e-07,2.8294896807501413e-12,2.4038729407038772e-06,2.28654096524894e-12,0.27421140670776367,2.6949012408294948e-06,0.003854560200124979,3.0458064455979317e-12
IL_9896495,0.002211455488577485,0.5095465183258057,1.349317304245386e-27,1.1147991557658443e-10,3.802059336486141e-23,1.979095369929468e-20,5.228341272277029e-21,9.353548340422231e-20,1.812573590535371e-23,2.326711364730727e-05,4.378416827949844e-22
IL_9908692,2.1248772276357417e-15,0.48291847109794617,1.0983003582752006e-27,5.331345587222813e-09,1.4751900765091093e-26,5.678345458523062e-20,1.7907803527673882e-26,5.817958876974594e-26,1.687641180530014e-27,3.3399453968741e-05,2.114225033562065e-26
IL_9914512,0.48115941882133484,0.46040135622024536,3.22503175797815e-30,4.967209310535736e-09,3.744892719259791e-19,2.1807416445455638e-16,2.70864513011851e-26,1.760568113830567e-18,2.4341704867036906e-13,1.3117458230738066e-08,1.665253974257528e-23
IL_9931816,0.001275270595215261,5.310185224516317e-05,4.501207941554788e-18,4.6011544574398044e-10,1.1404026691106576e-21,1.883195574214377e-24,1.137022194164217e-15,3.669324826205411e-07,9.543531298561447e-09,4.824978958040127e-12,7.164847354125601e-16
IL_9962396,2.92703788453124e-14,0.4979827404022217,3.119278237602766e-17,0.004720862023532391,6.04038249540223e-13,3.3835190593446913e-15,8.255034942685278e-26,2.323021739162809e-14,3.0676409763091828e-12,1.2586752473620066e-10,5.665319690320825e-19
