lesion_id,AKIEC,BCC,BEN_OTH,BKL,DF,INF,MAL_OTH,MEL,NV,SCCKA,VASC
IL_0006205,0.06807597726583481,0.8084049224853516,0.0002503375581,0.0005927147576585412,0.0002556951658334583,0.0002334114396944642,0.0009088789229281247,0.0006233722670003772,0.0003356664383318275,0.007518547587096691,0.0022045006044209003
IL_0025400,0.5066900849342346,0.019114091992378235,0.0049522253684699535,0.0038192300125956535,0.0012280774535611272,0.009046312421560287,0.0012813464272767305,0.00916209165006876,0.00424710288643837,0.5475772023200989,0.007275461219251156
IL_0039001,0.07147685438394547,0.009163503535091877,0.03907834365963936,0.01086332742124796,0.18743896484375,0.64840167760849,0.014953446574509144,0.17950110137462616,0.3434552848339081,0.041951511055231094,0.011827322654426098
IL_0046799,0.0019368438515812159,0.31308305263519287,0.00029101717518642545,0.005810258910059929,0.000712309149093926,0.0003078105510212481,0.004794877488166094,0.0010492932051420212,0.006195302587002516,0.8454923629760742,0.0013707013567909598
IL_0054262,0.09747747331857681,0.009808594360947609,0.0038475082255899906,0.0016110551077872515,0.04860636964440346,0.1641436219215393,0.150089293718338,0.08987009525299072,0.03439968079328537,0.005466437432914972,0.002439178293570876
IL_0056788,0.010663501918315887,0.13766160607337952,0.00017056186334230006,0.00262279761955142,0.0001375010033370927,0.005385226104408503,0.0015407996252179146,0.0003454385441727936,0.00011110866034869105,0.7252768874168396,0.00069782929494977
IL_0093956,0.02408541925251484,0.20026841759681702,0.016454093158245087,0.05907551571726799,0.0003225717809982598,0.07689352333545685,0.006420219782739878,0.0001624197029741481,0.0003200577339157462,0.04888160526752472,0.030215151607990265
IL_0103904,0.44523686170578003,0.23693759739398956,0.0012297948123887181,0.010269328951835632,0.00011040580284316093,0.0012345738941803575,0.0034757638350129128,0.0011081912089139223,0.001473630079999566,0.05175486207008362,0.004958208650350571
IL_0118369,0.0011848339345306158,0.002277395687997341,0.004931258503347635,0.0012113405391573906,0.001344557967968285,0.01398943830281496,0.0015273563330993056,0.06314834952354431,0.9779943823814392,0.0027077312115579844,0.0019376359414309263
IL_0151990,0.0224052332341671,0.014820072799921036,0.001022214419208467,0.011126498691737652,0.0010420504258945584,0.0008989027119241655,0.0024547658395022154,0.025545332580804825,0.44019511342048645,0.009073205292224884,0.016542639583349228
IL_0171236,0.0006052551325410604,0.18610481917858124,0.05458342656493187,0.004616421181708574,0.012283950112760067,0.013101150281727314,0.008751016110181808,0.04357398301362991,0.00012855044042225927,0.041933756321668625,0.005779402796179056
IL_0183960,0.005840442609041929,0.26383692026138306,0.004280778579413891,0.0017657518619671464,0.002739344257861376,0.019221235066652298,0.002477186033502221,0.016243403777480125,0.009383791126310825,0.007064290344715118,0.5324552655220032
IL_0207706,0.006380610167980194,0.018293341621756554,0.0009788312017917633,0.006744979880750179,0.0007014510338194668,0.009423007257282734,0.006593334022909403,0.9656059741973877,0.017747683450579643,0.001310028019361198,0.0006954573909752071
IL_0207891,0.00028531684074550867,0.6885504722595215,0.0009860823629423976,0.0008979992708191276,0.0008041530381888151,0.000320463499519974,0.0023627227637916803,0.0002733557776082307,0.00012782106932718307,0.5921635031700134,0.0003278636431787163
IL_0225203,0.07237379252910614,0.6457573175430298,5.63215980946552e-05,0.020032182335853577,0.005754195153713226,0.0008295754087157547,0.0015883492305874825,0.013145571574568748,9.607080573914573e-05,0.006870685610920191,0.002230813493952155
IL_0227635,0.34607040882110596,0.03384822979569435,0.0006023922469466925,0.009314455091953278,8.679006714373827e-05,0.00987462792545557,0.0006285868585109711,0.0012845509918406606,0.007997779175639153,0.0662214607000351,0.006470864173024893
IL_0259815,0.003927967511117458,0.04058593884110451,0.0004390152171254158,0.020808273926377296,5.152316953171976e-05,0.002886643633246422,0.0001705325994407758,0.00704597495496273,0.018122684210538864,0.010291535407304764,0.02456209622323513
IL_0260810,0.001829553977586329,0.3388768136501312,0.0006611685384996235,0.0007944207172840834,0.0006901000160723925,0.015402191318571568,0.016096387058496475,0.0005321397329680622,0.003559167729690671,0.026624953374266624,0.04573087766766548
IL_0262469,0.0005758680636063218,0.8182666897773743,0.019495097920298576,0.0023448094725608826,0.0005705079529434443,0.0007319744327105582,0.004334194585680962,0.007434271275997162,0.01531006395816803,0.007365233264863491,0.00553626986220479
IL_0267598,0.0037605140823870897,0.14911730587482452,0.0005106888129375875,0.38569122552871704,0.009371560998260975,0.00027496906113810837,0.0007204695721156895,0.0023267902433872223,0.05054998770356178,0.04683913290500641,0.003752940334379673
IL_0312376,0.11341844499111176,0.8728126287460327,0.00011683419870678335,0.008586963638663292,0.0014462030958384275,0.0012699654325842857,0.0029049403965473175,0.007169522810727358,0.0014444160042330623,0.006575128994882107,0.01312230248004198
IL_0331012,0.001683831331320107,0.595388650894165,0.012040986679494381,0.0059989760629832745,0.002206528792157769,0.00334091205149889,0.0010743937455117702,0.09196164458990097,0.0012814446818083525,0.12234754860401154,0.003550661029294133
IL_0344325,0.003619926981627941,0.36289218068122864,0.017809702083468437,0.049691341817379,0.007069536950439215,0.3119397461414337,0.009288509376347065,0.020218782126903534,0.0016868759412318468,0.018193060532212257,0.005461082328110933
IL_0403731,0.04644036293029785,0.03249461203813553,0.00010775231930892915,0.001157427323050797,6.700752419419587e-05,0.0011266962392255664,0.0009529785602353513,0.0010875086300075054,0.0010556670604273677,0.9749438762664795,0.0026684615295380354
IL_0404181,0.01885136216878891,0.5895366668701172,0.01771385967731476,0.0038599828258156776,0.006891204044222832,0.005746534094214439,0.011478650383651257,0.05931644141674042,0.0006387337343767285,0.014073535799980164,0.02586710825562477
IL_0465184,0.0007276296964846551,0.7554463744163513,0.012110159732401371,0.010815493762493134,0.011472154408693314,0.0010999401565641165,0.005024836864322424,0.024888871237635612,0.0004968437133356929,0.024106157943606377,0.007792140357196331
IL_0492696,0.018633252009749413,0.00531445536762476,0.002804802730679512,0.001491281553171575,0.000427597580710426,0.0031460586469620466,0.00512338150292635,0.03042062744498253,0.9477471709251404,0.027414724230766296,0.0015883325831964612
IL_0560781,0.004084483720362186,0.010600763373076916,0.0674929991364479,0.22062386572360992,0.4147305190563202,0.027660014107823372,0.005559826269745827,0.1142367571592331,0.06943052262067795,0.3032803237438202,0.007548684254288673
IL_0575017,0.019816046580672264,0.039095643907785416,0.0017224835464730859,0.01237526722252369,0.0012508592335507274,0.0032724598422646523,0.00040695484494790435,0.03600359708070755,0.05987919867038727,0.003950154408812523,0.0017510132165625691
IL_0578791,0.002038456266745925,0.15340767800807953,0.007536679971963167,0.006192004308104515,0.06409741938114166,0.09430169314146042,0.0018732391763478518,0.6293421387672424,0.0007046359241940081,0.008668865077197552,0.004755599424242973
IL_0611781,0.0005312845460139215,0.7548127174377441,0.0007243721047416329,0.0005615202244371176,0.0001017237882479094,0.0005134164239279926,0.0007704014424234629,0.0004255641542840749,0.0012570812832564116,0.20069508254528046,0.0017044920241460204
IL_0649132,0.01682828925549984,0.1027970165014267,0.14567232131958008,0.46233633160591125,0.00912809930741787,0.015316599979996681,0.012169442139565945,0.10618450492620468,0.1587686538696289,0.04032532870769501,0.03399507701396942
IL_0704269,0.0030293583404272795,0.03766806051135063,0.0005233981646597385,0.0018552346155047417,0.012375483289361,0.05332940071821213,0.0016406647628173232,0.01691698282957077,0.0003101196198258549,0.7968733310699463,0.0028857309371232986
IL_0718371,0.001288972795009613,0.030706647783517838,0.007706862408667803,0.024431977421045303,0.002945459447801113,0.02834348939359188,0.013231716118752956,0.001462031272239983,0.004969669505953789,0.9708104133605957,0.011094660498201847
IL_0721442,0.009762897156178951,0.025764770805835724,0.00025003531482070684,0.004376450553536415,0.0006150936824269593,0.0010528212878853083,0.002773613901808858,0.0012607126263901591,0.00040513137355446815,0.9904194474220276,0.007157960906624794
IL_0754056,0.16118814051151276,0.24733445048332214,0.0018549036467447877,0.00042226503137499094,7.173045742092654e-05,0.00029228764469735324,0.0022257014643400908,0.004257884807884693,0.00019102869555354118,0.0487319678068161,0.02132134884595871
IL_0808321,0.044637151062488556,0.004174287896603346,0.1285744607448578,0.18173524737358093,0.003001453587785363,0.019820844754576683,0.00044110341696068645,0.003237861907109618,0.021883223205804825,0.019832953810691833,0.0006448445492424071
IL_0854378,0.008846456184983253,0.535653829574585,0.0011248639784753323,0.0004699925775639713,0.00010767660569399595,0.003922102507203817,0.00032313965493813157,0.00104912172537297,3.954947897000238e-05,0.2349456399679184,0.007596563547849655
IL_0895462,0.028844092041254044,0.39735472202301025,0.003821643302217126,0.049116890877485275,0.0037609750870615244,0.018694153055548668,0.0008213086985051632,0.003938875626772642,0.011877047829329967,0.0031706898007541895,0.005687057971954346
IL_0928130,0.0006155446171760559,0.09333531558513641,0.015245958231389523,0.006960113998502493,0.0002826068375725299,0.00550063606351614,0.11644662171602249,0.02335582673549652,0.0005172951496206224,0.18952901661396027,0.01215475331991911
IL_0977585,0.00028060341719537973,0.09902602434158325,0.0010239077964797616,0.004498042166233063,0.0005519583937712014,0.0001500836224295199,0.0024345070123672485,0.00017725431825965643,0.0026150266639888287,0.9541231989860535,0.010171568021178246
IL_0977986,0.05109110847115517,0.9445291757583618,0.0002907143789343536,0.00017232820391654968,0.0001767879439285025,0.0007744963513687253,0.0008746801759116352,0.007038409356027842,2.4220815248554572e-05,0.0005790222785435617,0.0017753982683643699
IL_0996202,0.003051910549402237,0.02658754214644432,0.0013488965341821313,0.004043727181851864,0.0053638070821762085,0.018728164955973625,0.005918495822697878,0.06668709218502045,0.8594198226928711,0.023028723895549774,0.0015098022995516658
IL_1009731,0.004564886912703514,0.026247700676321983,0.014265946112573147,0.0040573542937636375,0.01216962095350027,0.07979559898376465,0.001966518349945545,0.0257230456918478,0.0008639572188258171,0.9770947694778442,0.0033312852028757334
IL_1011664,0.002620676765218377,0.19120283424854279,0.004648190923035145,0.13975976407527924,4.9063128244597465e-05,0.00339492573402822,0.0004896174068562686,0.004871791228652,0.0019968790002167225,0.014934003353118896,0.009748391807079315
IL_1020124,0.007078445516526699,0.09453126043081284,0.022288721054792404,0.006220080889761448,0.0008186560007743537,0.04308447986841202,0.0161526370793581,0.015381784178316593,0.0007134420447982848,0.11166416853666306,0.014263961464166641
IL_1024284,0.0006765369325876236,0.042140234261751175,0.000964564154855907,0.0005561336292885244,0.00023248480283655226,0.00010370774543844163,0.0032439986243844032,0.0003658790374174714,0.00026558380341157317,0.9973141551017761,0.0018173756543546915
IL_1024365,0.002786598401144147,0.13401003181934357,0.0005444457056000829,0.0014057108201086521,0.00047681282740086317,0.0025025117211043835,0.003783266292884946,0.017658468335866928,0.0009899395518004894,0.3920811712741852,0.0025188052095472813
IL_1080907,0.009479361586272717,0.06524230539798737,0.00032365735387429595,0.004075952339917421,0.000739322742447257,0.0012631695717573166,0.00038145389407873154,0.04957956075668335,0.00010680319974198937,0.1731281727552414,0.0010366454953327775
IL_1159502,0.0005286461673676968,0.6840402483940125,0.0020109363831579685,0.018487483263015747,0.0010580644011497498,0.0010560030350461602,0.0080647524446249,0.001810651388950646,0.008902497589588165,0.09362287074327469,0.014368255622684956
IL_1183203,0.014739765785634518,0.4229760468006134,0.0010456283343955874,0.004039721097797155,0.007914195768535137,0.005495160818099976,0.005911929067224264,0.061252132058143616,0.000686498184222728,0.057000599801540375,0.0010842940537258983
IL_1236220,0.003201981307938695,0.049356650561094284,0.0029084424022585154,0.06813221424818039,0.0027679812628775835,0.0026636801194399595,0.0096439803019166,0.007053782232105732,0.00022895264555700123,0.6361628770828247,0.045173559337854385
IL_1246958,0.00918054673820734,0.005288578569889069,0.002505865879356861,0.013341808691620827,0.2052488774061203,0.9628548622131348,0.0013586615677922964,0.006320267915725708,0.009334295056760311,0.03401614725589752,0.0528884120285511
IL_1248470,0.0007715251413173974,0.03290741145610809,0.015951283276081085,0.009375984780490398,0.00031528089311905205,0.0013316870899870992,0.12855136394500732,0.10382950305938721,0.0021450682543218136,0.15150222182273865,0.000424183439463377
IL_1266003,0.00041472172597423196,0.039344772696495056,0.0002484131255187094,0.00017249867960345,0.0011852585012093186,0.0015035292599350214,0.025231024250388145,0.14674997329711914,0.0002879539388231933,0.02090468630194664,0.20451898872852325
IL_1298091,0.004328576382249594,0.8272833228111267,0.0005800988874398172,0.004790481645613909,0.0003008288040291518,0.0026545547880232334,0.006016203202307224,0.29311802983283997,0.0003951018152292818,0.003920063376426697,0.01314500905573368
IL_1418346,0.03206932544708252,0.07812011241912842,0.07718079537153244,0.13813646137714386,0.01504669152200222,0.1303728073835373,0.06487064808607101,0.07446099072694778,0.12589533627033234,0.5291045308113098,0.06488975137472153
IL_1420891,0.002228103345260024,0.000657112046610564,0.0018374430947005749,7.280113641172647e-05,0.0015786384465172887,0.0065607428550720215,0.00025227185687981546,0.9432916641235352,0.016811266541481018,0.01535643357783556,0.0066676451824605465
IL_1431089,0.005367492325603962,0.04240148514509201,0.007341964635998011,0.3801032602787018,0.006109349429607391,0.00018813849601428956,0.005671712104231119,0.027065498754382133,0.0012749782763421535,0.004859798587858677,0.0014051721664145589
IL_1450991,0.0036701071076095104,0.569777250289917,0.002697752555832267,0.02178635261952877,0.0017619032878428698,0.009806978516280651,0.006262049078941345,0.0016143458196893334,0.0003916489949915558,0.2100493460893631,0.0023664168547838926
IL_1497560,0.16579607129096985,0.5976468920707703,0.0036099369172006845,0.10578448325395584,0.006660846062004566,0.010434584692120552,0.002514688530936837,0.007954025641083717,0.004586349241435528,0.009290681220591068,0.01062446553260088
IL_1502550,0.02038060873746872,0.002038657898083329,0.004514022264629602,0.03585841879248619,0.03899073973298073,0.00011552099022082984,0.005658960901200771,0.002040702849626541,0.05219631269574165,0.01960739865899086,0.002310262992978096
IL_1515580,0.0038878084160387516,0.009418864734470844,0.011445054784417152,0.004515171516686678,0.0016561411321163177,0.015559526160359383,0.0015327025903388858,0.0017485814169049263,9.980918548535556e-05,0.9871615767478943,0.01434711366891861
IL_1562660,0.157099649310112,0.09689843654632568,0.00284519768320024,0.008157826028764248,0.00031715177465230227,0.09192334115505219,0.0031414139084517956,0.02828107960522175,0.001494862255640328,0.0440855473279953,0.005413126666098833
IL_1574123,0.005820487160235643,0.28612810373306274,0.00018431014905218035,0.0019591350574046373,0.0027456129901111126,0.00038441119249910116,0.0008573274244554341,0.05470378324389458,0.018807154148817062,0.010850981809198856,0.0018902788870036602
IL_1619785,0.0206601619720459,0.025164566934108734,0.015539104118943214,0.01325205247849226,0.0024265237152576447,0.07273305952548981,0.026267768815159798,0.19494527578353882,0.7932916879653931,0.034398823976516724,0.0041265361942350864
IL_1633612,0.0008521447889506817,0.024315664544701576,0.00016763803432695568,0.015617553144693375,0.00025464658392593265,7.663059659535065e-05,0.0017037277575582266,0.0006343850982375443,0.005324158817529678,0.9554458260536194,0.0004286252078600228
IL_1641818,0.3832281827926636,0.13537529110908508,0.0026351495180279016,0.000930051552131772,0.00038681935984641314,0.001972698140889406,0.00032976738293655217,0.6319071650505066,0.0016251544002443552,0.02841225638985634,0.002120335353538394
IL_1643221,0.012289281003177166,0.1563388854265213,0.00492812180891633,0.002919713268056512,0.0011625284096226096,0.023556651547551155,0.0008078961400315166,0.0016045476077124476,0.04449571669101715,0.783564031124115,0.0033708708360791206
IL_1664752,0.34272313117980957,0.10636312514543533,0.00012638139014597982,0.0038078371435403824,0.0009551065159030259,0.001296350616030395,0.0012659161584451795,0.0016403250629082322,0.00067505007609725,0.14505501091480255,0.009392443113029003
IL_1681515,0.03256530687212944,0.0027507441118359566,0.0011894487543031573,0.0005460016545839608,0.0028700651600956917,0.5911619663238525,0.004599710926413536,0.0011153207160532475,8.588681521359831e-05,0.8105710744857788,0.16338178515434265
IL_1688338,0.0017743768403306603,0.7794268727302551,0.0006959278252907097,0.012067733332514763,0.0020091887563467026,0.0021941063459962606,0.010613183490931988,0.002597265178337693,0.0003089236270170659,0.07905779033899307,0.0010856842854991555
IL_1706933,0.00027918402338400483,0.4436393678188324,0.001143202418461442,0.0004089502617716789,0.0005888298619538546,0.0002941693819593638,0.0032959948293864727,0.0019487758399918675,0.0008424114785157144,0.32672396302223206,0.013257572427392006
IL_1860067,0.011365780606865883,0.5734061598777771,0.0005314562586136162,0.007325177080929279,0.0013396861031651497,0.0011036857031285763,0.0004911974538117647,0.008843261748552322,0.001028694910928607,0.01857990212738514,0.0978160947561264
IL_1884002,0.028567660599946976,0.5088621377944946,0.008166052401065826,0.05792989209294319,0.017310094088315964,0.006936981808394194,0.0027304915711283684,0.016191208735108376,0.05064193904399872,0.004589374177157879,0.01295959111303091
IL_1897663,0.0009619751945137978,0.019016683101654053,5.27771953784395e-05,0.004993939306586981,3.0837851227261126e-05,0.00016147633141372353,0.009443137794733047,0.000477787310956046,0.004686330445110798,0.9454506039619446,0.0022255638614296913
IL_1901178,0.01261679083108902,0.2964458763599396,2.8779999411199242e-05,0.013561384752392769,0.0005181680899113417,0.005936719477176666,0.0007460342603735626,0.005018498748540878,0.0007357526337727904,0.20488330721855164,0.009987615048885345
IL_1935222,0.07796257734298706,0.8797833323478699,0.0003106410149484873,0.004302920773625374,0.0007392878760583699,0.0023953504860401154,0.001466153422370553,0.0019892153795808554,0.0007733668899163604,0.019924677908420563,0.008608325384557247
IL_1968737,0.002011349657550454,0.0336521714925766,0.004168232902884483,0.00407819589599967,0.007018232252448797,0.05150251090526581,0.030647670850157738,0.022402789443731308,0.030201314017176628,0.0019901187624782324,0.9978415966033936
IL_1976391,0.003955460153520107,0.002031973097473383,0.012643632479012012,0.0024143459741026163,0.0009290073649026453,0.00393042853102088,0.0007407519151456654,0.7108475565910339,0.26849836111068726,0.004786629695445299,0.006149770226329565
IL_2021485,0.0008311978308483958,0.3663896322250366,0.0016492506256327033,0.004537242464721203,0.0013567027635872364,0.0015503981849178672,0.0026327106170356274,0.0015826094895601273,0.011109045706689358,0.34005287289619446,0.004354138858616352
IL_2031231,0.00046495391870848835,0.9931631088256836,0.0009587055537849665,0.000103032733022701,0.0001158635423053056,0.0005788035341538489,0.0025103790685534477,0.003542813239619136,2.8958926122868434e-05,0.0003619987692218274,0.0010300041176378727
IL_2042306,0.00022596873168367893,0.01823636330664158,0.07107431441545486,0.0006242459057830274,0.00043943579657934606,0.008017069660127163,0.003055199980735779,0.015730537474155426,0.4684571623802185,0.0025588511489331722,0.004811402875930071
IL_2057670,0.0003580212069209665,0.01009122934192419,0.0014324493240565062,6.440577999455854e-05,5.0288148486288264e-05,0.002317573642358184,0.0012211069697514176,0.0007224131841212511,0.0005529586342163384,0.992800235748291,0.009141707792878151
IL_2058271,0.02719336375594139,0.1622215211391449,0.1497306525707245,0.2688741087913513,0.0033441365230828524,0.00187518575694412,0.020137526094913483,0.0013361315941438079,0.006451029796153307,0.10879747569561005,0.0043138787150382996
IL_2068901,0.09702650457620621,0.5255725383758545,0.003107411088421941,0.00180075375828892,0.0005718065658584237,0.0010767498752102256,0.00037500541657209396,0.001058566034771502,0.005766492802649736,0.12117700278759003,0.007838600315153599
IL_2076993,0.009266659617424011,0.009090714156627655,0.002648113062605262,0.021909108385443687,0.000306263827951625,0.008310730569064617,0.0019277225947007537,0.002286443253979087,0.0010336051927879453,0.8919969797134399,0.0061502279713749886
IL_2078226,0.00537159712985158,0.0006511574028991163,0.002192156156525016,0.016180168837308884,2.17013293877244e-05,0.0001748828508425504,0.03476037457585335,0.0005766453105024993,0.01267599780112505,0.7289868593215942,0.0023811552673578262
IL_2081710,0.00035832251887768507,0.10406441241502762,0.0007687323959544301,0.0015072275418788195,8.519524271832779e-06,9.903754835249856e-05,0.001393374870531261,0.0012886394979432225,0.002532557351514697,0.00011317576718283817,0.2819974422454834
IL_2085556,0.029273217543959618,0.8006933331489563,0.0013310442445799708,0.0013806985225528479,0.00023194921959657222,0.0008649893570691347,0.004027413669973612,0.002172013744711876,0.00021891959477216005,0.01646832935512066,0.006035561673343182
IL_2090864,0.03648713231086731,0.7682021856307983,0.0013248223112896085,0.008652055636048317,0.004992953967303038,0.007050172425806522,0.0017299865139648318,0.015378620475530624,0.0034618880599737167,0.028055181726813316,0.003243460552766919
IL_2144290,0.0013514726888388395,0.001983211375772953,0.00908988993614912,0.000639800913631916,0.00016980583313852549,0.001281691831536591,0.004072245210409164,0.5745924115180969,0.1977459192276001,0.004762160126119852,0.044136375188827515
IL_2157015,0.0048310463316738605,0.86830073595047,0.0012326891301199794,0.0007271406357176602,0.0009283711551688612,0.002842108253389597,0.0038400478661060333,0.002310456708073616,0.0010048479307442904,0.039212435483932495,0.0004516134213190526
IL_2190574,0.03361295536160469,0.30683305859565735,0.008783300407230854,0.009507430717349052,0.009847392328083515,0.0013878101017326117,0.005049906671047211,0.0009606407256796956,0.0251480620354414,0.1682286560535431,0.0159488283097744
IL_2207792,0.006757075898349285,0.2574974298477173,0.006535783410072327,0.0001866052480181679,0.005102535709738731,0.06870010495185852,0.004256570711731911,0.10587820410728455,0.012519952841103077,0.005751369521021843,0.005022069439291954
IL_2254004,0.0021816480439156294,0.17781373858451843,0.0015442747389897704,0.005382017232477665,0.0016160544473677874,0.00016924558440223336,0.0014311184640973806,0.003519116435199976,0.000580389576498419,0.11263640224933624,0.0021442733705043793
IL_2274232,0.129470095038414,0.7087077498435974,0.0012314626947045326,0.009237249381840229,0.06627368181943893,0.003807531436905265,0.004258287139236927,0.0010533484164625406,0.0028681934345513582,0.001497540739364922,0.006036886479705572
IL_2283965,0.006183685269206762,0.026218388229608536,0.0007965427939780056,0.006369775161147118,0.0005549137131310999,0.000277561106486246,0.012699107639491558,0.001576359267346561,0.0010150886373594403,0.9586361646652222,0.0028376979753375053
IL_2330498,0.008883563801646233,0.03523922711610794,5.754081212216988e-05,0.06575989723205566,3.510534588713199e-05,0.0008122192230075598,0.0007260926067829132,0.003324903082102537,0.015362657606601715,0.42448997497558594,0.0029832939617335796
IL_2354191,0.003224886953830719,0.007117397617548704,0.008263935334980488,0.0005355158355087042,0.0018307274440303445,0.001337788300588727,0.003778059734031558,0.05694783851504326,0.7383309006690979,0.0013970561558380723,0.0005354310851544142
IL_2424578,0.014357179403305054,0.03484649211168289,0.0008635460981167853,0.00036746481782756746,0.0020570524502545595,0.0010656923986971378,0.0022489489056169987,0.7130611538887024,0.19277039170265198,0.0011601521400734782,0.0017847932176664472
IL_2440740,0.01862262561917305,0.0009893954265862703,0.0028362467419356108,0.00033066270407289267,0.00051874975906685,0.0018392804777249694,0.0015971488319337368,0.03180454298853874,0.9303740859031677,0.007490167394280434,0.000905199849512428
IL_2451306,0.0013190950267016888,0.005708729382604361,0.05693942680954933,0.03459799662232399,0.006672315299510956,0.3804193139076233,0.013382419012486935,0.12413108348846436,0.00020898708316963166,0.037996336817741394,0.301830530166626
IL_2508459,0.002380917314440012,0.11270623654127121,0.000123602309031412,0.029205717146396637,5.08088523929473e-05,0.0004700712743215263,0.0003798028628807515,0.7188975811004639,0.0008795618778094649,0.002671174705028534,0.0005161091685295105
IL_2512501,0.09716551750898361,0.10569311678409576,0.0007937249029055238,0.01634117029607296,0.0001546326675452292,0.00013112441229168326,0.00046892373939044774,4.7550602175761014e-05,0.011236785911023617,0.15777964890003204,0.001859327545389533
IL_2520283,0.00020804292580578476,0.9231235980987549,0.0004344447224866599,0.0008933230419643223,0.003310247790068388,0.0007407896919175982,0.011470137163996696,0.008113461546599865,0.000206252298085019,0.02114761620759964,0.00040660216473042965
IL_2532113,0.01103025022894144,0.6836183071136475,0.0028324017766863108,0.0013168982695788145,0.000706645252648741,0.022499864920973778,0.0013384987832978368,0.0037473177071660757,0.0003714805352501571,0.025172371417284012,0.011850891634821892
IL_2541202,0.007892309688031673,0.12739039957523346,0.011759214103221893,0.00046947834198363125,0.0007768787327222526,0.06534718722105026,0.08331675082445145,0.012458058074116707,0.0006595542654395103,0.1747708022594452,0.013025656342506409
IL_2542731,0.0062746312469244,0.022823188453912735,0.0005567655898630619,0.00321736978366971,6.144494545878842e-05,0.0105014368891716,0.0006767948507331312,0.3610787093639374,0.032938458025455475,0.0010560592636466026,0.0035472416784614325
IL_2564178,0.006983412895351648,0.6182048320770264,0.00011297886521788314,0.00040028966031968594,0.000380410609068349,0.0001280537253478542,0.003407322568818927,0.0017076211515814066,3.6319386708782986e-05,0.0638098195195198,0.0020369987469166517
IL_2579528,0.2528587281703949,0.07879138737916946,0.0010615496430546045,0.004411847330629826,0.00019448611419647932,6.855839455965906e-05,0.0008057895465753973,0.005327621940523386,0.0008086154703050852,0.17623387277126312,0.000690891349222511
IL_2580737,0.0014085122384130955,0.9706506133079529,0.0015925377374514937,0.001013000961393118,0.00754914153367281,0.006164179183542728,0.012142753228545189,0.0004808153316844255,0.0014464276609942317,0.0022919343318790197,0.0007086465484462678
IL_2620364,0.01361685898154974,0.0963234007358551,0.0001372750266455114,0.016659609973430634,8.183765748981386e-05,0.006256463471800089,8.155967225320637e-05,0.009098757989704609,0.006112859584391117,0.06835642457008362,0.0004883272922597826
IL_2631882,0.0009065308258868754,0.9915598034858704,0.02779092639684677,6.383711297530681e-05,0.00264882599003613,0.004585567861795425,0.0025288681499660015,0.003404475748538971,5.387846613302827e-05,0.000758277194108814,0.001982780173420906
IL_2632245,0.001635184045881033,0.32368460297584534,0.0018603472271934152,0.0014116807142272592,0.007936720736324787,0.00039485577144660056,0.0016334467800334096,0.015379047021269798,0.004408122505992651,0.6482798457145691,0.00723183574154973
IL_2667257,0.00031990764546208084,0.2199835479259491,0.0076558152213692665,0.0056964196264743805,0.044179536402225494,0.007384536787867546,0.011436928994953632,0.001084509422071278,0.0009194394224323332,0.009212685748934746,0.010510512627661228
IL_2673683,0.0003419684071559459,0.9477202296257019,6.621403736062348e-05,0.00172305922023952,0.0007002168567851186,0.00017494622443336993,0.002038677455857396,0.003445057664066553,0.0017311018891632557,0.020279742777347565,0.0001800813915906474
IL_2695389,0.038628917187452316,0.635728657245636,0.004185750614851713,0.004420463927090168,0.0015148570528253913,0.008527719415724277,0.0029255340341478586,0.004095963202416897,0.0001642432325752452,0.03201150521636009,0.001970481825992465
IL_2697064,0.03541820868849754,0.06601385772228241,0.001367245684377849,0.021889852359890938,0.012771693989634514,0.0033118873834609985,0.0186696145683527,0.015177293680608273,0.005408887285739183,0.7159027457237244,0.013192369602620602
IL_2701771,0.003606632584705949,0.18599216639995575,0.001353881903924048,0.0027247080579400063,0.0004084428073838353,0.002443237928673625,0.01810649409890175,0.0067215594463050365,0.001185620785690844,0.023401938378810883,0.000257552950643003
IL_2713699,0.01619594916701317,0.011086804792284966,0.0023122038692235947,0.08000362664461136,0.01440146379172802,0.002700590528547764,0.0011888716835528612,0.002716674702242017,0.013605974614620209,0.5758012533187866,0.01774165779352188
IL_2726821,0.17570987343788147,0.39968857169151306,0.0010768120409920812,0.03436525538563728,0.015860464423894882,0.0030700499191880226,0.003467230824753642,0.0032144547440111637,0.0014745199587196112,0.035461485385894775,0.0018836261006072164
IL_2729600,0.04915108531713486,0.161394402384758,0.0004939702339470387,0.003884004196152091,0.001023261807858944,0.019315848127007484,0.003525496693328023,0.0014863937394693494,0.0006898801075294614,0.15634088218212128,0.011271641589701176
IL_2741580,0.04788145050406456,0.4850594401359558,0.0025784452445805073,0.004030258860439062,0.005169530399143696,0.0030378063675016165,0.005008173640817404,0.00482091074809432,0.0035318227019160986,0.05860516428947449,0.002562998328357935
IL_2778741,0.06554042547941208,0.0036868981551378965,0.000380494340788573,0.014194326475262642,0.001758703263476491,0.0030561627354472876,0.0011081399861723185,0.0337313748896122,0.0018915064865723252,0.4947969913482666,0.008952056057751179
IL_2784674,0.0060282256454229355,0.09434010833501816,0.0005076571251265705,0.0008927682065404952,0.0008735653827898204,0.0008586567128077149,0.00161228037904948,0.003901247400790453,0.003128855722025037,0.8406805992126465,0.0033403688576072454
IL_2788623,0.0024406095035374165,0.45547011494636536,0.04934871941804886,0.0008565733442083001,0.00417101476341486,0.0761498361825943,0.006521918345242739,0.01970105618238449,0.0004850038967560977,0.4700778126716614,0.04159468412399292
IL_2824067,0.00025685332366265357,0.16746385395526886,0.08201393485069275,0.0003034576366189867,0.00429498078301549,0.07150400429964066,0.022523028776049614,0.13822788000106812,8.784545207163319e-05,0.01133714523166418,0.01031927578151226
IL_2840498,0.0011957118986174464,0.4404583275318146,0.00023755010624881834,0.00129178527276963,0.026427486911416054,0.003704571630805731,0.004440800752490759,0.0064821247942745686,0.017747392877936363,0.001667071133852005,0.00046039713197387755
IL_2844654,0.001956656575202942,0.08436551690101624,0.0017957610543817282,0.0023135198280215263,0.0014439153019338846,0.024445461109280586,0.36600229144096375,0.025192037224769592,0.22956199944019318,0.00045171522651799023,0.00048774899914860725
IL_2849392,0.022084234282374382,0.03608439862728119,0.001399890286847949,0.00018098976579494774,6.513149855891243e-05,0.017418188974261284,0.0045937891118228436,0.00288196443580091,1.8481996448826976e-05,0.25044935941696167,0.002027347683906555
IL_2851462,0.0028563125524669886,0.4491484761238098,0.01875336654484272,0.0021825223229825497,0.0005934212822467089,0.0012622993672266603,0.002378275152295828,0.00437634252011776,0.00024638668401166797,0.09688371419906616,0.0485561266541481
IL_2921273,0.008179140277206898,0.07315075397491455,0.05752338841557503,0.08154097944498062,0.005894876085221767,0.013757509179413319,0.013618849217891693,0.019242212176322937,0.7251508831977844,0.7826476693153381,0.028755787760019302
IL_2936438,0.005265885032713413,0.9845523834228516,0.003873846959322691,0.004573888145387173,0.02643842063844204,0.00454675080254674,0.00834711454808712,0.007342579308897257,0.0011121665593236685,0.0012754324125126004,0.006693377159535885
IL_2947403,0.158648282289505,0.07455993443727493,0.0009594712173566222,0.00046705701970495284,0.021373573690652847,0.3064830005168915,0.0015292889438569546,0.00209784135222435,0.0022898679599165916,0.1557430922985077,0.002972856629639864
IL_2978149,0.00039874069625511765,0.0005054199718870223,0.004396790638566017,0.0008999783894978464,0.0021773111075162888,0.03851398825645447,0.011286631226539612,0.44016656279563904,0.025926440954208374,0.19990667700767517,0.004610495176166296
IL_2996774,0.0016428587259724736,0.06890378147363663,0.0008845982374623418,0.001093149185180664,0.0031146027613431215,0.0016576949274167418,0.000539645494427532,0.005094841588288546,0.0008180528529919684,0.9235779047012329,0.0004893958102911711
IL_3007459,0.0004917237674817443,0.17085672914981842,4.737850758829154e-05,0.011079567484557629,8.426326530752704e-06,0.00013248225150164217,0.0008724527433514595,0.002076436299830675,0.0005976702668704093,0.37242093682289124,0.00014769587141927332
IL_3061357,0.004830076824873686,0.6464642286300659,0.0009871480287984014,0.005846068263053894,0.000549997144844383,0.040476277470588684,0.0004953269963152707,0.0027382855769246817,0.001278196694329381,0.03851356729865074,0.00242565362714231
IL_3076877,0.0016552179586142302,0.0662364512681961,0.0011009015142917633,0.0015177484601736069,0.001026750891469419,0.025392241775989532,0.0024770989548414946,0.044853758066892624,0.00025648062000982463,0.6724346280097961,0.019131815060973167
IL_3084993,0.19555947184562683,0.07868639379739761,0.0002083138533635065,0.0025960009079426527,0.00033726097899489105,0.020921925082802773,0.0005884598940610886,0.0005961759597994387,0.00232602353207767,0.0007555521442554891,0.00329508981667459
IL_3109240,0.020805271342396736,0.5052573680877686,0.0004207730817142874,0.0005798893398605287,0.004095088224858046,0.00022589333821088076,0.006149654276669025,0.0046683321706950665,0.006921472027897835,0.006229552906006575,0.002696286654099822
IL_3124812,0.007604631595313549,0.4897576868534088,0.009709998965263367,0.0367744155228138,0.002656158758327365,0.004605576395988464,0.031169384717941284,0.0334087498486042,0.024911629036068916,0.045164767652750015,0.002759882714599371
IL_3127619,0.0430375412106514,0.7338173389434814,0.00017727966769598424,0.002983035985380411,0.0011496504303067923,0.002568806055933237,0.00044961663661524653,0.058442700654268265,0.023872675374150276,0.0174024049192667,0.001286348793655634
IL_3149454,0.00462664058431983,0.8390006422996521,0.0005077848909422755,0.001675701467320323,0.0002510127378627658,0.0017395017202943563,0.0007800990715622902,0.02207261696457863,0.0006894721882417798,0.0015207140240818262,0.00031984728411771357
IL_3153787,0.007992194034159184,0.018186479806900024,0.012049112468957901,0.024032853543758392,0.009970019571483135,0.23835475742816925,0.0007476495811715722,0.1624894142150879,0.008436399511992931,0.0033614325802773237,0.003629443934187293
IL_3156984,0.007399058435112238,0.013588417321443558,0.02413797937333584,0.08076857775449753,0.009907901287078857,0.003966602496802807,0.011942122131586075,0.6864650249481201,0.05993330106139183,0.03126569092273712,0.016013121232390404
IL_3200972,0.004768128041177988,0.025059448555111885,0.030496427789330482,0.001139613799750805,0.014594108797609806,0.0021661517675966024,0.01401734072715044,0.09912148863077164,0.5874167680740356,0.006032641511410475,0.0026364894583821297
IL_3206011,0.002398584270849824,0.00915514212101698,0.007599943317472935,0.010358165949583054,0.008928586728870869,0.026822591200470924,0.006661922205239534,0.018269335851073265,0.6301291584968567,0.0329543761909008,0.08836975693702698
IL_3245297,0.0026952314656227827,0.035494010895490646,0.0009014622191898525,0.001346296863630414,0.004239718429744244,0.05345534533262253,0.004236653447151184,0.0029144263826310635,0.0014283444033935666,0.8544735908508301,0.00817160401493311
IL_3275405,0.0015833586221560836,0.3043569028377533,0.00014245318016037345,0.35833317041397095,0.0003913703840225935,0.00016591802705079317,0.0008293224382214248,0.0005895576323382556,0.0009999093599617481,0.002417775569483638,0.0006060517043806612
IL_3278464,0.037576694041490555,0.6525810360908508,0.00028598870267160237,0.0012843240983784199,9.405795572092757e-05,0.0002674583229236305,0.004145137034356594,0.0004655337834265083,0.00019257917301729321,0.08887388557195663,0.001958828419446945
IL_3286203,0.00040278155938722193,0.023557985201478004,0.00043792699580080807,0.0013086593244224787,0.00046317410306073725,0.00045654934365302324,0.00048487959429621696,0.00026850152062252164,0.0019395013805478811,0.985241711139679,0.004721337463706732
IL_3304841,0.0022224856074899435,0.06468678265810013,0.000579679966904223,0.011380749754607677,0.0004897595499642193,0.0008337564649991691,0.0022428156808018684,0.001706283655948937,0.0003516202559694648,0.9050033092498779,0.004307660739868879
IL_3328321,0.0006423073937185109,0.02345493994653225,7.92114224168472e-05,0.0028383389580994844,0.00023623264860361814,0.0007952519226819277,0.0010380583116784692,0.00041659793350845575,0.0004799862508662045,0.9811604619026184,0.000561804510653019
IL_3355205,0.007854321040213108,0.011508229188621044,0.002658390672877431,0.28935325145721436,9.210598364006728e-05,0.03366721048951149,0.0027619057800620794,0.0003701629757415503,0.003260685596615076,0.334953635931015,0.00017053373449016362
IL_3383918,0.025626353919506073,0.005399642512202263,0.0016120156506076455,0.00028577394550666213,1.5231092220346909e-05,4.3296939111314714e-05,0.02309744991362095,0.0017913124756887555,5.692675040336326e-05,0.9339861869812012,3.5577279049903154e-05
IL_3405674,0.0020307849626988173,0.011049309745430946,0.0015671269502490759,0.030961796641349792,0.000508307886775583,0.009132180362939835,0.00470585934817791,0.0024288969580084085,0.0025333527009934187,0.9822269678115845,0.02397148497402668
IL_3416109,0.003239755053073168,0.12547843158245087,0.0022987723350524902,0.016190221533179283,0.0011488336604088545,0.0005926074227318168,0.002309322590008378,0.005167726427316666,0.0007962767849676311,0.19105733931064606,0.00855516642332077
IL_3417042,0.07690031081438065,0.012738614343106747,0.04681355133652687,0.04418044164776802,0.0033879245165735483,0.03259493410587311,0.004556654486805201,0.00921618565917015,0.00342313339933753,0.03848796337842941,0.0020644627511501312
IL_3475314,0.002257527085021138,0.056405652314424515,0.0005842738901264966,0.020049815997481346,0.001334529253654182,0.0007491472642868757,0.0028453506529331207,0.07206694036722183,0.0005164440372027457,0.21412113308906555,0.010429130867123604
IL_3502631,0.0068479375913739204,0.2338658720254898,0.004029847215861082,0.0018289360450580716,0.0004524103133007884,0.002275558654218912,0.0037897757720202208,0.3294268548488617,0.0010055059101432562,0.11108482629060745,0.01962839625775814
IL_3512099,0.0013633753405883908,0.8150025606155396,0.06345244497060776,0.012872075662016869,0.0024719280190765858,0.007254730444401503,0.005182716064155102,0.00045019344543106854,0.00019229846657253802,0.04164224490523338,0.004776309709995985
IL_3516247,0.012303863652050495,0.9634954929351807,0.009712177328765392,0.0015833707293495536,0.0038714518304914236,0.006611849647015333,0.008677588775753975,0.0011274192947894335,0.003844985505566001,0.002420081291347742,0.0015016376273706555
IL_3525336,0.004049005918204784,0.005458645522594452,0.023894721642136574,0.5504686236381531,0.0035057563800364733,0.019116856157779694,0.00845530815422535,0.034209687262773514,0.03224867209792137,0.05559166520833969,0.02534986101090908
IL_3584159,0.013200653716921806,0.06835554540157318,0.00022896532027516514,0.03820255026221275,0.0012208865955471992,0.0011361852521076798,0.0034857806749641895,0.04822205379605293,0.012713835574686527,0.024237724021077156,0.000831889221444726
IL_3592184,0.006845706142485142,0.15355926752090454,0.001166624017059803,0.0005225487402640283,0.002039327286183834,0.06479229778051376,0.007116356398910284,0.022762004286050797,0.0001822659542085603,0.3586850166320801,0.0021844336297363043
IL_3662013,0.009600747376680374,0.745955765247345,0.0011173327220603824,0.002824840135872364,0.0014344307128340006,0.0007292315131053329,0.0022324060555547476,0.007255500182509422,0.0006301280809566379,0.005140515975654125,0.0007253764779306948
IL_3682737,0.009523596614599228,0.0008197148563340306,0.001160935964435339,0.0002487525052856654,0.00433929031714797,0.0017266456270590425,0.0016717821126803756,0.7132680416107178,0.23368221521377563,0.0019901094492524862,0.005643992684781551
IL_3708176,0.0008255595457740128,0.8895010948181152,4.577879008138552e-05,0.0038914091419428587,0.0003933876287192106,0.0017607267946004868,0.003246824722737074,0.0092154024168849,0.00029495093622244895,0.123883917927742,0.0013143683318048716
IL_3731984,0.00510010588914156,0.07780682295560837,0.03356221318244934,0.01069736573845148,0.0010720820864662528,0.47472450137138367,0.12663692235946655,0.032856520265340805,0.015080876648426056,0.01613890565931797,0.0032047280110418797
IL_3743750,0.025179028511047363,0.36223340034484863,0.007533535361289978,0.004252078477293253,0.000777634559199214,0.0028977091424167156,0.0011141011491417885,0.10466308146715164,9.07630892470479e-05,0.04021476209163666,0.010908668860793114
IL_3769258,0.02637592889368534,0.035396553575992584,0.003424288472160697,0.12504325807094574,0.0002011673350352794,0.0029843635857105255,0.0013320823200047016,3.809380723396316e-05,0.002532944083213806,0.42371004819869995,0.0006770177278667688
IL_3770691,0.0038187310565263033,0.03501385077834129,0.0002206911303801462,8.044445712585002e-05,0.002198992297053337,0.04983837157487869,0.0010929065756499767,0.012373601086437702,8.01542482804507e-05,0.2158789336681366,0.23815689980983734
IL_3795536,0.02290293015539646,0.1516219675540924,0.0005782843800261617,0.012368805706501007,0.00033018735121004283,0.0015783957205712795,0.0014667600626125932,0.018886273726820946,0.003241242840886116,0.0788087472319603,0.0019389254739508033
IL_3825170,0.0033586877398192883,0.9495503306388855,0.021059444174170494,0.0025362749584019184,0.004380052909255028,0.0026911881286650896,0.02822689339518547,0.0018774273339658976,0.0006774488720111549,0.005189348477870226,0.01250426471233368
IL_3849919,0.005567054729908705,0.6404718160629272,0.048448748886585236,0.01487409882247448,0.01160555798560381,0.023271333426237106,0.004764924757182598,0.0008613450336270034,0.13884538412094116,0.018312567844986916,0.062348317354917526
IL_3863962,0.014695649966597557,0.026310551911592484,0.009097353555262089,0.08338868618011475,0.0005017069634050131,0.02215096727013588,0.0075086369179189205,0.00015021147555671632,0.0005297636962495744,0.7417149543762207,0.010124909691512585
IL_3890738,0.03759826347231865,0.058929845690727234,0.0007775030680932105,0.04653634503483772,0.0006392209907062352,0.0019437955925241113,0.0010101108346134424,0.0005099970730952919,0.00041950750164687634,0.3257398009300232,0.004368129186332226
IL_3916806,0.008722595870494843,0.7182820439338684,0.0018157640006393194,0.03771182522177696,0.00285344454459846,0.0002324690722161904,0.0018171767005696893,0.0016661444678902626,0.0011998501140624285,0.013970397412776947,0.004881654400378466
IL_3918658,0.00044385562068782747,0.3634539842605591,0.003021855605766177,0.00017264331108890474,0.00048190876259468496,0.00014193089737091213,0.005478502716869116,0.0018210470443591475,0.000165081350132823,0.6445105671882629,0.0010104216635227203
IL_3925046,0.00020768596732523292,0.11083117872476578,0.0008079457911662757,0.004303695168346167,0.0027129293885082006,0.003700710367411375,0.00884562823921442,0.0005114228697493672,0.00041072850581258535,0.9546810984611511,0.008284343406558037
IL_3944678,0.02471364475786686,0.8569210767745972,0.00016492226859554648,0.025110866874456406,0.016427600756287575,0.009537653997540474,0.0016323886811733246,0.000646461732685566,0.00022571312729269266,0.0070285615511238575,0.005273846443742514
IL_3989231,0.010138806886970997,0.18247249722480774,0.00047972274478524923,0.023788942024111748,0.00041057742782868445,0.0009828053880482912,0.0015066436026245356,0.06602855771780014,0.10533557087182999,0.006932749878615141,0.001274079317227006
IL_4014940,0.008912032470107079,0.365009605884552,0.010063744150102139,0.18555200099945068,0.007887322455644608,0.017819413915276527,0.009468989446759224,0.006985459942370653,0.00827108882367611,0.04327603057026863,0.005434100516140461
IL_4030473,0.05589112639427185,0.7342286705970764,0.004744269419461489,0.003252216149121523,0.0061634983867406845,0.010137304663658142,0.004100682679563761,0.007632087916135788,0.0033457118552178144,0.06699782609939575,0.014447796158492565
IL_4032940,0.016123224049806595,0.25104761123657227,0.001000559190288186,0.0007161586545407772,0.0006486093043349683,0.0014635580591857433,0.0031591528095304966,0.04628129303455353,0.0007791696116328239,0.13471071422100067,0.029583856463432312
IL_4048093,0.1572585552930832,0.13827763497829437,0.002002666937187314,0.022224819287657738,0.0037428592331707478,0.0014428377617150545,0.0017654180992394686,0.04751259833574295,0.0042845020070672035,0.07415834069252014,0.0010604276321828365
IL_4102420,0.06780722737312317,0.07011159509420395,0.00047096246271394193,0.0006112254923209548,0.00038403793587349355,0.007679881528019905,0.002667993539944291,0.014230049215257168,0.0009111054823733866,0.5845192670822144,0.0043084220960736275
IL_4113222,0.0022183782421052456,0.13457940518856049,0.0043240925297141075,0.03140534088015556,0.00031237181974574924,0.00023948012676555663,0.0009607203537598252,0.07250476628541946,0.004044760949909687,0.22509311139583588,0.0017465973505750299
IL_4121028,0.010213488712906837,0.6060905456542969,0.004877021070569754,0.011568870395421982,0.0011079662945121527,0.0014063890557736158,0.002540955087170005,0.005147248040884733,0.0017229387303814292,0.04728607088327408,0.002046253765001893
IL_4137970,0.009163429029285908,0.1111045852303505,0.025023920461535454,0.026585891842842102,0.0009465871844440699,0.015407651662826538,0.006170065142214298,0.0009396349778398871,0.002414888236671686,0.06966681778430939,0.051548875868320465
IL_4183780,0.00022759148851037025,0.9526742100715637,0.011505215428769588,0.0003762929991353303,0.0015886320034042,0.003556562354788184,0.0072423848323524,0.002768580336123705,2.8023021513945423e-05,0.004603906534612179,0.0008222252945415676
IL_4205103,0.00026138537214137614,0.4906478822231293,0.037825822830200195,0.011500893160700798,0.003060061950236559,0.004156105685979128,0.008479604497551918,0.0006792447529733181,0.0017487277509644628,0.2243044078350067,0.012930846773087978
IL_4212360,0.2267685830593109,0.227094367146492,0.004415964707732201,0.0197336133569479,0.0517100915312767,0.01014931220561266,0.010673502460122108,0.008653012104332447,0.01238652691245079,0.23022107779979706,0.008861901238560677
IL_4217178,0.06265554577112198,0.7949936985969543,0.0012207900872454047,0.006868421100080013,0.004397404380142689,0.0006111827096901834,0.0022197351790964603,0.0043729012832045555,0.0047706784680485725,0.001958961598575115,0.02066681906580925
IL_4273134,0.009379328228533268,0.05560731515288353,0.0009856540709733963,0.012031279504299164,5.1886221626773477e-05,0.00028064142679795623,0.002157846000045538,0.0009054232505150139,0.0009846339235082269,0.4909704923629761,0.006395689211785793
IL_4304678,0.006086911074817181,0.4571833610534668,0.00015554229321423918,0.000505371019244194,2.6574116418487392e-05,0.00029191418434493244,0.004660679027438164,0.0004096973570995033,0.0003290391177870333,0.06084093451499939,0.026160117238759995
IL_4365221,0.012119187042117119,0.9361097812652588,0.0005513618234544992,0.0013854621211066842,0.007225323934108019,0.0020483832340687513,0.0017379126511514187,3.530874164425768e-05,0.00015826922026462853,0.0008316581370308995,0.004634873941540718
IL_4377002,0.05115693807601929,0.006850956939160824,0.002062792656943202,0.005501796957105398,0.006399293430149555,0.0016728679183870554,0.00219537946395576,0.0018517263233661652,0.001966956304386258,0.9636949300765991,0.0007230202900245786
IL_4378654,0.03926148638129234,0.09975887089967728,0.06498982012271881,0.06420286744832993,0.003926275763660669,0.0247151218354702,0.012344916351139545,0.029722798615694046,0.014428874477744102,0.408160001039505,0.048685472458601
IL_4383984,0.0032335894647985697,0.5176491141319275,0.014886611141264439,0.020463712513446808,0.00019608315778896213,0.011699672788381577,0.01552217360585928,0.0001640887203393504,0.00023176198010332882,0.07552102953195572,0.03935583308339119
IL_4392618,0.0004083419917151332,0.6568635106086731,7.22017211955972e-05,0.0007860841578803957,7.512896991102025e-05,0.00010716914403019473,0.004593819845467806,0.00042501866118982434,0.0006279898225329816,0.19960258901119232,0.0016837615985423326
IL_4393410,0.0015698450151830912,0.46774062514305115,0.0005009944434277713,0.005017068237066269,0.00019568440620787442,0.03044263832271099,0.001082829781807959,0.01486500259488821,0.00017870783631224185,0.07020601630210876,0.0077277896925807
IL_4404293,0.001295030815526843,0.03932280093431473,0.0002812403254210949,0.001187711488455534,0.002798095578327775,0.0025240061804652214,0.009770169854164124,0.0017824644455686212,0.0006570468540303409,0.9938307404518127,0.001171279582194984
IL_4407167,0.00019476967281661928,0.283026784658432,0.0010455292649567127,0.0002612328971736133,0.0025185630656778812,0.0004813305276911706,0.002639683661982417,3.672426464618184e-05,0.0006450440268963575,0.9660294055938721,0.016190320253372192
IL_4418818,0.000279542786302045,0.37215641140937805,0.0033863906282931566,0.02801540121436119,0.003258312353864312,0.02587842382490635,0.0035115766804665327,0.0028214375488460064,0.0029758315067738295,0.0303804911673069,0.02738494798541069
IL_4429583,0.02005189284682274,0.0025339734274894,0.0019203925039619207,0.028060797601938248,0.00023335758305620402,0.0011942259734496474,0.00044235654058866203,0.28649622201919556,0.008498226292431355,0.3232031762599945,0.0006495892303064466
IL_4447995,0.027501655742526054,0.18857377767562866,0.007458722684532404,0.15216518938541412,0.001163558685220778,0.002981966594234109,0.0023814248852431774,0.002108057029545307,0.0016728838672861457,0.004922295454889536,0.00748889846727252
IL_4474915,0.03071470372378826,0.13344113528728485,0.00012863246956840158,0.001829934655688703,0.002085140673443675,0.0005147725460119545,0.0020165336318314075,0.0032560410909354687,0.00038331077666953206,0.4746716320514679,0.01683695614337921
IL_4556052,0.0003186538233421743,0.24640211462974548,0.0003082581388298422,0.0001296545669902116,0.00011770439596148208,0.00031581486109644175,0.0024322974495589733,0.0007623916026204824,8.629047079011798e-05,0.974090576171875,0.0027367533184587955
IL_4629710,0.0008964336011558771,0.9602497220039368,0.016178233548998833,0.0014971785712987185,0.011651934124529362,0.005376718007028103,0.00977901741862297,0.0036764261312782764,0.000686907151248306,0.00044709991198033094,0.0035488398279994726
IL_4631015,0.0019367822678759694,0.03496425598859787,0.0010111423907801509,0.01887400820851326,0.00017325695080216974,0.00028133500018157065,0.0007732743979431689,0.008158956654369831,0.03124457411468029,0.009896237403154373,0.00028153142193332314
IL_4632594,0.011940422467887402,0.004906564950942993,0.08445487916469574,0.004712042864412069,0.0017962021520361304,0.01395443081855774,0.009947134181857109,0.01675226539373398,0.9450174570083618,0.015150630846619606,0.001351765007711947
IL_4640947,0.019303563982248306,0.09169973433017731,0.0022503286600112915,0.02951929159462452,0.007574810180813074,0.007465139962732792,0.003070239443331957,4.912820440949872e-05,0.0012980729807168245,0.5062682032585144,0.00400987034663558
IL_4652828,0.009523384273052216,0.09767918288707733,0.00017073482740670443,0.0011350580025464296,0.002125965431332588,0.0020113287027925253,0.00018358035595156252,0.006963280960917473,0.0024191192351281643,0.19267666339874268,0.016955869272351265
IL_4673376,0.0001394754508510232,0.001248129177838564,0.0006412917282432318,0.0001379880413878709,0.0005384801770560443,0.00043748595635406673,0.0016681968700140715,0.12896858155727386,0.8321062326431274,0.0013183822156861424,0.0003541070327628404
IL_4698973,0.000244643451878801,0.581565260887146,0.016671879217028618,0.006539292633533478,0.0007975620683282614,0.0011892560869455338,0.00336145656183362,0.016833150759339333,0.0008855669293552637,0.13717588782310486,0.04999600350856781
IL_4703518,0.00514001352712512,0.9745864868164062,0.006866036914288998,0.0005765172536484897,0.0035306764766573906,0.0099868793040514,0.0031402602326124907,0.0004412551934365183,0.0008889565942808986,0.005228164605796337,0.004943700507283211
IL_4708155,0.013423984870314598,0.04439445957541466,0.006596854887902737,0.01844368875026703,0.0006020889268256724,0.00400572270154953,0.016165463253855705,0.06721777468919754,0.246013343334198,0.03957569971680641,0.08642776310443878
IL_4733323,0.06412377953529358,0.16219063103199005,0.000592126976698637,0.0032070728484541178,0.004152773879468441,0.001433375757187605,0.005101441405713558,0.17721021175384521,0.000576132966671139,0.08261033892631531,0.0038064843975007534
IL_4738780,0.0034797482658177614,0.05471063405275345,0.010996615514159203,0.0005792276351712644,0.0012461133301258087,0.0166599303483963,0.009014876559376717,0.0009029433131217957,1.5873141819611192e-05,0.08421941101551056,0.009355262853205204
IL_4747648,0.0002917514066211879,0.3967888057231903,0.0005573597736656666,0.0030733090825378895,4.572634497890249e-05,0.00011996899411315098,0.00046831375220790505,0.00044283096212893724,0.0006710699526593089,0.2094247043132782,0.026667162775993347
IL_4761308,0.003373430110514164,0.7026058435440063,0.0003390227211639285,0.0027709996793419123,0.002345781307667494,0.00359065318480134,0.00023092095216270536,0.004138697870075703,0.0003516213910188526,0.033165331929922104,0.004209510982036591
IL_4787245,0.002168870298191905,0.18514280021190643,0.000528724049217999,0.0008301206398755312,0.0029707401990890503,0.000454151799203828,0.00608074339106679,0.0068490272387862206,0.0015286693815141916,0.9024747014045715,0.003349068807438016
IL_4796202,0.010284766554832458,0.9833732843399048,0.0006581718917004764,0.0007233055657707155,0.0005671234684996307,0.00034091537236236036,0.002546817297115922,0.001297292998060584,0.001218679011799395,0.0006062626489438117,0.002690221881493926
IL_4805993,0.0003023431927431375,0.9455122351646423,0.010690075345337391,0.001164615503512323,0.015504950657486916,0.004257181193679571,0.013728761114180088,0.00021878689585719258,0.003822255413979292,0.011039543896913528,0.006836735177785158
IL_4840188,0.0010480467462912202,0.9889068603515625,0.0014196281554177403,0.0014444964472204447,0.0035674870014190674,0.00019578050705604255,0.024590952321887016,0.0037700708489865065,0.0004459096526261419,0.0014787109103053808,0.0017228287179023027
IL_4848599,0.00033089288626797497,0.9930279850959778,0.00047956942580640316,0.00010463473881827667,0.0008204765035770833,0.00017960587865673006,0.003848184132948518,0.0022646894212812185,1.112042082240805e-05,0.002636538352817297,0.0015114458510652184
IL_4848977,0.0036857861559838057,0.34399253129959106,7.757035200484097e-05,0.009540663100779057,0.00031349988421425223,0.007853830233216286,0.0043658046051859856,0.006065758410841227,0.0013719929847866297,0.31717920303344727,0.02983841300010681
IL_4907451,0.006191689986735582,0.0771932601928711,0.004963827319443226,0.0453994944691658,0.0010359346633777022,0.003658297471702099,0.02482203021645546,0.007842272520065308,0.008988498710095882,0.739023745059967,0.005725809372961521
IL_4912944,0.005521995946764946,0.008169541135430336,0.010354975238442421,0.0039791539311409,0.006102465558797121,0.022748557850718498,0.00456202169880271,0.022990228608250618,0.005151884630322456,0.9945996999740601,0.0022547824773937464
IL_4926820,0.003314071334898472,0.005688816774636507,0.005509825423359871,0.010506704449653625,0.0032870315480977297,0.2933892607688904,0.0027189687825739384,0.16147984564304352,0.3227732479572296,0.005479820072650909,0.023119183257222176
IL_4928787,0.0004068565322086215,0.5238754749298096,0.0007191949989646673,0.02243177592754364,0.004405495245009661,0.002164150821045041,0.006794612389057875,0.00021199467300903052,0.011054225265979767,0.014508691616356373,0.0008371209842152894
IL_4936385,0.007145284675061703,0.11176029592752457,0.0004079427744727582,0.27382203936576843,0.0005648650694638491,0.0004562372050713748,0.00028681333060376346,0.037336595356464386,0.00044814086868427694,0.011653482913970947,0.0008271359838545322
IL_4942231,0.02167407050728798,0.04289618134498596,0.00010983477113768458,0.001988651230931282,0.0011018026852980256,8.431261812802404e-05,0.0016876952722668648,8.268051169579849e-05,0.003729473100975156,0.296539306640625,0.07865726947784424
IL_4953244,0.0017710573738440871,0.5880699753761292,0.0007073126034811139,0.00012698925274889916,2.255656181660015e-05,0.00012332505139056593,0.00020952957856934518,0.0038778637535870075,0.00011424216063460335,0.15138891339302063,0.002257164102047682
IL_4955020,0.05946154147386551,0.01609927974641323,2.0487732399487868e-05,0.012168381363153458,5.5539803724968806e-05,0.0007904035155661404,0.0002703489444684237,9.077797585632652e-05,0.0021482345182448626,0.4206971228122711,0.0013143265387043357
IL_4964046,0.5716327428817749,0.05737468600273132,0.0004038392216898501,0.001368495635688305,0.0008752666763029993,0.003561931662261486,0.0009008139022625983,0.003915803972631693,0.0012019245186820626,0.10437899082899094,0.00984626729041338
IL_4983934,0.000663326121866703,0.41158032417297363,0.0027025998570024967,0.00324662565253675,0.0001606510195415467,0.0025094980373978615,0.00463908864185214,0.0006065337220206857,0.00022807288041803986,0.517177939414978,0.0032082239631563425
IL_4994761,0.0010436320444568992,0.8724272847175598,0.00011094857472926378,0.0017647704808041453,5.662322109856177e-06,2.8589554858626798e-05,0.00010638980165822431,0.0015509090153500438,0.0019837256986647844,0.0005748831899836659,4.933623495162465e-05
IL_5016487,0.0013546098489314318,0.014391484670341015,0.00024995190324261785,0.33569201827049255,0.00020164146553725004,0.0001468499394832179,0.005491042044013739,0.0010938075138255954,0.0005909796454943717,0.7258056998252869,0.0039218212477862835
IL_5018680,0.0006009726785123348,0.05650923401117325,0.002628675661981106,0.03297722712159157,7.021991041256115e-05,0.0007490276475436985,0.0032737976871430874,0.0004398965975269675,7.126308628357947e-05,0.23701758682727814,0.0010739992139860988
IL_5117306,0.0076339771039783955,0.9764664173126221,0.038978975266218185,0.0021299433428794146,0.0053641838021576405,0.001996193081140518,0.0057021938264369965,0.0017593230586498976,0.000900830258615315,0.009459168650209904,0.0022061592899262905
IL_5136565,0.016699794679880142,0.11836093664169312,6.578473403351381e-05,0.00041687823249958456,0.00011977845133515075,0.00034497090382501483,0.000589346163906157,0.0006574048311449587,0.0007578343502245843,0.9571766257286072,0.004637763369828463
IL_5150961,0.0005023803096264601,0.7937433123588562,0.0002179272414650768,0.001003209501504898,0.0017695532878860831,0.0010888552060350776,0.010768874548375607,0.12048656493425369,0.0004946532426401973,0.04051211103796959,0.00029609454213641584
IL_5152620,0.0007117066998034716,0.0002644578635226935,0.01765086129307747,0.0005725285736843944,0.003776331664994359,0.02230958640575409,0.003114672377705574,0.0015977276489138603,0.019457630813121796,0.8818798661231995,0.005791067145764828
IL_5171099,0.0001569437445141375,0.9947628378868103,0.0011841615196317434,0.0003668068384286016,3.687382923089899e-05,0.00021637645841110498,0.0011112113716080785,0.0004888053517788649,6.97673749527894e-05,0.009485113434493542,0.0004838864260818809
IL_5172506,0.013473174534738064,0.02875223010778427,0.00926742609590292,0.09996726363897324,0.0015845259185880423,0.012098174542188644,0.06198086962103844,0.059290703386068344,0.03995801508426666,0.010037049651145935,0.06522805988788605
IL_5188190,0.008570326492190361,0.42019936442375183,1.138541119871661e-05,0.00131940096616745,0.0006214452441781759,0.001836334471590817,0.005230925511568785,0.00022825298947282135,0.0005176324630156159,0.1958962231874466,0.04908749461174011
IL_5192693,4.445102240424603e-05,0.15566183626651764,0.0020458633080124855,0.0015835968079045415,0.00011036390060326084,9.719721128931269e-05,0.010425582528114319,0.0001692596124485135,0.0016916170716285706,0.8722302317619324,0.0003647562116384506
IL_5195971,0.001698233187198639,0.9856054186820984,0.0003036946291103959,0.0008791721775196493,0.0001991016761166975,1.1745351912395563e-05,0.018412448465824127,7.958234346006066e-05,0.0003127165837213397,0.000286032329313457,0.002312412951141596
IL_5199215,0.0004208258760627359,0.1538427621126175,0.00014640824520029128,0.004682066850364208,5.763427907368168e-05,0.00021226488752290606,0.004236510954797268,0.8888343572616577,0.002458312315866351,0.0001802203623810783,0.0006200604839250445
IL_5202722,0.0004841117770411074,0.5731942057609558,0.0018443941371515393,0.004391096066683531,5.808467903989367e-05,0.00047941028606146574,0.0010335983242839575,0.0033141011372208595,0.01563837006688118,0.0013229271862655878,0.00040341404383070767
IL_5227274,0.006368984933942556,0.8270364999771118,0.002394948387518525,0.05727142095565796,0.001068701152689755,0.00022316108515951782,0.0002481162955518812,0.0013901261845603585,0.0007718097185716033,0.006434410344809294,0.012038128450512886
IL_5227787,0.0017397982301190495,0.012754827737808228,0.0009537466685287654,0.12363855540752411,0.00011842661479022354,0.004449184518307447,0.0170524213463068,0.0006875336403027177,0.00017703675257507712,0.5186808109283447,0.06231021508574486
IL_5242598,0.4101361036300659,0.098707415163517,0.00016149588918779045,0.00013194518396630883,5.4826028645038605e-05,0.004506655037403107,0.0008612357778474689,0.005680474918335676,0.0008785126847214997,0.034713055938482285,8.898490341380239e-05
IL_5308378,0.004986945074051619,0.0036493956577032804,0.002528230892494321,0.036641933023929596,0.0023695132695138454,0.005697816144675016,0.014018389396369457,0.0012920874869450927,0.8798628449440002,0.015136797912418842,0.02675648033618927
IL_5330356,0.05153234302997589,0.7552370429039001,0.0028340951539576054,0.0005586122279055417,0.0024439413100481033,0.0014765236992388964,0.0023308885283768177,0.0006069997325539589,0.0004958360223099589,0.0966595932841301,0.01956905983388424
IL_5334240,0.16317708790302277,0.020173877477645874,0.570580780506134,0.007597761228680611,0.010222573764622211,0.012318231165409088,0.060245580971241,0.41753703355789185,0.00028755285893566906,0.005000395234674215,0.009619873017072678
IL_5360549,0.2351030856370926,0.004693052265793085,0.0004834795545320958,0.0025507875252515078,0.003987838048487902,0.0006654841708950698,0.0012067115167155862,0.005589161533862352,0.0020103449933230877,0.9578971266746521,0.0005218934384174645
IL_5383665,0.012325525283813477,0.3667740523815155,0.0018767331494018435,0.0025334935635328293,0.00039857960655353963,0.0019690869376063347,0.00044484235695563257,0.009648554027080536,0.0064470707438886166,0.32624098658561707,0.002493431093171239
IL_5417792,0.0008210176602005959,0.7020317316055298,0.0009591436828486621,0.0009287050925195217,0.037298157811164856,0.0019421735778450966,0.004764203447848558,0.07736758142709732,0.0011486394796520472,0.05704902485013008,0.00556178018450737
IL_5419157,0.13962523639202118,0.07680129259824753,9.730459714774042e-05,0.0027632652781903744,0.0013880236074328423,0.0053796181455254555,0.001389620010741055,0.014299855567514896,0.08866886794567108,0.01299761701375246,0.0008510630577802658
IL_5461503,0.0009185037342831492,0.7766040563583374,0.00018386205192655325,0.0015097089344635606,0.003122023306787014,0.0007163852569647133,0.008258547633886337,0.0012016142718493938,0.006450406275689602,0.09138835221529007,0.0006173998117446899
IL_5484022,0.003165811998769641,0.7989908456802368,0.0005243711639195681,0.0002361810766160488,0.001187473302707076,0.002600056352093816,0.013714493252336979,0.0016726817702874541,0.00025519466726109385,0.11329842358827591,0.0003794907534029335
IL_5489843,0.0034469489473849535,0.9751810431480408,0.00038809553370811045,0.002977825701236725,0.00044086718116886914,0.006483119912445545,0.000633424730040133,0.0023796071764081717,0.00025688763707876205,0.006981383543461561,0.013533453457057476
IL_5493219,0.0003352833155076951,0.21839095652103424,0.0009166297968477011,0.0026823452208191156,0.0033452557399868965,0.006886128336191177,0.0036340802907943726,9.8565717053134e-05,0.000266407267190516,0.9175317287445068,0.0012799784308299422
IL_5512024,0.00255193910561502,0.4587806463241577,0.0008424584520980716,0.16098520159721375,0.0295327827334404,0.001757145277224481,0.0022704643197357655,0.0010186091531068087,0.0015288586728274822,0.0024328597355633974,0.012707043439149857
IL_5545711,0.04814401641488075,0.4739096164703369,0.0011743250070139766,0.00235500349663198,0.00428452854976058,0.0003725016722455621,0.0013738739071413875,0.12203945964574814,0.009782337583601475,0.00841641053557396,0.006112019997090101
IL_5552679,0.003378384280949831,0.0046666464768350124,0.001899512019008398,0.00102906150277704,0.0004911466385237873,0.0035686211194843054,0.005076393950730562,0.0025670218747109175,0.00046375393867492676,0.9981039762496948,0.06972470134496689
IL_5562172,0.000807209697086364,0.6673436164855957,3.425176328164525e-05,0.006986555643379688,3.008857493114192e-05,2.0981437046430074e-05,0.001598959555849433,0.0006260088994167745,0.00014038207882549614,0.019603172317147255,0.0019539794884622097
IL_5584877,0.8279270529747009,0.02327657863497734,0.0010669855400919914,0.01666893996298313,0.11559942364692688,0.17662584781646729,0.000772724102716893,0.0035546449944376945,0.0010626312578096986,0.03613973408937454,0.0019505212549120188
IL_5603161,0.06976643949747086,0.252101868391037,0.011981312185525894,0.10968322306871414,0.02284403331577778,0.037891287356615067,0.004119530785828829,0.24354761838912964,0.05907471850514412,0.025499489158391953,0.03208879008889198
IL_5609972,0.04967233166098595,0.04680449888110161,0.002326723886653781,0.056488826870918274,0.0003299217496532947,0.0006183968507684767,0.0355241559445858,0.3241536021232605,0.005031919572502375,0.12367980927228928,0.0012293672189116478
IL_5632066,0.0011810609139502048,0.006835999898612499,0.008867800235748291,0.0033920099958777428,0.00060780014609918,0.028246616944670677,0.0005587746854871511,0.0013482742942869663,0.03613023832440376,0.00380683527328074,0.957185685634613
IL_5671982,0.03347146511077881,0.14310581982135773,0.0005107067991048098,0.0019171596504747868,0.0006698801298625767,0.000755874440073967,0.0023361705243587494,0.004057608544826508,0.0005238673184067011,0.7175899744033813,0.0013573728501796722
IL_5695938,0.005673033185303211,0.3870665431022644,0.003693928709253669,0.0057746609672904015,0.0005013400805182755,0.18661010265350342,0.012444207444787025,0.0006551266415044665,9.411395694769453e-06,0.00027585579664446414,0.0007129595032893121
IL_5698172,0.003068051300942898,0.18170273303985596,0.005613615270704031,0.0008464148850180209,0.00043882711906917393,0.18637621402740479,0.0077415211126208305,0.04118224233388901,0.000989837571978569,0.039509907364845276,0.002898315666243434
IL_5712655,0.005988306365907192,0.3598453402519226,0.0002559593413025141,0.026373853906989098,0.0025126629043370485,6.644503446295857e-05,0.0003686228592414409,0.014927413314580917,0.000617682293523103,0.2018326073884964,0.007455906365066767
IL_5746899,0.006089998409152031,0.7832450270652771,0.00033354960032738745,0.0008815251640044153,7.514172466471791e-05,0.0014360682107508183,0.0023682420141994953,0.0005623262841254473,0.004894055426120758,0.04785791039466858,0.0008093015057966113
IL_5770284,0.0020418940111994743,0.004226244054734707,0.001401546411216259,0.0032481502275913954,0.00021378723613452166,0.0005821809754706919,0.0006941936444491148,0.10589689016342163,0.7971214652061462,0.012704925611615181,0.005551556590944529
IL_5841112,0.0032422905787825584,0.011560464277863503,0.005913952831178904,0.0014969726325944066,0.001329665770754218,0.002013268880546093,0.001909805927425623,0.007438202388584614,0.9622950553894043,0.002431544242426753,0.04540940001606941
IL_5873278,0.004872357938438654,0.7496504187583923,0.014596452936530113,0.0004522675590123981,1.9407405488891527e-05,0.008065915666520596,0.00272740563377738,0.016876166686415672,1.021421303448733e-05,0.000507495307829231,0.00048722323845140636
IL_5886154,0.1203039288520813,0.232643261551857,0.003806285560131073,0.011674046516418457,0.020348429679870605,0.0015582280466333032,0.002200570423156023,0.02336304634809494,0.025516822934150696,0.015297523699700832,0.0017372824950143695
IL_5891440,0.001051889848895371,0.022917916998267174,0.010031175799667835,0.024512140080332756,0.0010171598987653852,0.0010016117012128234,0.00611546216532588,0.014883841387927532,0.007823191583156586,0.9465720057487488,0.003527926281094551
IL_5907718,0.0029822702053934336,0.35768941044807434,0.009913580492138863,0.034558046609163284,0.000814082333818078,0.0002899387909565121,0.002060934202745557,0.0010762813035398722,0.00031205095001496375,0.0952010452747345,0.01621541753411293
IL_5913331,0.05047959089279175,0.5651995539665222,0.0051794154569506645,0.0007451894343830645,0.003622569842264056,0.018703782930970192,0.0003599227056838572,0.005106970202177763,0.0004925702814944088,0.09811481833457947,0.004635192453861237
IL_5917748,0.0734010636806488,0.4499577283859253,0.003720469307154417,0.04259264096617699,0.0006088739610277116,0.007383942138403654,0.03486065939068794,0.05531720444560051,0.0034525389783084393,0.00503550423309207,0.0019308561459183693
IL_5924119,0.0017154212109744549,0.008984897285699844,0.002627862151712179,0.003400126239284873,0.0021309785079210997,0.007489674724638462,0.001257388386875391,0.008795106783509254,0.9424181580543518,0.0045268177054822445,0.025462934747338295
IL_5926691,0.0009003750164993107,0.09208866208791733,0.059718888252973557,0.002803058596327901,0.0017355557065457106,0.09715081006288528,0.021704424172639847,0.041970979422330856,0.3952659070491791,0.005186788737773895,0.016544517129659653
IL_5932158,0.016183698549866676,0.03256241977214813,0.0008242672774940729,0.00209439848549664,0.023055091500282288,0.011644041165709496,0.0021222347859293222,0.011581548489630222,0.001029085018672049,0.8887779712677002,0.06056167557835579
IL_5978307,0.006926153786480427,0.006596783176064491,0.023738835006952286,0.004915466066449881,0.011968020349740982,0.06287747621536255,0.0025013398844748735,0.2430490404367447,0.7768009901046753,0.010728055611252785,0.007702594622969627
IL_6000978,0.020641636103391647,0.1376710683107376,0.0012527292128652334,0.009043022058904171,0.0009873685194179416,0.001874502981081605,0.006224804557859898,0.008946744725108147,0.0026823387015610933,0.4788399934768677,0.013107366859912872
IL_6012528,0.19300125539302826,0.05775827169418335,0.0011048853630200028,0.011290623806416988,0.007571874652057886,0.0028638627845793962,0.000944683444686234,0.01434389129281044,0.0022953671868890524,0.726544201374054,0.014119206927716732
IL_6031916,0.002634666860103607,0.39254796504974365,0.004015614278614521,0.003334083827212453,7.593350164825097e-05,0.012162433937191963,0.002168603939935565,0.017933260649442673,0.0007665958837606013,0.16051585972309113,0.0031476591248065233
IL_6046824,0.0015297724166885018,0.9382720589637756,0.0001360899186693132,0.0010999238584190607,0.00016354717081412673,0.0011035227216780186,0.0003158687613904476,0.0003233556926716119,0.0019656820222735405,0.003152294782921672,0.000905861088540405
IL_6051806,0.0010666419984772801,0.13785485923290253,0.003064861986786127,0.0006666159024462104,0.00021327946160454303,0.009014756418764591,0.0004365371714811772,0.692288339138031,0.0023697668220847845,0.032083652913570404,0.019141558557748795
IL_6066131,0.06275470554828644,0.3790638744831085,0.00035772297997027636,0.00016810062516015023,0.00028423217008821666,0.00017326536180917174,0.0020533946808427572,0.0031008212827146053,0.003594032721593976,0.08640269190073013,0.001468028174713254
IL_6070882,0.0003565774532034993,0.8403785824775696,0.00017037494399119169,0.00016975629841908813,0.001985605340451002,0.00044101092498749495,0.002994091250002384,0.0018622403731569648,0.0005996484542265534,0.28612974286079407,0.011261937208473682
IL_6075447,0.0029511544853448868,0.8741887807846069,0.0003242719394620508,0.00030159411835484207,0.0003441134176682681,0.00029863559757359326,0.0014982460997998714,0.0003054814296774566,0.0003486898494884372,0.22501739859580994,0.0019158953800797462
IL_6099493,0.06872071325778961,0.7374861836433411,0.0002535687235649675,0.0049217138439416885,0.0010110253933817148,0.003974590916186571,0.0002771549334283918,0.042753349989652634,0.0005673216073773801,0.002875074977055192,0.0021093194372951984
IL_6099858,0.020126352086663246,0.8072521686553955,0.0019962822552770376,0.040487587451934814,0.006416136398911476,0.012871167622506618,0.008032248355448246,0.005309376399964094,0.01134837418794632,0.02094290219247341,0.0272673387080431
IL_6129083,0.00025427830405533314,0.002746967598795891,0.00595241179689765,0.0001415904116583988,0.00042394897900521755,0.17684157192707062,0.0003903825709130615,0.0002729372645262629,0.9632511138916016,0.0057150693610310555,0.0029945550486445427
IL_6163594,0.023058494552969933,0.09738113731145859,0.0001256224059034139,0.02080116793513298,0.02983832359313965,0.00028494768775999546,0.0017134346999228,0.0036243621725589037,0.0008573661907576025,0.11826872825622559,0.0006073116674087942
IL_6164735,0.020331166684627533,0.11057214438915253,0.00022033748973626643,0.0767655074596405,0.0009686733828857541,0.0002727109822444618,0.041010305285453796,0.00010903219663305208,0.08044280111789703,0.019143935292959213,0.11821982264518738
IL_6191818,0.009692438878118992,0.01776622235774994,0.00037199544021859765,0.020549366250634193,0.003015729133039713,0.0025581098161637783,0.0038101491518318653,0.00024299898359458894,0.04266691580414772,0.9304985404014587,0.0037194748874753714
IL_6197538,0.0010975284967571497,0.7363861203193665,0.001660256995819509,0.0009972474072128534,0.0009235654724761844,0.0023884689435362816,0.001959696412086487,0.0027155186980962753,0.0012693597236648202,0.28354915976524353,0.0024337938521057367
IL_6214063,0.10970314592123032,0.3420105576515198,0.00030299389618448913,0.0032848729752004147,0.0023827983532100916,0.0010402873158454895,0.0013564223190769553,0.06626147031784058,3.860580181935802e-05,0.0033725451212376356,0.001755627803504467
IL_6247837,0.0005103732110001147,0.25105658173561096,0.023698456585407257,0.006055681966245174,0.00040680085658095777,0.009998696856200695,0.03679392859339714,9.660039359005168e-05,0.0008874087361618876,0.05342851206660271,0.0003918495785910636
IL_6254530,0.0026294607669115067,0.03673803433775902,0.005972596351057291,0.0003639275091700256,0.0013183000264689326,0.0024249383714050055,0.008869816549122334,0.3930773138999939,0.0019205084536224604,0.052994586527347565,0.005395160522311926
IL_6298296,0.006412058137357235,0.2659721374511719,0.021447300910949707,0.0015477512497454882,0.005525367334485054,0.005072792526334524,0.006691750604659319,0.01029321551322937,0.0016419673338532448,0.010568300262093544,0.00418440718203783
IL_6311333,0.002729834523051977,0.9221585392951965,4.7645557060604915e-05,0.005869827698916197,0.00016696164675522596,0.02862338162958622,0.0007125319098122418,0.0002617088030092418,0.00012068795331288129,0.0001831251138355583,0.014051070436835289
IL_6364048,0.00012808803876396269,0.19288194179534912,0.001611455692909658,6.340200343402103e-05,0.0010372980032116175,0.0003623970551416278,0.004845710471272469,0.0003797123790718615,0.08390147238969803,0.3949379324913025,0.04204824939370155
IL_6375582,0.003079230198636651,0.9918896555900574,0.002134375972673297,0.002692660316824913,0.003254657844081521,0.001071132137440145,0.005097051151096821,0.0012488276697695255,5.427357609733008e-05,0.0011510809417814016,0.0009798649698495865
IL_6379178,0.06992007046937943,0.0022911843843758106,0.013421394862234592,0.06428314000368118,0.001020982163026929,0.0010712617076933384,0.017893455922603607,0.0032786261290311813,0.00026845955289900303,0.08943130820989609,0.015140296891331673
IL_6379354,0.09437761455774307,0.13629359006881714,0.000533457612618804,0.00517310481518507,0.0004691656504292041,0.09064648300409317,0.0018503677565604448,6.0435642808442935e-05,0.0009159749606624246,0.08635768294334412,0.030035777017474174
IL_6430602,0.009112659841775894,0.198137566447258,0.005928772501647472,0.009177809581160545,0.0011773384176194668,0.009919596835970879,0.002992057939991355,0.001101791625842452,0.005078215152025223,0.9058618545532227,0.005127526819705963
IL_6444875,0.002632856834679842,0.4780018925666809,0.0008056904771365225,0.038507748395204544,0.04653231427073479,0.004997317213565111,0.002950717229396105,0.4309328496456146,0.000823369191493839,0.0027973386459052563,0.017286723479628563
IL_6483133,0.00010765813203761354,0.003126826137304306,0.014567977748811245,0.00017876883794087917,0.0008068771567195654,0.007527223788201809,0.0002822578535415232,0.021775541827082634,0.6066733002662659,0.001255085109733045,0.001078039058484137
IL_6492206,0.13222354650497437,0.3544226884841919,0.0011391752632334828,0.013332572765648365,0.00019434024579823017,0.0005097246612422168,0.0013529666466638446,0.0006083022453822196,0.15386687219142914,0.09352097660303116,0.015097594819962978
IL_6495967,0.0876324400305748,0.536356508731842,0.0027025651652365923,0.009927804581820965,0.0067170150578022,0.004892713390290737,0.027527373284101486,0.013249009847640991,0.014430406503379345,0.26972848176956177,0.11348558217287064
IL_6516078,0.005552968010306358,0.37321916222572327,0.003254498587921262,0.006571955978870392,0.001001878408715129,0.0008981361170299351,0.007835080847144127,0.0008733261493034661,9.312967449659482e-05,0.03633403405547142,0.18965494632720947
IL_6579859,0.00423053465783596,0.004252778831869364,0.007838251069188118,0.007886680774390697,0.00041376115405000746,0.245194211602211,0.008003161288797855,0.4431145191192627,0.029216907918453217,0.012721491977572441,0.004644942469894886
IL_6580455,0.03340020403265953,0.8428301215171814,0.0030332261230796576,0.02212640270590782,0.051419977098703384,0.003932692110538483,0.004309657495468855,0.008090461604297161,0.0006215429748408496,0.014738574624061584,0.07318338006734848
IL_6580650,0.0006866895710118115,0.014544468373060226,0.0027559364680200815,0.0001825834042392671,8.672074181959033e-05,0.0008570030913688242,0.0008727542008273304,0.11301961541175842,0.6420921683311462,0.0022287173196673393,0.012356304563581944
IL_6601787,0.03440338000655174,0.6845518946647644,0.004308291245251894,0.01797720231115818,0.053186703473329544,0.004792489111423492,0.013799070380628109,0.017248855903744698,0.0014167925110086799,0.16310152411460876,0.012874888256192207
IL_6603212,0.02659670077264309,0.021696487441658974,0.0002487385063432157,0.006021892186254263,0.0005445482092909515,0.000534999999217689,0.0012179078767076135,0.006716665346175432,0.04176805913448334,0.23459650576114655,0.0012712434399873018
IL_6607523,0.09931638091802597,0.07089120894670486,0.06811954826116562,0.022445127367973328,0.02870798669755459,0.22104482352733612,0.06631764769554138,0.06641325354576111,0.039089322090148926,0.044125888496637344,0.0038503233809024096
IL_6614720,0.02144548110663891,0.62767493724823,0.0008742490317672491,0.022504491731524467,0.0006085704662837088,0.007986286655068398,0.001343765645287931,0.08184129744768143,0.0013394373236224055,0.011345207691192627,0.026398256421089172
IL_6615378,0.0022639643866568804,0.8460109233856201,9.568635141476989e-05,0.03617974743247032,0.058685194700956345,0.00012761027028318495,0.0012884634779766202,0.0002861240063793957,0.0007704462623223662,0.00040608661947771907,0.0016198254888877273
IL_6619207,0.0018443816807121038,0.916450023651123,0.00048823090037330985,0.005034302826970816,0.001898330869153142,0.00202366360463202,0.0016051649581640959,0.00469808466732502,0.0016449082177132368,0.013273430988192558,0.012990613467991352
IL_6671454,0.0003386259195394814,0.05509465932846069,0.0002478862297721207,0.002289922209456563,0.00013645310536958277,0.00011488427844597027,0.0007627589511685073,0.0011357382172718644,0.00018149663810618222,0.9839619398117065,0.005277529824525118
IL_6691109,0.0015709715662524104,0.1041703149676323,0.019316624850034714,0.00034239920205436647,0.0008342957589775324,0.0024763105902820826,0.0015750500606372952,0.0018546873470768332,0.000381877034669742,0.8663167953491211,0.1975114941596985
IL_6705688,0.0028548543341457844,0.8726910352706909,0.01228425744920969,0.0034024359192699194,0.0005897186347283423,0.015076132491230965,0.0012251654407009482,0.011405911296606064,0.004767702426761389,0.12001677602529526,0.007502587977796793
IL_6720101,0.01994962804019451,0.05985485389828682,0.00684584304690361,0.005311592947691679,0.004085476975888014,0.0024208631366491318,0.0019525439711287618,0.0036847861483693123,0.0023209278006106615,0.9544273614883423,0.08953648805618286
IL_6730800,0.007077718619257212,0.25096678733825684,0.00641479529440403,0.005773079115897417,6.067338472348638e-05,0.021196186542510986,0.014215848408639431,0.015137302689254284,9.300578676629812e-05,0.008466091938316822,0.007432993967086077
IL_6785749,0.008754072710871696,0.049290355294942856,0.002157469280064106,0.6792853474617004,0.00046110450057312846,0.0014051327016204596,0.004778670612722635,0.01421830803155899,0.0006702690152451396,0.06930437684059143,0.011414270848035812
IL_6799756,0.0020778970792889595,0.8303086161613464,0.0009412442450411618,0.036487653851509094,0.0006096328725107014,0.0013424245407804847,0.0036676479503512383,0.0002717086754273623,0.0011541491840034723,0.04565531015396118,0.008729149587452412
IL_6928115,0.005674910265952349,0.4720412790775299,0.0004446420061867684,0.00015764687850605696,2.5622032353567192e-06,0.0001066800468834117,0.0019074016017839313,2.228440462204162e-05,1.91648505278863e-05,0.3550412654876709,0.0009136151056736708
IL_6943589,0.002028167014941573,0.7045255303382874,0.001054820022545755,0.00021519693837035447,0.00044767971849069,0.005484614055603743,0.0022898875176906586,0.0012017212575301528,0.0004079056379850954,0.1364661306142807,0.009341321885585785
IL_6964671,0.018508896231651306,0.40925341844558716,0.00040983498911373317,0.0008884925628080964,9.807041351450607e-05,4.8991965741151944e-05,0.0014186464250087738,0.00038388147368095815,0.08307401835918427,0.049094513058662415,0.0036496419925242662
IL_7115582,0.00023547551245428622,0.22044338285923004,0.020661694929003716,0.013769413344562054,0.04305524379014969,0.005037358496338129,0.009316941723227501,0.07025588303804398,0.001772410934790969,0.15269483625888824,0.0044350409880280495
IL_7148487,0.006051903124898672,0.9660757780075073,0.00034324501757510006,0.00046054445556364954,0.0024702283553779125,0.00013491130084730685,0.002045747358351946,0.030478985980153084,0.00013277363905217499,0.004576359409838915,0.004082897212356329
IL_7214473,0.016666244715452194,0.3951112926006317,0.00025459827156737447,0.0013146644923835993,0.22121836245059967,0.0011363166850060225,0.0005520696868188679,0.004668846260756254,5.343866359908134e-05,0.05263957008719444,0.005240002181380987
IL_7218860,0.025665180757641792,0.014281262643635273,0.0009535567369312048,0.013285783119499683,0.00048304724623449147,0.0018638480687513947,0.004627097863703966,0.5622156858444214,0.01572295092046261,0.10751830041408539,0.008001052774488926
IL_7220515,0.0032652930822223425,0.8890266418457031,0.00016301797586493194,0.0011168831260874867,0.001933004823513329,0.0006784215802326798,0.010971549898386002,0.001671140780672431,0.00182341318577528,0.0057918657548725605,0.006260856054723263
IL_7336116,0.00508290296420455,0.007770099211484194,0.001446564681828022,0.0014634374529123306,0.003497407305985689,0.0017856410704553127,0.006948758382350206,0.04360729083418846,0.9545486569404602,0.002891713986173272,0.01483241468667984
IL_7352985,0.004381735343486071,0.28258222341537476,0.013757005333900452,0.01806698739528656,0.002328093396499753,0.014310276135802269,0.013630552217364311,0.0037655550986528397,0.010199856013059616,0.02176627889275551,0.009000987745821476
IL_7359666,0.04782094433903694,0.23704776167869568,0.0017207871424034238,0.0014450006419792771,0.019571559503674507,0.00398203544318676,0.0015513639664277434,0.016167428344488144,0.004015200771391392,0.5429967045783997,0.013601930812001228
IL_7360646,0.00010280848073307425,0.638629674911499,0.000608028145506978,9.818213584367186e-05,0.0007115984917618334,0.004123073536902666,0.00015525778871960938,0.23708301782608032,1.5368390450021252e-05,0.026861978694796562,0.008821530267596245
IL_7392612,0.08436745405197144,0.23371928930282593,0.0773802325129509,0.11576750874519348,0.09472543001174927,0.04863813519477844,0.027712946757674217,0.06632930785417557,0.15170630812644958,0.31225475668907166,0.0843309685587883
IL_7432503,0.012846055440604687,0.014986319467425346,0.018998492509126663,0.01549920067191124,0.01729082316160202,0.005097788292914629,0.0074928016401827335,0.17684787511825562,0.15505564212799072,0.016629289835691452,0.0169796422123909
IL_7433595,0.001282107550650835,0.45362305641174316,0.010030248202383518,0.00032786704832687974,0.001998339081183076,0.026800936087965965,0.003746595000848174,0.01405841950327158,0.029059331864118576,0.00018975685816258192,0.0014926687581464648
IL_7436788,0.29341769218444824,0.25265252590179443,0.003146706148982048,0.0012588384561240673,0.0004674681695178151,0.003119031200185418,0.005136583466082811,0.0025821798481047153,0.001185811124742031,0.18776960670948029,0.09658940881490707
IL_7451087,0.1420322060585022,0.08613377809524536,0.00021304104302544147,0.008373105898499489,0.0004166716244071722,0.005342437420040369,0.0011398716596886516,0.09028034657239914,0.00021953287068754435,0.10025354474782944,0.0010302754817530513
IL_7452804,0.02291511744260788,0.01966327801346779,0.010900743305683136,0.43392789363861084,0.0010629466269165277,0.003429090604186058,0.00549305509775877,0.019657088443636894,0.0022734683007001877,0.06059876084327698,0.004781138151884079
IL_7462703,0.003954858984798193,0.4286211431026459,0.0067711942829191685,0.0036384337581694126,0.04443861544132233,0.00922511238604784,0.003089283825829625,0.00147529027890414,0.000487103417981416,0.07018472999334335,0.00405719643458724
IL_7464129,0.0037946123629808426,8.020792301977053e-05,0.0004341137537267059,7.274277595570311e-05,0.0021819842513650656,0.0014091066550463438,0.0007446102099493146,0.03607182949781418,0.9861018657684326,0.0010270292405039072,0.0007366924546658993
IL_7475868,0.037033893167972565,0.850096583366394,0.0188957117497921,0.023995330557227135,0.015654079616069794,0.01172182522714138,0.005972016602754593,0.12164846807718277,0.010353801771998405,0.02889142371714115,0.021462537348270416
IL_7505442,0.07150202989578247,0.6622601747512817,0.0002033482596743852,0.0006154841976240277,0.0003292321052867919,0.000995637266896665,0.003215143922716379,0.0029188760090619326,0.0010181729448959231,0.00663083465769887,0.00019906085799448192
IL_7512996,0.008192301727831364,0.046849045902490616,0.00019794341642409563,0.004055233206599951,0.000756451569031924,0.00345372362062335,0.0003409854252822697,0.0004449591797310859,0.0003165398084092885,0.6953459978103638,0.001238386845216155
IL_7557824,0.005789999384433031,0.10290016978979111,0.13803717494010925,0.007682141847908497,0.0019207707373425364,0.008418504148721695,0.012336211279034615,0.016085801646113396,0.00601529935374856,0.18611674010753632,0.07070398330688477
IL_7559500,0.1781645119190216,0.014575432986021042,0.0009722965769469738,0.0030608053784817457,0.00018167775124311447,0.00028597371419891715,0.00960588175803423,0.004763269796967506,0.48599499464035034,0.007032016292214394,0.0005118269473314285
IL_7580080,0.0009930847445502877,0.03624459728598595,0.007649949286133051,0.00785687007009983,0.0016700408887118101,0.021274512633681297,0.0026460483204573393,0.005002180114388466,0.27156707644462585,0.011066277511417866,0.0017135447124019265
IL_7604960,0.09327976405620575,0.31065633893013,0.001345387427136302,0.0007409231620840728,0.0010666475864127278,0.0029343783389776945,0.002999443793669343,0.006255841813981533,0.0019845180213451385,0.36481428146362305,0.00823992770165205
IL_7612830,0.011829000897705555,0.8024592995643616,0.0011723717907443643,0.0011840076185762882,0.00014600882423110306,0.004310097545385361,0.000485828029923141,0.0005462627159431577,0.0003949924430344254,0.00931374728679657,0.0012859139824286103
IL_7636226,0.48199155926704407,0.443575918674469,0.00025141992955468595,0.0018285850528627634,1.5486133634112775e-05,0.0007961702067404985,0.0004153199552092701,0.0009142355993390083,0.0004897320177406073,0.003670454490929842,0.0009945346973836422
IL_7640681,0.0016871554544195533,0.7328518629074097,0.0009069286752492189,0.000538079475518316,2.2360038201441057e-05,0.0007056546746753156,0.0032228000927716494,0.033797167241573334,4.20110191043932e-05,0.004871252924203873,0.006264506373554468
IL_7667532,0.0009371481719426811,0.9952479004859924,0.0009008216438814998,0.0008405460976064205,0.0017625171458348632,0.0009581229533068836,0.000867254682816565,0.003977929707616568,0.0003490287344902754,0.005142503883689642,0.002409361070021987
IL_7720827,0.000597135629504919,0.050639841705560684,0.006602720357477665,0.002184945158660412,0.025550125166773796,0.03509825840592384,0.006034903693944216,0.8137256503105164,0.00022415867715608329,0.10735590010881424,0.0015647925902158022
IL_7744265,0.012475639581680298,0.9026656150817871,0.009605509229004383,0.0029762492049485445,0.008380080573260784,0.007492060773074627,0.018557755276560783,0.021602388471364975,0.00034370049252174795,0.007802975829690695,0.012388083152472973
IL_7750228,0.0005963703151792288,0.8833109736442566,0.0011873862240463495,0.009095435962080956,0.0020932506304234266,0.005818208213895559,0.006420536432415247,0.011264506727457047,0.0014334501465782523,0.029762201011180878,0.0029641559813171625
IL_7772384,0.031302351504564285,0.3100065290927887,0.001648368313908577,0.008623338304460049,0.002073249313980341,0.0020957074593752623,0.004337047692388296,0.0007079559727571905,0.0012438434641808271,0.44860967993736267,0.009433521889150143
IL_7777526,0.008682730607688427,0.02454584464430809,0.08678120374679565,0.20351837575435638,0.001492273760959506,0.06819076091051102,0.05980195105075836,0.01634744182229042,0.024939818307757378,0.38610514998435974,0.014104487374424934
IL_7780812,0.012231736443936825,0.8929281234741211,0.0020685377530753613,0.000877445621881634,0.0066480995155870914,0.013916263356804848,0.006765878759324551,0.0021293864119797945,0.0003620598290581256,0.022647080942988396,0.00687403092160821
IL_7814962,0.00010214564827037975,0.854389488697052,0.001008323859423399,0.004610324744135141,8.729622641112655e-05,0.006357552949339151,0.004308235831558704,0.00020790965936612338,0.0003091625403612852,0.0001716022816253826,0.004077435005456209
IL_7839360,0.000792231410741806,0.012086262926459312,0.005308291409164667,0.0007576827774755657,0.007004952989518642,0.001010172301903367,0.028378993272781372,0.0048910207115113735,0.0005199819570407271,0.2267560362815857,0.9998501539230347
IL_7845741,0.00048507138853892684,0.972620964050293,0.0007254653028212488,0.000711674802005291,0.0012743966653943062,0.0015994772547855973,0.0018560623284429312,0.013503585942089558,3.7962345231790096e-05,0.0023515208158642054,0.003006493439897895
IL_7858220,0.0011107746977359056,0.8893742561340332,0.0008323582587763667,0.000270345073658973,0.00034257760853506625,0.0013386185746639967,0.001757354475557804,0.014502461068332195,0.00035982736153528094,0.10604078322649002,0.007704379968345165
IL_7877903,0.2922714650630951,0.005702656228095293,0.017586659640073776,0.03922830522060394,0.0008532492793165147,0.04803290218114853,0.002652195282280445,0.025521673262119293,0.31798213720321655,0.0015547393122687936,0.0015423467848449945
IL_7896836,0.21983914077281952,0.27603042125701904,0.0021616739686578512,0.13284476101398468,0.0010329565266147256,0.0019957255572080612,0.002231452614068985,0.005243202205747366,0.007818681187927723,0.05659334734082222,0.010308250784873962
IL_7914681,0.001095060259103775,0.11666223406791687,0.006700641009956598,0.0012355567887425423,0.002427011029794812,0.0030721784569323063,0.02225499600172043,0.006211538799107075,0.0006603306974284351,0.950904130935669,0.0008758398471400142
IL_7917684,0.006949989125132561,0.0073438240215182304,0.0814329981803894,0.035657867789268494,0.0005691685364581645,0.13043193519115448,0.0570378378033638,0.03955391049385071,0.06269357353448868,0.0460006520152092,0.06181870400905609
IL_7919145,0.027309125289320946,0.008870906196534634,0.18571236729621887,0.025447627529501915,9.369933104608208e-05,0.004611762706190348,0.0013717800611630082,0.005624371115118265,0.008408351801335812,0.33465123176574707,0.002720516873523593
IL_7944285,0.0002200158778578043,0.16320306062698364,0.0005317594623193145,0.2659113109111786,3.399264460313134e-05,0.00043740984983742237,0.0004889658303000033,0.0009396913810633123,0.022361518815159798,0.0004604812420438975,0.007282976061105728
IL_7945525,0.006645458750426769,0.1345263123512268,0.006714352406561375,0.0015984595520421863,0.017817344516515732,0.06348997354507446,0.002743234159424901,0.009000672027468681,7.680126145714894e-05,0.10422709584236145,0.03100496530532837
IL_7955621,0.039347343146800995,0.8233695030212402,0.02820447087287903,0.009306587278842926,0.0063401139341294765,0.017390236258506775,0.012958603911101818,0.0261679720133543,0.01548114512115717,0.014463388361036777,0.054184675216674805
IL_7983237,0.010422823019325733,0.005222178529947996,0.00619901530444622,0.0022389807272702456,0.0005907262093387544,0.014077974483370781,0.0020762337371706963,0.8226827383041382,0.0018689166754484177,0.017116544768214226,0.2981487512588501
IL_7988157,0.006021886132657528,0.05364944413304329,0.24938257038593292,0.4571199417114258,0.017608430236577988,0.46340417861938477,0.01795809343457222,0.0015256868209689856,0.002519619883969426,0.014338364824652672,0.017162136733531952
IL_8041132,0.0016876653535291553,0.14013859629631042,0.005095975007861853,0.059441275894641876,0.0028024339117109776,0.006086498498916626,0.0026960738468915224,0.0027598210144788027,0.003908224403858185,0.8061995506286621,0.015491766855120659
IL_8073225,0.001352849998511374,0.023143701255321503,0.0004626251757144928,0.005465664900839329,0.002671487396582961,0.0016442248597741127,0.0017266299109905958,0.0002478885871823877,0.003046890255063772,0.9483399987220764,0.21691468358039856
IL_8136561,0.042742807418107986,0.3502747416496277,4.652623465517536e-05,0.003460100619122386,0.00012996488658245653,0.0008971486822701991,0.0012189982226118445,0.0012089544907212257,0.004260392393916845,0.056088533252477646,0.04186534881591797
IL_8138997,0.020922867581248283,0.5161124467849731,0.00035088558797724545,0.009078918024897575,0.24477791786193848,0.00021699545322917402,0.0002467390731908381,3.428470517974347e-05,6.256081542233005e-05,0.004245405551046133,0.0005397052154876292
IL_8139746,0.005487570073455572,0.6499900817871094,0.009022482670843601,0.007985716685652733,0.0019658668898046017,0.010893307626247406,0.0016406805953010917,0.005429857410490513,0.004055941943079233,0.12537069618701935,0.011954781599342823
IL_8183381,0.0027794574853032827,0.08828192204236984,0.006084929220378399,0.007900262251496315,0.001821069628931582,0.001386677147820592,0.00040414751856587827,0.0029649536591023207,0.00019811846141237766,0.6503011584281921,0.0028957107570022345
IL_8191336,0.004455852787941694,0.7057831287384033,0.0015788052696734667,0.012613184750080109,0.00421205023303628,0.04078362509608269,0.004711801186203957,0.0033440429251641035,0.0021816676016896963,0.0027229292318224907,0.04807520657777786
IL_8258340,0.0012774463975802064,0.01589544676244259,0.00029206313774921,0.000810181547421962,0.0012990952236577868,0.0008771840366534889,0.0015842777211219072,0.0005639225128106773,0.000350949470885098,0.9937738180160522,0.002335034776479006
IL_8288616,0.24411801993846893,0.19557155668735504,0.0006067791255190969,0.006471664644777775,0.0017826070543378592,0.002030344447121024,0.0004646145389415324,0.004169218707829714,0.0015405581798404455,0.04304388165473938,0.003830290399491787
IL_8295267,0.004008101765066385,0.017663326114416122,0.00016926736861933023,0.08003102242946625,0.0002212671679444611,0.0003595487214624882,0.0018610566621646285,0.0015799151733517647,0.011339645832777023,0.5635794997215271,0.01047277171164751
IL_8342281,0.016211258247494698,0.00199730577878654,0.00198159902356565,0.0016362523892894387,0.021726151928305626,0.28615042567253113,0.0007446712115779519,0.002464904449880123,0.00019529147539287806,0.3325272500514984,0.0013441982446238399
IL_8371338,0.010972505435347557,0.008697567507624626,0.00011590353824431077,0.0006705085979774594,0.00035731145180761814,0.00012849344057030976,0.0011650348315015435,0.00023703789338469505,0.03317217528820038,0.9872249960899353,0.004548246506601572
IL_8415316,0.0005885341670364141,0.7505378723144531,0.007864657789468765,0.004341647960245609,0.0011827371781691909,0.0053512598387897015,0.015820909291505814,0.0032034500036388636,7.095888577168807e-05,0.07533080130815506,0.00954208243638277
IL_8416177,0.005059839691966772,0.03500747308135033,0.00018531372188590467,0.0014379376079887152,0.001256388146430254,0.010604779236018658,0.0007170119206421077,0.10712230205535889,0.0009947584476321936,0.32372865080833435,0.006504889577627182
IL_8416753,0.0016621756367385387,0.7894860506057739,0.002748842816799879,0.0029196550603955984,0.00025620104861445725,0.26466497778892517,0.002436613431200385,0.010251461528241634,0.00022181829262990505,0.002175255911424756,0.0006625006790272892
IL_8449784,0.04126499593257904,0.9535852074623108,0.007005589548498392,0.009625094011425972,0.0009837703546509147,0.0012359757674857974,0.016395624727010727,0.000671515183057636,0.0029875447507947683,0.001307574799284339,0.004728207364678383
IL_8456893,0.22771161794662476,0.2743181586265564,0.00038149007013998926,0.0008368630660697818,2.6477839128347114e-05,0.0006538457237184048,0.0032363601494580507,0.00922129862010479,0.0007615666836500168,0.005196906626224518,0.003986290656030178
IL_8510989,0.0005455594509840012,0.3187333941459656,0.0026798818726092577,0.0015667352126911283,0.00019194856577087194,0.02637176588177681,0.007550978567451239,0.0014982346910983324,9.326271538157016e-05,0.2654198706150055,0.01110811810940504
IL_8524892,0.0008405624539591372,0.8738116025924683,0.00041909300489351153,0.0067795654758811,5.494441938935779e-05,0.0030499380081892014,6.7378074163571e-05,0.00010633898637024686,0.00018015816749539226,0.05469311773777008,0.0027675617020577192
IL_8562073,0.004730353131890297,0.6584299206733704,0.0002863895206246525,0.0030215915758162737,6.042532913852483e-05,0.0007868572720326483,0.0008876078645698726,0.0005428505246527493,0.1231970563530922,0.0007161422399803996,0.0052536530420184135
IL_8576492,0.026682347059249878,0.017588365823030472,2.878337909351103e-05,0.002454920206218958,0.0001451401476515457,0.0005029679741710424,0.0006130335386842489,0.0017397832125425339,0.0013132871827110648,0.9839754104614258,0.0074118878692388535
IL_8579370,0.0026506115682423115,0.10141725093126297,0.02154385671019554,0.22882996499538422,4.813251507584937e-05,0.0007986439159139991,0.005005219019949436,0.001769687281921506,0.0022686601150780916,0.02974686771631241,0.0023705875501036644
IL_8580922,0.010897845029830933,0.30270078778266907,0.0004825647047255188,0.019515549764037132,0.08139229565858841,0.0001417972525814548,0.0021265391260385513,0.0022180068772286177,0.0002777249610517174,0.06077851727604866,0.000879118510056287
IL_8587951,0.07496147602796555,0.019239958375692368,0.026726512238383293,0.28535425662994385,0.009703650139272213,0.005380465183407068,0.0051668924279510975,0.01067484263330698,0.14572273194789886,0.09806530922651291,0.004325410816818476
IL_8698362,0.00628003291785717,0.010482605546712875,0.02212625741958618,0.006304137874394655,0.004743807949125767,0.03169763833284378,0.0035982069093734026,0.055526211857795715,0.9162747263908386,0.013856256380677223,0.006622851826250553
IL_8706018,0.0012939686421304941,0.9897398948669434,0.00010941454820567742,0.0003947440127376467,0.001051008002832532,0.00027778136427514255,0.00020306537044234574,0.0009311744943261147,4.5196178689366207e-05,0.000628960260655731,0.0009435383253730834
IL_8779223,0.006380852311849594,0.35346677899360657,0.0003083827323280275,0.006058325991034508,0.0006758879753760993,6.912005483172834e-05,0.00048246074584312737,0.010888668708503246,0.0005409421864897013,0.47869887948036194,0.004431865178048611
IL_8807227,0.0006483584293164313,0.8507193922996521,0.005905456840991974,0.0006153079448267817,0.004476560279726982,0.0020399834029376507,0.030026720836758614,0.007635299116373062,0.00042135253897868097,0.017380191013216972,0.1268182098865509
IL_8864283,0.0008675848366692662,0.0013818672159686685,0.0005166225600987673,0.00011261413601459935,0.00023868637799751014,0.00012506161874625832,0.0005886200233362615,5.425257040769793e-05,0.9997703433036804,0.016392242163419724,0.003601471893489361
IL_8869852,0.0005722874775528908,0.9916967153549194,0.0004855217703152448,0.0003591864660847932,0.010333169251680374,0.0031780225690454245,0.008447798900306225,0.0009082178585231304,5.9417659940663725e-05,0.0009472073870711029,0.005204247776418924
IL_8892064,0.00171158357989043,0.04230237007141113,0.017069365829229355,0.03559287264943123,0.027088673785328865,0.01118884515017271,0.014076042920351028,0.004446608014404774,0.005015407223254442,0.9779240489006042,0.00726321479305625
IL_8894007,0.004632164258509874,0.011064586229622364,0.0011073474306613207,0.000857068516779691,0.00010265780292684212,0.0019574835896492004,0.0005058662500232458,0.9768845438957214,0.0010859365575015545,0.020297586917877197,0.0024604625068604946
IL_8908749,0.002279999665915966,0.015257580205798149,0.002766543300822377,0.009249048307538033,0.0006021414883434772,0.0004996262723580003,0.0009529726812615991,0.003857528558000922,0.0018632891587913036,0.9794678092002869,0.00868289079517126
IL_8914785,0.008204065263271332,0.09234029054641724,0.00047566110151819885,0.0033379951491951942,0.0005709226825274527,0.006885782349854708,0.0015073888935148716,0.000950581394135952,0.0004013140278402716,0.3203335106372833,0.0004108545836061239
IL_8947300,0.023036792874336243,0.3153338134288788,0.0006192252039909363,0.0004553254693746567,0.006632847711443901,0.00018046471814159304,0.00035335388383828104,0.003946293145418167,0.0006502210744656622,0.08848191052675247,0.011676318943500519
IL_8974391,0.0019963907543569803,0.04317028447985649,0.05196459963917732,0.30613332986831665,0.0005993627128191292,0.03332395851612091,0.004893895238637924,0.0007188445306383073,0.0004178210801910609,0.10811932384967804,0.014650928787887096
IL_9036064,0.0014129065675660968,0.6057272553443909,0.000110514389234595,0.07805541157722473,0.00031728000612929463,0.0010913131991401315,0.001232816488482058,0.0006589429685845971,0.0023936349898576736,0.0005170373478904366,0.2216617316007614
IL_9058117,0.04086456820368767,0.46510523557662964,0.0028862841427326202,0.0853792354464531,0.0075289118103682995,0.04585602879524231,0.021840205416083336,0.014245140366256237,0.0009353020577691495,0.03816010057926178,0.006488989107310772
IL_9061839,0.011310319416224957,0.0746098980307579,0.0021036542020738125,3.447104973020032e-05,0.00015450695354957134,0.0005789166316390038,0.0006673997268080711,0.004343726206570864,3.745077265193686e-05,0.9504337310791016,0.002567991381511092
IL_9079153,0.010625006631016731,0.6886704564094543,0.008934048004448414,0.0005617287824861705,0.00010245400335406885,0.0010195266222581267,0.0006073502008803189,0.0009191585704684258,0.0003255460178479552,0.03152468800544739,0.003083897288888693
IL_9143254,0.026654066517949104,0.027920957654714584,0.0025070258416235447,0.04055192321538925,0.0011942066485062242,0.0011070885229855776,0.0033400550018996,0.007517155725508928,0.003168304916471243,0.8831444978713989,0.004784370306879282
IL_9155981,0.13493937253952026,0.15048424899578094,0.0016519591445103288,0.05348226800560951,0.05634208396077156,0.01116145122796297,0.005948141682893038,0.00426601804792881,0.0031150185968726873,0.016560537740588188,0.019936244934797287
IL_9157122,0.0031164539977908134,0.4287410378456116,0.0002024781861109659,0.0016693939687684178,0.00029809057014063,7.701144932070747e-05,0.00029151231865398586,0.0019100542413070798,0.0059244465082883835,0.007477254141122103,0.00014152222138363868
IL_9227624,0.002192089566960931,0.8906754851341248,0.0037725430447608232,0.005142935086041689,0.003157232655212283,0.009522242471575737,0.003861118108034134,0.001371258171275258,0.0015005612513050437,0.03836585953831673,0.057294268161058426
IL_9237017,0.0018202316714450717,0.023779254406690598,0.0008423669496551156,0.0037592730950564146,0.00381248677149415,0.0012561039766296744,0.0015199397457763553,0.0017438825452700257,0.0008904914138838649,0.9947484135627747,0.01650514081120491
IL_9273684,0.0001202458151965402,0.32162824273109436,0.0009075630805455148,0.1218298077583313,3.289073720225133e-05,0.0011507197050377727,0.02234990894794464,0.09727679938077927,0.0003705315466504544,0.018898796290159225,0.000153193119331263
IL_9311083,0.007197133265435696,0.7722064256668091,0.0022985481191426516,0.013701741583645344,0.013630768284201622,0.0111544756218791,0.02301221713423729,0.0469776913523674,0.0007342681055888534,0.007355098146945238,0.005464351270347834
IL_9322263,0.014792577363550663,0.004671987146139145,0.0013038550969213247,8.52476732688956e-05,0.00042012700578197837,0.0007881366764195263,0.000629018060863018,0.054210834205150604,0.6752297878265381,0.07607271522283554,0.002671820344403386
IL_9341332,0.002003404777497053,0.9636821150779724,0.04227764159440994,0.006777934730052948,0.0017961714183911681,0.01983524113893509,0.021565008908510208,0.005310628097504377,0.003564386395737529,0.005011240020394325,0.020570529624819756
IL_9345649,0.005378135945647955,0.7743095755577087,6.581849447684363e-05,0.0023027018178254366,0.0010151519672945142,0.00038341584149748087,0.001487956615164876,0.09547050297260284,0.00019834944396279752,0.009770543314516544,0.0013230880722403526
IL_9406058,0.00027182939811609685,0.014085236936807632,0.0012411588104441762,0.7489596605300903,0.0008990543428808451,0.0006534047424793243,0.0019065674860030413,0.0012055098777636886,0.0021449357736855745,0.12893187999725342,0.0019797920249402523
IL_9407964,0.001013895496726036,0.49107626080513,0.0009785984875634313,0.018968312069773674,0.0005541919963434339,0.030295781791210175,0.0029960363171994686,0.0014066421426832676,0.003499859245494008,0.14849057793617249,0.026153668761253357
IL_9409250,0.0027074285317212343,0.013079608790576458,0.005942624062299728,0.1774510145187378,0.007103900890797377,0.08432357013225555,0.008567648939788342,0.010387368500232697,0.0008397718775086105,0.9260798096656799,0.024497440084815025
IL_9427286,0.009181015193462372,0.07645602524280548,0.007180630695074797,0.07246753573417664,0.0030413568019866943,0.026682453230023384,0.02553391270339489,0.09168863296508789,0.0011115050874650478,0.6600199937820435,0.008473584428429604
IL_9436519,0.00047919811913743615,0.03251050412654877,0.00024235596356447786,0.00044236434041522443,0.00017644508625380695,0.00117623305413872,0.0012949383817613125,0.4458733797073364,0.19183389842510223,0.005905887112021446,0.004029368981719017
IL_9503512,0.001410541939549148,0.3420046269893646,0.001424057874828577,0.0002493796346243471,0.0005695514264516532,0.00021426964667625725,0.004677485208958387,0.0030318896751850843,0.0006223829695954919,0.40971866250038147,0.0070047806948423386
IL_9521484,0.009617211297154427,0.10667875409126282,0.0006636581383645535,0.004826633259654045,0.006753022316843271,0.0019114746246486902,0.013095337897539139,0.0059246462769806385,0.005291895475238562,0.9180368781089783,0.0033642789348959923
IL_9540224,0.0020248224027454853,0.9743510484695435,0.00038302625762298703,0.0009676421177573502,0.001214321586303413,0.0006363103166222572,0.0059095644392073154,0.006448319647461176,5.1611539674922824e-05,0.006622816901654005,0.007302200421690941
IL_9561518,0.0011147343320772052,0.015547829680144787,0.00022519100457429886,0.006829874590039253,0.00021611276315525174,0.0007549810106866062,0.0021767800208181143,0.001151482341811061,0.004155056085437536,0.9969832301139832,0.0075863259844481945
IL_9572511,0.002901047933846712,0.23912014067173004,0.0013291345676407218,0.32600027322769165,0.003213318297639489,0.0019270549528300762,0.00046506410581059754,0.006564040668308735,0.00046533282147720456,0.059348948299884796,0.015699021518230438
IL_9601760,0.0022007194347679615,0.41568228602409363,0.004232916049659252,0.008789471350610256,0.011492574587464333,0.0021159781608730555,0.03544565662741661,0.002684453036636114,0.018234407529234886,0.02973371185362339,0.011843590997159481
IL_9615893,0.00030670122941955924,0.9800294041633606,0.00024221021158155054,0.002355684759095311,1.1776453902712092e-05,0.0015770377358421683,0.000710334861651063,9.402747309650294e-06,1.5112809705897234e-05,0.0007124473922885954,0.0010505685349926353
IL_9620950,0.14759697020053864,0.3320312201976776,0.0023105423897504807,0.038038697093725204,0.002258515451103449,0.001981200184673071,0.004101527854800224,0.005570852663367987,0.006013235542923212,0.2796744406223297,0.014714911580085754
IL_9623576,0.42817336320877075,0.0404193140566349,0.0007150463643483818,0.004002944100648165,0.0004231584316585213,0.0004519717185758054,0.001026366138830781,3.32469935528934e-05,0.0015767118893563747,0.34428587555885315,0.0039557660929858685
IL_9647002,0.0007153847254812717,0.7725940346717834,0.0013015114236623049,0.000348929112078622,0.007628758437931538,0.05010121688246727,0.011170032434165478,0.0020424381364136934,0.008217115886509418,0.01687006838619709,0.028986087068915367
IL_9655170,0.17188768088817596,0.04503978043794632,0.0003990761179011315,0.001631257706321776,0.0029468629509210587,0.00031464878702536225,0.0006695747724734247,0.0006360920378938317,0.0005190297379158437,0.7426894903182983,0.013898495584726334
IL_9669202,0.01700030080974102,0.5051680207252502,0.0009624684462323785,0.0006154360598884523,0.0007185996510088444,0.003260899567976594,0.0006390534690581262,0.0008745777304284275,0.0030620512552559376,0.586089015007019,0.00982419028878212
IL_9675212,0.015700576826930046,0.26177340745925903,0.006294079590588808,0.004517062101513147,0.0012972219847142696,0.00011301421909593046,0.00040985611849464476,0.36340415477752686,0.0019594929181039333,0.012786366045475006,0.0014059324748814106
IL_9675469,0.009975400753319263,0.2338409721851349,0.008340009488165379,0.1253664642572403,0.007967235520482063,0.008791034109890461,0.007001808844506741,0.002089151879772544,0.0035153080243617296,0.40336477756500244,0.03290967270731926
IL_9692632,0.08000706881284714,0.0018981528701260686,0.0036163516342639923,7.053822628222406e-05,0.00011604895553318784,0.00017485933494754136,0.0082693574950099,0.002930563874542713,0.0010922710644081235,0.9839305281639099,0.043105773627758026
IL_9693077,0.00018578892922960222,0.01386247482150793,0.03426153585314751,0.002658769953995943,0.0036427818704396486,0.1202140524983406,0.014212808571755886,0.04996194317936897,0.037378933280706406,0.00550640607252717,0.7404084205627441
IL_9695113,0.00010115656186826527,0.9453085064888,0.00027736087213270366,0.0004941837978549302,3.0960403819335625e-05,0.00011252128751948476,0.0008158769924193621,0.0005179669242352247,5.213256736169569e-05,0.011096784844994545,0.003703357418999076
IL_9696386,0.2355860322713852,0.17334416508674622,0.0005838922807015479,0.06540697813034058,0.005989287979900837,0.0004334486147854477,0.000560779997613281,0.00048342766240239143,0.0002547653566580266,0.0024270941503345966,0.022701872512698174
IL_9697828,0.014517182484269142,0.020262740552425385,0.044418465346097946,0.303533136844635,0.0022039792966097593,0.018156515434384346,0.007178305648267269,0.006605019327253103,0.0034435780253261328,0.8342819213867188,0.1845722645521164
IL_9702105,0.05097067356109619,0.44990214705467224,3.4117289033019915e-05,0.0019765133038163185,0.008620456792414188,0.0017499526729807258,0.01597553677856922,0.0014252897817641497,0.0005890976171940565,0.06776919960975647,0.0012483715545386076
IL_9713310,0.00015794779756106436,0.1662401258945465,0.0005594919784925878,0.02463586814701557,1.5260853615473025e-05,2.0098485038033687e-05,0.0014864320401102304,0.00012448029883671552,0.0005237282603047788,0.464187353849411,7.905454549472779e-05
IL_9722277,0.01062167901545763,0.009287035092711449,0.00346651254221797,0.016165753826498985,0.010423718020319939,0.013021575286984444,0.0004967920831404626,0.04120607301592827,0.6184101104736328,0.08932748436927795,0.0041084326803684235
IL_9728655,0.034951500594615936,0.1424267292022705,0.007157198619097471,0.13062269985675812,0.009360553696751595,0.017130861058831215,0.013840700499713421,0.02329201251268387,0.00931929238140583,0.3836425244808197,0.04220454394817352
IL_9747613,0.003114854684099555,0.5383408069610596,0.0008883384289219975,0.015573189593851566,0.00015110387175809592,0.000761734030675143,0.004432578105479479,0.003490088041871786,0.0006994571886025369,0.014656877145171165,0.001031300751492381
IL_9776207,0.0026562383864074945,0.022258851677179337,0.02356375940144062,0.0009243141976185143,0.003630587365478277,0.07866913080215454,0.0006313283229246736,0.10702938586473465,0.0029219489078968763,0.0010606424184516072,0.05050072818994522
IL_9785286,0.017434069886803627,0.0115025844424963,0.002610796829685569,0.009179453365504742,0.0064159841276705265,0.002102469326928258,0.002384416526183486,0.0036850369069725275,0.9272861480712891,0.001395489787682891,0.00021493651729542762
IL_9794109,0.008238925598561764,0.004889166913926601,0.07371106743812561,0.029332982376217842,0.008608601987361908,0.0037142198998481035,0.007261681370437145,0.10061648488044739,0.7987910509109497,0.03034166432917118,0.0030663046054542065
IL_9810905,0.012789122760295868,0.47195929288864136,0.0014491532929241657,0.004539823159575462,0.0001722756278468296,0.0048505207523703575,0.028041524812579155,0.0052137114107608795,5.246632645139471e-05,0.005998012609779835,0.002334285294637084
IL_9831983,0.001097356085665524,0.5896279811859131,0.015064503997564316,0.002115685259923339,0.00030473817605525255,0.00044984385021962225,0.0015346185537055135,0.0015664002858102322,0.0012971052201464772,0.0017656886484473944,0.0004280348075553775
IL_9896495,0.006871693301945925,0.14171570539474487,9.849599155131727e-05,0.005535272415727377,0.0005016557988710701,0.002422157907858491,0.0003786667948588729,0.002130385721102357,0.028982648625969887,0.32104140520095825,0.006242185365408659
IL_9908692,0.0009633757290430367,0.9527626037597656,0.0044259000569581985,0.0018580774776637554,0.0026346994563937187,0.0009794061770662665,0.0030453712679445744,0.00292203389108181,0.0006528952508233488,0.12146016210317612,0.006941073574125767
IL_9914512,0.02230207808315754,0.37260955572128296,0.00368054723367095,0.005253665614873171,0.0003514892014209181,0.0015575019642710686,0.007549538277089596,0.03206326439976692,0.0006601435015909374,0.06221703067421913,0.0005891983746550977
IL_9931816,0.0007665856392122805,0.0035561637487262487,0.0007233100477606058,0.0014459105441346765,8.915604848880321e-05,0.002297216560691595,0.002228351542726159,0.11125869303941727,0.8655859231948853,0.0006642889929935336,0.0007524638785980642
IL_9962396,0.08553986251354218,0.029143881052732468,0.006813472602516413,0.05749618634581566,0.00136868457775563,0.004481146112084389,0.0010773784015327692,0.03797965869307518,0.006091167684644461,0.7661851048469543,0.0013733028899878263
